GCA_004365145.1_OryAfe_v1_BIUU	aardvark (BS58 2019 Broad)
GCA_027172205.1_rPodRaf1.pri	Aeolian wall lizard (La Canna islet primary hap 2022 genbank)
GCF_001663975.1_Xenopus_laevis_v2	African clawed frog (2016)
GCA_011762505.1_mArvNil1.pat.X	African grass rat (v1 paternal X 2020 genbank)
GCA_000005575.1_AgamP3	African malaria mosquito (PEST 2006)
GCA_000001905.1_Loxafr3.0	African savanna elephant (2009 genbank)
GCF_003710045.1_USU_Nmel_1.2	alkali bee (v1.2 Touchet_males 2018)
GCA_000767525.1_Vi_pacos_V1.0	alpaca (2015 BGI)
GCF_000164845.3_VicPac3.1	alpaca (v3.1 Carlotta AHFN-0088 2019 Deakin U)
GCF_001458135.1_marMar2.1	Alpine marmot (2015)
GCA_030867065.1_rAllMis1	American alligator (2023 genbank)
GCA_030867095.1_rAllMis1	American alligator (chrom assembly 2023 genbank)
GCA_004027675.1_CasCan_v1_BIUU	American beaver (US014 2019 Broad)
GCA_000754665.1_Bison_UMD1.0	American bison (2014 genbank)
GCA_000292845.1_OchPri3.0	American pika 3.0 (2012 Broad genbank)
GCA_035083965.1_klBraLanc5.hap2	amphioxus (hap2 2024 genbank)
GCF_000764305.1_Hazt_2.0	amphipods H.azteca (HAZT.00-mixed v2.0 2016)
GCA_000464555.1_PanTig1.0	Amur tiger (TaeGuk 2013 genbank)
GCA_003957555.2_bCalAnn1_v1.p	Anna's hummingbird (BGI_N300 2019 genbank)
GCF_001594065.1_Ccosl1.0	ant C.costatus (v1 MS0001 2016)
GCF_005281655.1_TAMU_Nfulva_1.0	ant N.fulva (TAMU-Nful-2015 v1.0 2019)
GCF_001594075.1_Tcor1.0	ant T.cornetzi (Tcor2-1 v1.0 2016 BGI)
GCA_004936735.2_CCh_genotype_I	apicomplexans C.sp. chipmunk genotype I (37763 2021 genbank)
GCA_000499545.1_ETH001	apicomplexans E.tenella (Houghton 2013)
GCA_002114115.1_ASM211411v1	apple (Golden Delicious X9273 #13 2017 genbank)
GCA_000767585.1_PRJNA234474_Ca_dromedarius_V1.0	Arabian camel (2014 genbank)
GCA_004023825.1_VulLag_v1_BIUU	Arctic fox (US066 2019 Broad)
GCF_000149645.2_ASM14964v3	ascomycetes A.fischeri (v3 NRRL 181 2006)
GCA_000149205.2_ASM14920v2	ascomycetes A.nidulans (FGSC A4 2012 genbank)
GCF_000002855.3_ASM285v2	ascomycetes A.niger CBS 513.88 (v3 2007)
GCF_004011695.1_Arabiei_Me14	ascomycetes A.rabiei (Mel4 2019)
GCA_000003525.2_BD_ER3_V1	ascomycetes B.dermatitidis (ER-3 2009 genbank)
GCA_000003855.2_BD_SLH14081_V1	ascomycetes B.gilchristii (SLH14081 2009 genbank)
GCA_000151335.1_JCVI-cpa1-1.0	ascomycetes C.posadasii (C735 delta SOWgp 2009 genban)
GCA_000271745.2_FO_FOSC_3_a_V1	ascomycetes F.oxysporum (NRRL 32931 2014 genbank)
GCA_000184105.1_Geom_destructans_V1	ascomycetes P.destructans (20631-21 2010 genbank)
GCA_000315645.2_PdigPd1_v1	ascomycetes P.digitatum (Pd1 2012 genbank)
GCA_004337985.1_PpBr36	ascomycetes P.pennisetigena (Br36 2019 genbank)
GCA_000226395.1_PenChr_Nov2007	ascomycetes P.rubens (Wisconsin 54-1255 2008 genbank)
GCA_000968595.1_ASM96859v1	ascomycetes R.enersibuu (CBS 393.64 2015 genbank)
GCF_000182805.2_ASM18280v2	ascomycetes S.macrospora (v2 k-hell 2012)
GCA_000961545.1_S_schenckii_v1	ascomycetes S.schenckii (1099-18 2015 genbank)
GCA_000001985.1_JCVI-PMFA1-2.0	ascomycetes T.marneffei (ATCC 18224 2008 genbank)
GCA_000219625.1_MYCGR_v2.0	ascomycetes Z.tritici (IPO323 2011 genbank)
GCF_004193835.1_ASM419383v1	Asian corn borer (v1 ACB-3 2019)
GCF_004193835.2_ASM419383v2	Asian corn borer (v2 ACB-3 2019)
GCF_000836235.1_Pxut_1.0	Asian swallowtail (v1 2015)
GCA_001876365.2_canu_80X_arrow2.2	Asian tiger mosquito (C6/36 2017 genbank)
GCA_006496715.1_Aalbo_primary.1	Asian tiger mosquito (v1 FPA 2019 genbank
GCF_006496715.1_Aalbo_primary.1	Asian tiger mosquito (v1 FPA 2019 refseq)
GCA_004024905.1_TapInd_v1_BIUU	Asiatic tapir (BS100 BIUU 2019)
GCA_001305755.1_ASM130575v1	ass (Maral har 2015 genbank)
GCA_009819705.1_fHipHip1.pri	Atlantic halibut (primary hap 2019 genbank)
GCF_900700415.1_Ch_v2.0.2	Atlantic herring (v1)
GCA_905237065.2_Ssal_v3.1	Atlantic salmon (genbank 2021)
GCA_030144855.1_sHypSab1.hap1	Atlantic stingray (hap1 2023 genbank)
GCF_000002995.3_ASM299v2	B.malayi (v3 2008 agent of lymphatic filariasis)
GCA_000767855.1_Ca_bactrianus_MBC_1.0	Bactrian camel (Alxa 2014 genbank)
GCA_036971685.1_bPatFas1.hap2	band-tailed pigeon (v1 hap2 2024 genbank)
GCA_017976425.1_fToxJac2.pri	banded archerfish (primary hap 2021 genbank)
GCF_902150015.1_genome_assembly_l500	barn owl (2020)
GCF_000687205.1_ASM68720v1	barn owl BGI_N341 (2014)
GCA_015227805.2_bHirRus1.pri.v2	barn swallow (bHirRus1 v2 primary hap genbank 2021)
GCF_015227805.1_bHirRus1.pri.v2	barn swallow (v2 primary hap 2021 refseq)
GCA_015227805.3_bHirRus1.pri.v3	barn swallow (v3 primary hap 2021 genbank)
GCF_001640805.1_ASM164080v1	barramundi perch (ASB-BC8 2016)
GCF_000300575.1_Agabi_varbisH97_2	basidiomycetes A.bisporus (H97 2012)
GCA_000182895.1_CC3	basidiomycetes C.cinerea (okayama7#130 2010 genbank)
GCA_001720195.2_ASM172019v2	basidiomycetes C.depauperatus (CBS 7841 2024 genbank)
GCA_000091045.1_ASM9104v1	basidiomycetes C.neoformans (JEC21 2005 genbank)
GCA_000512585.3_ASM51258v3	basidiomycetes K.bestiolae (CBS 10118 2024 genbank)
GCF_000512585.1_Cryp_best_CBS10118_V1	basidiomycetes K.bestiolae (v1 CBS 10118 2016)
GCA_000512565.3_ASM51256v3	basidiomycetes K.dejecticola (CBS 10117 2024 genbank)
GCF_000512565.1_Cryp_deje_CBS10117_V1	basidiomycetes K.dejecticola (v1 CBS 10117 2016)
GCF_000507465.1_Kwon_mang_CBS8507_V2	basidiomycetes K.mangroviensis (v1 CBS 8507 2016 refseq)
GCA_000507465.4_ASM50746v4	basidiomycetes K.mangroviensis (v2 CBS 8507 2024 genbank)
GCF_000512605.1_Cryp_pinu_CBS10737_V1	basidiomycetes K.pini (v1 CBS 10737 2016)
GCF_008629635.1_Kwon_shan_CBS_12478_V1	basidiomycetes K.shandongensis (v1 CBS 12478 2019)
GCF_000181695.1_ASM18169v1	basidiomycetes M.globosa (v1 CBS 7966 2007)
GCF_000143185.1_v1.0	basidiomycetes S.commune (v1 H4-8 2010)
GCF_001652005.1_ASM165200v1	bee C.calcarata (v1 Rehan_Ccalc_2016 2016)
GCF_001483705.1_ASM148370v1	bee E.mexicana (v1 0111107269 2016)
GCF_000511025.2_RefBeet-1.2.2	beet (2015)
GCA_040894355.1_rMyuGeo1.pri.20230808	Bellinger river turtle (v1 BRST_UC0152H_USYD 2024)
GCA_002288925.2_ASM228892v2	beluga whale (GAN/ISIS: 26980492/103006 v2 2017)
GCA_000837645.1_ViralProj14024	Betapolyomavirus macacae (2000)
GCF_042477335.1_ARS-UI_OviCan_v1	bighorn sheep (v1 Bighorn MfBH-ARS-UI-01 2024)
GCF_000002775.4_Pop_tri_v3	black cottonwood (v3 Nisqually-1 2018)
GCA_022577435.1_fEmbJac1.0.p	black perch (LCO1_2020_lvr primary hap 2022 genbank)
GCA_020826845.1_mDicBic1.mat.cur	black rhinoceros (primary hap 2021 genbank)
GCA_001698545.1_ASM169854v1	black snub-nosed monkey (Rb0 v1 genbank 2016)
GCF_001698545.1_ASM169854v1	black snub-nosed monkey (Rb0 v1 refseq 2016)
GCF_013377495.1_Cygnus_atratus_primary_v1.0	black swan (v1 Queensland, Australia AKBS03 2020)
GCF_015228065.1_NSTDA_Pmon_1	black tiger shrimp (v1 SGIC_2016 2020)
GCA_028500815.1_bRisTri1.patW.cur.20221130	black-legged kittiwake (bRisTri1.patW 2023 genbank)
GCF_016920785.1_Ixodes_scapularus_ComboLowHiFi	black-legged tick (U.Maryland v1 2021)
GCA_000208615.1_JCVI_ISG_i3_1.0	black-legged tick (Wikel colony 2008 genbank)
GCA_009819655.1_bSylAtr1.pri	blackcap (primary hap 2019 genbank)
GCA_025265405.1_mMesDen1_primary_haplotype	Blainville's beaked whale (primary hap 2022 genbank)
GCF_000457365.1_ASM45736v1	bloodfluke planorb (v1 BB02 2013 refseq)
GCA_000457365.2_ASM45736v2	bloodfluke planorb (v2 BB02 2013 genbank)
GCA_009873245.2_mBalMus1.v2	blue whale (JJ_BM4_2016_0621 v2 2020)
GCA_900634775.1_fGouWil2.1	blunt-snouted clingfish (v1 2019 genbank)
GCF_900634775.1_fGouWil2.1	blunt-snouted clingfish (v1 2019 refseq)
GCF_016699345.1_BCM_Sbol_2.0	Bolivian squirrel monkey (100643 v2.0 BCM 2021)
GCF_000235385.1_SaiBol1.0	Bolivian squirrel monkey (3227 Broad 2011)
GCA_028885525.1_NHGRI_mPonPyg2-v1.1-hic.freeze_alt	Bornean orangutan (v1 AG05252 alternate hap 2023 genbank)
GCF_028885625.1_NHGRI_mPonPyg2-v1.1-hic.freeze_pri	Bornean orangutan (v1 AG05252 primary hap 2023 refseq)
GCA_004363515.1_IniGeo_v1_BIUU	boutu (BS63 2019)
GCA_036373705.1_fAmiCal2.hap1	bowfin (hap1 2024 genbank)
GCA_004025005.1_TadBra_v1_BIUU	Brazilian free-tailed bat (US034 2019)
GCA_025583915.1_AnoSag2.1	brown anole (Geneva1000 2022 genbank)
GCA_905147365.1_ilAriAges1.1	brown argus (genbank 2021)
GCF_003584765.1_ASM358476v1	brown bear (GAN/ISIS:MIG12 v1 2018)
GCF_023065955.1_UrsArc1.0	brown bear (v1.0 2022 WashU)
GCF_013339695.1_ASM1333969v1	brown dog tick (v1 Rsan-2018 2020)
GCF_012460135.1_BPBGC_Mater_1.0	brown headed cowbird (v1.0 BHLD 08-10-18 2020)
GCA_014356525.1_ASM1435652v1	brown planthopper (v1 BPH 2020 genbank)
GCF_014356525.1_ASM1435652v1	brown planthopper (v1 BPH 2020 refseq)
GCA_001189475.1_ASM118947v1	budding yeast C.auris (6684 2015 genbank)
GCA_002775015.1_Cand_auris_B11221_V1	budding yeast C.auris (B11221 2017 genbank)
GCA_000003835.1_ASM383v1	budding yeast C.lusitaniae (ATCC 42720 2009 genbank)
GCF_023343755.1_ASM2334375v1	budding yeast C.oxycetoniae (v1 CBS 10844 2022)
GCA_001417885.1_Kmar_1.0	budding yeast K.marxianus (DMKU3-1042 2014 genbank)
GCA_000149685.1_ASM14968v1	budding yeast L.elongisporus (NRRL YB-4239 2007 genbank)
GCA_000002545.2_ASM254v2	budding yeast N.glabratus (CBS 138 2008 genbank)
GCA_000002525.1_ASM252v1	budding yeast Y.lipolytica (CLIB122 2004 genbank)
GCA_012275295.1_bMelUnd1.mat.Z	budgerigar (maternal Z 2020 genbank)
GCA_905404315.1_ilLepSina1.1	butterfly L.sinapis (2021 genbank)
GCA_905475465.1_ilPieNapi1.1	butterfly P.napi (v1.1 genbank 2021)
GCA_905147795.1_ilPieRapa1.1	cabbage white (genbank 2021)
GCA_018139145.1_ASM1813914v1	California condor (v1 813 2021 genbank)
GCA_004024565.1_ZalCal_v1_BIUU	California sea lion (BS06 2019 Broad)
GCA_009762305.1_mZalCal1.pri	California sea lion (v1 2019)
GCF_001194135.1_Octopus_bimaculoides_v2_0	California two-spot octopus (v1 UCB-OBI-ISO-001 male 2015)
GCF_007474595.1_mLynCan4_v1.p	Canada lynx (LIC74 v1 2019)
GCA_004027935.1_ChrAsi_v1_BIUU	Cape golden mole (BS56 2019 Broad)
GCA_000710875.1_Pepper_Zunla_1_Ref_v1.0	capsicum (Zunla-1 2015 genbank)
GCA_036971445.1_sNarBan1.hap1	Caribbean electric ray (hap1 2024 genbank)
GCF_000691845.1_ASM69184v1	carmine bee-eater (2014 BGI)
GCF_001659605.1_Manihot_esculenta_v6	cassava (v6 AM560-2 2016 DOE)
GCA_000003205.6_Btau_5.0.1	cattle (Hereford 2015)
GCF_002263795.1_ARS-UCD1.2	cattle (Hereford L1 Dominette 01449 42190680 v1.2 2018 USDA)
GCF_002263795.2_ARS-UCD1.3	cattle (Hereford L1 Dominette 01449 42190680 v1.3 2018 USDA)
GCA_004024745.1_CatWag_v1_BIUU	Chacoan peccary (BS18 v1 2019 Broad)
GCA_900634415.1_fCotGob3.1	channel bull blenny (2019 genbank)
GCF_001660625.1_IpCoco_1.2	channel catfish (USDA103 v1 2016)
GCF_001660625.2_IpCoco_1.2	channel catfish (USDA103 v1.2 2019)
GCA_001443585.1_aciJub1	cheetah (AJU 981 2015)
GCA_039877785.1_fChaTrf1.hap1	chevron butterflyfish (hap1 2024 genbank)
GCF_000747805.1_ChaPel_1.0	chimney swift (M959 v1.0 2014)
GCA_002880755.3_Clint_PTRv2	chimpanzee (Clint C0471 2018 genbank)
GCA_028858805.1_NHGRI_mPanTro3-v1.1-hic.freeze_alt	chimpanzee (v1 AG18354 alternate hap 2023 genbank)
GCF_028858775.1_NHGRI_mPanTro3-v1.1-hic.freeze_pri	chimpanzee (v1 AG18354 primary hap 2023 refseq)
GCF_002994745.1_RchiOBHm-V2	China rose (Old Blush v1 2018)
GCF_003668045.1_CriGri-PICR	Chinese hamster (17A/GY CHO 2018)
GCA_018296145.1_Otsh_v2.0	Chinook salmon (v2 Ot180627B 2021 male genbank)
GCA_027409825.1_fScoJap1.pri	chub mackerel (primary hap 2022 genbank)
GCF_000700745.1_ASM70074v1	chuck-will's-widow (BGI_N321 v1 2014)
GCF_000203795.1_v1.0	chytrid fungus B.dendrobatidis (v1 JAM81 2011)
GCA_000295675.1_oxytricha_asm_v1.1	ciliates Oxytricha trifallax (v1 JRB310 2012)
GCF_900324465.1_fAnaTes1.1	climbing perch (v1.1 2018 refseq)
GCA_900324465.2_fAnaTes1.2	climbing perch (v1.2 2018 genbank)
GCF_900324465.2_fAnaTes1.2	climbing perch (v1.2 2018 refseq)
GCA_028018385.1_mNeoNeb1.pri	clouded leopard (mNeoNeb1 primary hap 2023 genbank)
GCA_905220415.1_ilColCroc2.1	clouded yellow (genbank 2021)
GCF_002021735.1_Okis_V1	coho salmon (150728-3 2017)
GCA_011762595.1_mTurTru1.mat.Y	common bottlenose dolphin (maternal Y genbank 2020)
GCA_001922835.1_NIST_Tur_tru_v1	common bottlenose dolphin (MMES2002162SC 2016 genbank)
GCA_011100635.1_mTriVul1.pri	common brushtail (genbank 2020)
GCF_000951615.1_common_carp_genome	common carp (2014)
GCA_017976375.1_bCucCan1.pri	common cuckoo (bCucCan1 primary hap 2021 genbank)
GCF_000709325.1_ASM70932v1	common cuckoo (BGI 2014)
GCF_000365465.2_Ptep_2.0	common house spider (v2 Geottingen 2017)
GCA_000365465.3_Ptep_3.0	common house spider (v3 Goettingen 2019 genbank)
GCF_932274485.1_xgPatVulg1.1	common limpet (v1 primary hap 2022)
GCA_958295425.1_fSolSol10.1	common sole (primary hap 2023 genbank)
GCA_020740795.1_bApuApu2.pri.cur	common swift (bApuApu2 2021 genbank)
GCA_022682395.1_HLdesRot8B	common vampire bat (v1 HL8 alternate hap 2022 genbank)
GCA_022682495.1_HLdesRot8A	common vampire bat (v1 HL8 primary hap 2022 genbank)
GCF_022682495.1_HLdesRot8A	common vampire bat (v1 HL8 primary hap 2022 refseq)
GCA_002940915.2_ASM294091v2	common vampire bat (v2 DRU21DN04 2018 genbank)
GCF_002940915.1_ASM294091v2	common vampire bat (v2 DRU21DN04 2018 refseq)
GCA_022682495.2_HLdesRot8A.1	common vampire bat (v2 HL8 primary hap 2022 genbank)
GCA_000956105.1_Pcoq_1.0	Coquerel's sifaka 6110/Marcella (2015 genbank)
GCF_002906115.1_CorkOak1.0	cork oak (v1 HL8 2018)
GCA_028390025.1_aPseCor3.hap2	corroboree frog (hap2 2023 genbank)
GCA_964195595.1_bCalBor7.hap1.1	Cory's shearwater (hap1.1 2024)
GCA_964196065.1_bCalBor7.hap2.1	Cory's shearwater (hap2.1 2024)
GCA_002156985.1_Harm_1.0	cotton bollworm (Harm_GR_Male_#8 2017 genbank)
GCF_004118075.1_ASM411807v1	cowpea (IT97K-499-35 v1 2019)
GCF_037993035.1_T2T-MFA8v1.0	crab-eating macaque (v1 582-1 2024)
GCA_000364345.1_Macaca_fascicularis_5.0	crab-eating macaque WashU 2013 genbank
GCF_000364345.1_Macaca_fascicularis_5.0	crab-eating macaque WashU 2013 refseq
GCA_963082965.1_fCarCar2.1	crucian carp (primary hap 2023 genbank)
GCF_022539665.1_CSIRO_AGI_Dcar_v0.2	crustacean D.carinata (v1 CSIRO-1 2022)
GCA_003990815.1_ASM399081v1	crustacean D.magna (SK Sungkyunkwan U. 2019 genbank)
GCF_011947565.2_Ppol_2	crustacean P.pollicipes (v2 AB1234 2020)
GCA_021462225.2_DD_fGirMul_XY1	dark-edged splitfin (DD_20200921_A 2022 genbank)
GCA_963259705.1_mMyoDau2.1	Daubenton's bat (primary hap 2023 genbank)
GCA_000260255.1_OctDeg1.0	degu (3935 2012 genbank)
GCF_900700375.1_fDenClu1.1	denticle herring (v1 2019)
GCA_027887155.1_rMalTer1.hap1	diamondback terrapin (hap1 2023 genbank)
GCF_000002435.1_GL2	diplomonads (v1 WB C6 WB C6 2008)
GCA_004027395.1_CanFam_VD_v1_BIUU	dog (BS72 2019 Broad)
GCF_000215625.1_MusPutFur1.0	domestic ferret (Sable ID 1420 FGSC 2011)
GCA_000151735.1_Cavpor3.0	domestic guinea pig (2N 2008 genbank)
GCA_014905235.2_Bmori_2016v1.0	domestic silkworm (genbank 2020)
GCA_904849725.1_MorexV3_pseudomolecules_assembly	domesticated barley (H.vulgare 2021 genbank)
GCA_030463535.1_fSalBra1.hap2	dorado (hap2 2023 genbank)
GCA_018691715.1_ASM1869171v1	downy mildews (GKB4 2021 genbank)
GCA_014839835.1_bDryPub1.pri	downy woodpecker (bDryPub1 primary hap 2020)
GCF_000699005.1_ASM69900v1	downy woodpecker (BGI 2014)
GCA_000750555.1_ASM75055v1	E. coli (K-12 BW25113 2014 genbank)
GCF_008831285.1_ASM883128v1	East African water lily (v1 Beijing-Zhang1983 2019)
GCA_001624775.1_PWK_PhJ_v1	eastern European house mouse (PWK_PhJ v1 2016)
GCF_900246225.1_fAstCal1.2	eastern happy (v2 2018)
GCA_004024865.1_RouAeg_v1_BIUU	Egyptian rousette (US006 2019 Broad)
GCA_014176215.1_mRouAeg1.p	Egyptian rousette (v1 2020 genbank)
GCA_013358815.1_fEleEle1.pri	electric eel (primary hap 2020 genbank)
GCF_000165045.1_Callorhinchus_milii-6.1.3	elephant shark (2013)
GCA_016128335.1_ZJU1.0	emu (v1 ZJU1.0 2020)
GCA_020745735.1_sHemOce1.pat.X.cur.	epaulette shark (2021 genbank)
GCF_002870075.2_Lsat_Salinas_v7	eudicots lettuce (Salinas v7 2020)
GCF_000495115.1_PopEup_1.0	Euphrates poplar (v1 2014)
GCF_922984935.1_mMelMel3.1_paternal_haplotype	Eurasian badger (v3.1 2021)
GCA_902686455.1_mSciVul1.1	Eurasian red squirrel (v1.1 2019)
GCF_903992535.1_mArvAmp1.1	Eurasian water vole (v1 2020)
GCA_963514075.1_fConCon1.1	European conger (primary hap 2023 genbank)
GCA_013347855.1_fAngAng1.pri	European eel (primary hap 2020 genbank)
GCA_030435805.1_mMusLut2.pri	European mink (primary hap 2023 genbank)
GCA_905147045.1_ilAglIoxx1.1	European peacock (2021 genbank)
GCA_947347685.1_fPlePla1.1	European plaice (primary hap 2022 genbank)
GCA_950005125.1_mChiNiv1.1	European snow vole (primary hap 2023 genbank)
GCA_901699165.1_bStrTur1.1_alternate_haplotype	European turtle dove (v1.1 alternate hap 2019)
GCA_901699155.1_bStrTur1.1	European turtle dove (v1.1 primary hap 2019)
GCA_947179515.1_mApoSyl1.1	European woodmouse (2022 genbank)
GCA_011064685.1_ZJU_Sfru_1.0	fall armyworm (Faw-zju 2020 genbank)
GCF_011064685.1_ZJU_Sfru_1.0	fall armyworm (Faw-zju v1.0 refseq 2020)
GCA_027579735.1_aBomBom1.pri	fire-bellied toad (primary hap 2023 genbank)
GCF_000002945.1_ASM294v2	fission yeast (v1 972h- 2007 refseq)
GCA_000002945.3_ASM294v3	fission yeast (v2 972h- 2019 genbank)
GCF_000699445.2_SchHae_2.0	flatworm S.haematobium (v2 2020)
GCA_007364275.2_fArcCen1	flier cichlid (MPI-CPG 2019 genbank)
GCA_000243295.1_TriManLat1.0	Florida manatee (Lorelei 2012 genbank)
GCF_009650485.1_drosAlbom15112-1751.03v1	fly D.albomicans (v1 15112-1751.03 2019)
GCF_016746245.1_Prin_Dsan_1.0	fly D.santomea (v1.0 2021)
GCF_004382195.1_ASM438219v1	fly D.sechellia (sech25 v1 2019 UC Irvine)
GCF_002093755.1_Dser1.0	fly D.serrata (v1.0 Fors4 2017)
GCF_016746395.1_Prin_Dsim_3.0	fly D.simulans (w501 v3.0 2021)
GCF_000005975.2_dyak_caf1	fly D.yakuba (2018)
GCF_016746365.1_Prin_Dyak_Tai18E2_2.0	fly D.yakuba (v1 2021)
GCA_902459505.1_aGeoSer1.1	Gaboon caecilian (v1.1 2019 genbank)
GCF_902459505.1_aGeoSer1.1	Gaboon caecilian (v1.1 2019 refseq)
GCA_030028105.1_sMobBir1.hap1	giant manta (hap1 2023 genbank)
GCF_000004335.2_AilMel_1.0	giant panda (2009 BGI)
GCA_002007445.1_ASM200744v1	giant panda (Jingjing v1 2017)
GCA_002007445.2_ASM200744v2	giant panda (Jingjing v2 genbank 2020)
GCF_002007445.1_ASM200744v2	giant panda (Jingjing v2 refseq 2020)
GCF_900880675.1_fSpaAur1.1	gilthead seabream (v1 2019)
GCA_905220565.1_ilMelCinx1.1	Glanville fritillary (genbank 2021)
GCF_001531365.1_CcrdV1	globe artichoke (v1 2C 2018)
GCA_001704415.1_ARS1	goat (v1 San Clemente 2016 USDA genbank)
GCF_001704415.1_ARS1	goat (v1 San Clemente 2016 USDA refseq)
GCF_900496995.1_bAquChr1.2	golden eagle (v1.2 2019)
GCA_902153765.1_bAquChr1.2_alternate_haplotype	golden eagle (v1.2 alternate hap 2019)
GCA_000349665.1_MesAur1.0	golden hamster (Baylor 2013 genbank)
GCA_000769185.1_Rrox_v1	golden snub-nosed monkey (2014 Novogene)
GCA_029215685.1_rPitCat1.0.hap2	gopher snake (HBS135680 alternate hap 2023 genbank)
GCA_025091365.1_ASM2509136v1	grape phylloxera (Bord-2020 2022 genbank)
GCA_000165445.3_Mmur_3.0	gray mouse lemur genbank
GCA_027887165.1_mMonDom1.pri	gray short-tailed opossum (mMonDom1 primary hap 2023 genbank)
GCA_038363095.1_mArtLit.hap1	great fruit-eating bat (v1 hap1 2024)
GCA_001890085.1_ASM189008v1	great roundleaf bat (v1 ML-2016 2016 genbank)
GCF_001890085.1_ASM189008v1	great roundleaf bat (v1 ML-2016 2016 refseq)
GCA_014108255.1_mRhiFer1.p	greater horseshoe bat (mRhiFer1 2020)
GCA_004115265.2_mRhiFer1_v1.p	greater horseshoe bat (v1 MPI-CBG 2019 genbank)
GCF_004115265.1_mRhiFer1_v1.p	greater horseshoe bat (v1 MPI-CBG 2019 refseq)
GCA_004026985.1_MyoMyo_v1_BIUU	greater mouse-eared bat (2019 Broad)
GCA_901709675.1_fSynAcu1.1	greater pipefish (v1.1 2019)
GCA_036850765.1_mSacBil1_pri_phased_curated	greater sac-winged bat (primary hap 2024 genbank)
GCA_003640425.2_ASM364042v2	greater wax moth (Carbio01_MB 2019 genbank)
GCF_000002595.1_v3.0	green algae C.reinhardtii (v1 CC-503 cw92 v1 2007)
GCA_000002595.3_Chlamydomonas_reinhardtii_v5.5	green algae C.reinhardtii (v2 CC-503 cw92 mt+ 2018 genbank)
GCA_000147415.1_v_1.0	green algae C.variabilis (NC64A 2010 genbank)
GCA_000409795.2_Chlorocebus_sabeus_1.1	green monkey 1994-021 (2014 genbank)
GCF_000344595.1_CheMyd_1.0	green sea turtle (BGI 2013)
GCF_015237465.1_rCheMyd1.pri	green sea turtle (v1 2020)
GCA_004363495.1_PhoPho_v1_BIUU	harbor porpoise (BS71 2019)
GCA_026419915.1_bHarHar1_primary_haplotype	Harpy eagle (primary hap 2022 genbank)
GCA_020740725.1_bCorHaw1.pri.cur	Hawaiian crow (2021 genbank)
GCA_002201575.1_ASM220157v1	Hawaiian monk seal (2017 Johns Hopkins U genbank)
GCF_002201575.1_ASM220157v1	Hawaiian monk seal (2017 Johns Hopkins U refseq)
GCA_040954625.1_ASM4095462v1	hemichordates Saccoglossus HW-2024a (v1 hap1 2024)
GCA_040954595.1_ASM4095459v1	hemichordates Saccoglossus HW-2024a (v1 hap2 2024)
GCA_030028045.1_mHipAmp2.hap2	hippopotamus (v2 hap2 2023 genbank)
GCF_014824575.1_WHU_Shon_v2	Honduran yellow-shouldered bat (v2.0 Veracruz 20B 2020)
GCF_002443255.1_Vdes_3.0	honeybee mite (v1 2017)
GCF_000738735.2_ASM73873v2	hooded crow (v2 S_Up_H32 2017)
GCF_000738735.5_ASM73873v5	hooded crow (v5 S_Up_H32 2021)
GCA_000002305.1_EquCab2.0	horse (Twilight 2007 genbank)
GCA_027789765.1_aDenEbr1.pat	hourglass treefrog (paternal 2023 genbank)
GCA_027477595.1_bHaeMex1.pri	house finch (primary hap 2022 genbank)
GCA_000371365.1_Musca_domestica-2.0.2	house fly (aabys 2013 genbank)
GCA_001624295.1_AKR_J_v1	house mouse (AKR_J v1 2016)
GCA_001624215.1_A_J_v1	house mouse (A_J v1 2016)
GCA_001632525.1_BALB_cJ_v1	house mouse (BALB_cJ v1 2016)
GCA_001632575.1_C3H_HeJ_v1	house mouse (C3H_HeJ v1 2016)
GCA_001624475.1_CBA_J_v1	house mouse (CBA_J v1 2016)
GCA_001624505.1_DBA_2J_v1	house mouse (DBA_2J v1 2016)
GCA_001624535.1_FVB_NJ_v1	house mouse (FVB_NJ v1 2016)
GCF_000001635.26_GRCm38.p6	house mouse (GRCm38.p6 2017)
GCA_001632615.1_LP_J_v1	house mouse (LP_J v1 2016)
GCA_001624675.1_NOD_ShiLtJ_v1	house mouse (NOD_ShiLtJ v1 2016)
GCA_001624745.1_NZO_HlLtJ_v1	house mouse (NZO_HlLtJ v1 2016)
GCA_018471515.1_HG00438.pri.mat.f1_v2	human (HG00438.mat 2021)
GCA_018472595.1_HG00438.alt.pat.f1_v2	human (HG00438.pat 2021)
GCA_018472605.1_HG00621.pri.mat.f1_v2	human (HG00621.mat 2021)
GCA_018472575.1_HG00621.alt.pat.f1_v2	human (HG00621.pat 2021)
GCA_018472565.1_HG00673.pri.mat.f1_v2	human (HG00673.mat 2021)
GCA_018472585.1_HG00673.alt.pat.f1_v2	human (HG00673.pat 2021)
GCA_018472765.1_HG00735.pri.mat.f1_v2	human (HG00735.mat 2021)
GCA_018472715.1_HG00735.alt.pat.f1_v2	human (HG00735.pat 2021)
GCA_018471095.1_HG00741.pri.mat.f1_v2	human (HG00741.mat 2021)
GCA_018471105.1_HG00741.alt.pat.f1_v2	human (HG00741.pat 2021)
GCA_018472685.1_HG01071.pri.mat.f1_v2	human (HG01071.mat 2021)
GCA_018472725.1_HG01071.alt.pat.f1_v2	human (HG01071.pat 2021)
GCA_018471345.1_HG01106.pri.mat.f1_v2	human (HG01106.mat 2021)
GCA_018471075.1_HG01106.alt.pat.f1_v2	human (HG01106.pat 2021)
GCA_018504365.1_HG01109.pri.mat.f1_v2	human (HG01109.mat 2021)
GCA_018504645.1_HG01109.alt.pat.f1_v2	human (HG01109.pat 2021)
GCA_018469665.1_HG01123.pri.mat.f1_v2.1	human (HG01123.mat 2021)
GCA_018469695.1_HG01123.alt.pat.f1_v2.1	human (HG01123.pat 2021)
GCA_018471085.1_HG01175.pri.mat.f1_v2	human (HG01175.mat 2021)
GCA_018471065.1_HG01175.alt.pat.f1_v2	human (HG01175.pat 2021)
GCA_018504375.1_HG01243.pri.mat.f1_v2	human (HG01243.mat 2021)
GCA_018504045.1_HG01243.alt.pat.f1_v2	human (HG01243.pat 2021)
GCA_018469405.1_HG01258.pri.mat.f1_v2	human (HG01258.mat 2021)
GCA_018469675.1_HG01258.alt.pat.f1_v2	human (HG01258.pat 2021)
GCA_018469865.1_HG01358.pri.mat.f1_v2.1	human (HG01358.mat 2021)
GCA_018469965.1_HG01358.alt.pat.f1_v2.1	human (HG01358.pat 2021)
GCA_018469685.1_HG01361.pri.mat.f1_v2	human (HG01361.mat 2021)
GCA_018469705.1_HG01361.alt.pat.f1_v2	human (HG01361.pat 2021)
GCA_018467155.1_HG01891.pri.mat.f1_v2	human (HG01891.mat 2021)
GCA_018467165.1_HG01891.alt.pat.f1_v2	human (HG01891.pat 2021)
GCA_018472695.1_HG01928.pri.mat.f1_v2	human (HG01928.mat 2021)
GCA_018472705.1_HG01928.alt.pat.f1_v2	human (HG01928.pat 2021)
GCA_018471545.1_HG01952.pri.mat.f1_v2	human (HG01952.mat 2021)
GCA_018471555.1_HG01952.alt.pat.f1_v2	human (HG01952.pat 2021)
GCA_018472865.1_HG01978.pri.mat.f1_v2	human (HG01978.mat 2021)
GCA_018472845.1_HG01978.alt.pat.f1_v2	human (HG01978.pat 2021)
GCA_018504085.1_HG02080.pri.mat.f1_v2	human (HG02080.mat 2021)
GCA_018504055.1_HG02080.alt.pat.f1_v2	human (HG02080.pat 2021)
GCA_018471535.1_HG02148.pri.mat.f1_v2	human (HG02148.mat 2021)
GCA_018471525.1_HG02148.alt.pat.f1_v2	human (HG02148.pat 2021)
GCA_018466845.1_HG02257.pri.mat.f1_v2	human (HG02257.mat 2021)
GCA_018466835.1_HG02257.alt.pat.f1_v2	human (HG02257.pat 2021)
GCA_018467015.1_HG02486.pri.mat.f1_v2	human (HG02486.mat 2021)
GCA_018467005.1_HG02486.alt.pat.f1_v2	human (HG02486.pat 2021)
GCA_018466985.1_HG02559.pri.mat.f1_v2	human (HG02559.mat 2021)
GCA_018466855.1_HG02559.alt.pat.f1_v2	human (HG02559.pat 2021)
GCA_018470445.1_HG02572.pri.mat.f1_v2	human (HG02572.mat 2021)
GCA_018470435.1_HG02572.alt.pat.f1_v2	human (HG02572.pat 2021)
GCA_018469875.1_HG02622.pri.mat.f1_v2	human (HG02622.mat 2021)
GCA_018469925.1_HG02622.alt.pat.f1_v2	human (HG02622.pat 2021)
GCA_018469955.1_HG02630.pri.mat.f1_v2	human (HG02630.mat 2021)
GCA_018469945.1_HG02630.alt.pat.f1_v2	human (HG02630.pat 2021)
GCA_018469935.1_HG02717.pri.mat.f1_v2	human (HG02717.mat 2021)
GCA_018470425.1_HG02717.alt.pat.f1_v2	human (HG02717.pat 2021)
GCA_018504065.1_HG02723.pri.mat.f1_v2	human (HG02723.mat 2021)
GCA_018504075.1_HG02723.alt.pat.f1_v2	human (HG02723.pat 2021)
GCA_018503585.1_HG02818.pri.mat.f1_v2	human (HG02818.mat 2021)
GCA_018503575.1_HG02818.alt.pat.f1_v2	human (HG02818.pat 2021)
GCA_018470455.1_HG02886.pri.mat.f1_v2	human (HG02886.mat 2021)
GCA_018470465.1_HG02886.alt.pat.f1_v2	human (HG02886.pat 2021)
GCA_018472855.1_HG03453.pri.mat.f1_v2	human (HG03453.mat 2021)
GCA_018473305.1_HG03453.alt.pat.f1_v2	human (HG03453.pat 2021)
GCA_018503525.1_HG03486.pri.mat.f1_v2	human (HG03486.mat 2021)
GCA_018469425.1_HG03516.pri.mat.f1_v2	human (HG03516.mat 2021)
GCA_018469415.1_HG03516.alt.pat.f1_v2	human (HG03516.pat 2021)
GCA_018473295.1_HG03540.pri.mat.f1_v2	human (HG03540.mat 2021)
GCA_018473315.1_HG03540.alt.pat.f1_v2	human (HG03540.pat 2021)
GCA_018472825.1_HG03579.pri.mat.f1_v2	human (HG03579.mat 2021)
GCA_018472835.1_HG03579.alt.pat.f1_v2	human (HG03579.pat 2021)
GCA_018503255.1_NA18906.pri.mat.f1_v2	human (NA18906.mat 2021)
GCA_018503285.1_NA18906.alt.pat.f1_v2	human (NA18906.pat 2021)
GCA_018503275.1_NA19240.pri.mat.f1_v2	human (NA19240.mat 2021)
GCA_018503265.1_NA19240.alt.pat.f1_v2	human (NA19240.pat 2021)
GCA_018504655.1_NA21309.pri.mat.f1_v2	human (NA21309.mat 2021)
GCA_018852605.2_ASM1885260v2	human (NA24385 HG002 alt pat 2023)
GCA_018852615.2_Q100_hg002v1.0.1.mat	human (NA24385 HG002 pri mat 2023)
GCA_018852615.1_HG002.pri.mat.f1_v2	human (NA24385.mat 2021)
GCA_021951015.1_HG002.mat.cur.20211005	human (NA24385.mat 2022)
GCA_018852605.1_HG002.alt.pat.f1_v2	human (NA24385.pat 2021)
GCA_021950905.1_HG002.pat.cur.20211005	human (NA24385.pat 2022)
GCA_000845685.2_ViralProj14462	human betaherpesvirus 6A (U1102 1995 genbank)
GCF_014898055.1_MPIMG_talOcc4	Iberian mole (v1 TD23 2020)
GCF_014898055.2_MPIMG_talOcc4v2	Iberian mole (v2 TD23 2020)
GCF_900634625.1_fParRan2.1	Indian glassy fish (v1 2019)
GCF_002922805.1_Om_v0.7.RACA	Indian medaka
GCF_027563975.1_ilPloInte3.1	Indianmeal moth (v1 USDA-ARS_2022_Savannah primary hap 2023)
GCA_004027435.1_ArtJam_v1_BIUU	Jamaican fruit-eating bat (US092 2019 Broad)
GCF_001577835.1_Coturnix_japonica_2.0	Japanese quail
GCA_044704955.1_sPriJap1.hap1	Japanese sawshark (hap1 2024 genbank)
GCF_003227715.1_Hsal_v8.5	Jerdon's jumping ant (DR-91 v8.5 2018)
GCF_004027225.1_bStrHab1_v1.p	kakapo (Jane v1 2019)
GCA_004027225.2_bStrHab1.2.pri	kakapo (Jane v2 2020 genbank)
GCF_002099425.1_phaCin_unsw_v4.1	koala (Bilbo 61053 2017)
GCA_009829125.1_fPerMag1.pri	Korean giant-fin mudskipper (v1 primary hap 2020 genbank)
GCF_009829125.1_fPerMag1.pri	Korean giant-fin mudskipper (v1 primary hap 2020 refseq)
GCA_023638135.1_bFalBia1.pri	lanner falcon (bFalBia1 primary hap 2022 genbank)
GCA_905147105.1_ilPieBrab1.1	large cabbage white (genbank 2021)
GCA_004365275.1_TupTan_v1_BIUU	large tree shrew (BS70 2019 Broad)
GCA_009764565.1_rDerCor1.pri	leatherback sea turtle (v1 2019 genbank G10K)
GCA_009762595.1_rDerCor1.alt	leatherback sea turtle (v1 alternate hap 2019)
GCF_009764565.2_rDerCor1.pri.v3	leatherback sea turtle (v3 2020 refseq G10K)
GCA_000002875.2_ASM287v2	Leishmania infantum (JPCM5 2011 kinetoplastids genbank)
GCA_000002725.2_ASM272v2	Leishmania major (Friedlin 2011 kinetoplastids genbank)
GCA_017916325.1_LU_Lmar_1.0	Leishmania martiniquensis (LSCM1 2021 genbank)
GCA_017916335.1_LU_Lori_1.0	Leishmania orientalis (LSCM4 2021 genbank)
GCA_001857705.1_PanPar1.0	leopard (Maewha 2016 genbank)
GCA_000280705.1_JacJac1.0	lesser Egyptian jerboa (JJ0015 2012 genbank)
GCF_017639655.1_bFalNau1.pat	lesser kestrel (v1 2021)
GCA_964264875.1_mNycLei1.hap1.1	lesser noctule (v1 hap1 2024)
GCA_964264895.1_mNycLei1.hap2.1	lesser noctule (v1 hap2 2024)
GCA_028389875.1_bPtePen1.pri	lesser rhea (primary hap 2023 genbank)
GCA_036850995.1_mSacLep1_pri_phased_curated	lesser sac-winged bat (primary hap 2024 genbank)
GCA_027579695.1_fNeoGra1.pri	lesser salmon catfish (primary hap 2023 genbank)
GCF_002870075.1_Lsat_Salinas_v7	lettuce (Salinas v7 2018)
GCF_002870075.3_Lsat_Salinas_v8	lettuce (Salinas v8 2020)
GCF_900963305.1_fEcheNa1.1	live sharksucker (v1 2019)
GCF_963455315.1_mGloMel1.1	long-finned pilot whale (v1 primary hap 2023)
GCA_963455315.2_mGloMel1.2	long-finned pilot whale (v2 primary hap 2024 genbank)
GCA_023637945.1_DD_ASM_B1	long-tailed hermit (v1 PSU5 primary hap 2022)
GCA_009769545.1_fCycLum1.pri	lumpfish (primary hap 2019 genbank)
GCA_000952055.2_Anan_2.0	Ma's night monkey genbank
GCA_000002765.3_GCA_000002765	malaria parasite P. falciparum (3D7 2016 genbank)
GCA_001685135.1_ManJav1.0	Malayan pangolin (MP_PG03-UM 2016 genbank)
GCF_000231095.1_Oryza_brachyantha.v1.4b	malo sina (v1 2012)
GCF_001649575.1_ASM164957v1	mangrove rivulus
GCA_905333055.1_ilManJurt1.1	meadow brown (genbank 2021)
GCA_006229205.1_meerkat_22Aug2017_6uvM2_HiC	meercat (VVHF042 2019 DNA Zoo genbank)
GCA_004023905.1_SurSur_v1_BIUU	meerkat (BS45 2019 Broad)
GCF_000806345.1_ASM80634v1	melon fly (v1 USDA-PBARC White Pupae T1 2014)
GCA_048164855.1_mCanLup2.hap1	Mexican gray wolf (hap1 2025 genbank)
GCA_000209485.1_ASM20948v1	microsporidians E.bieneusi (H348 2009 genbank)
GCF_000091225.1_ASM9122v1	microsporidians E.cuniculi (v1 GB-M1 2002)
GCA_000182985.1_ASM18298v1	microsporidians N.ceranae (BRL01 2009 genbank)
GCA_000493695.1_BalAcu1.0	minke whale (2013 genbank)
GCA_949987535.1_mBalAcu1.1	minke whale (primary hap 2023 genbank)
GCF_002532875.1_vjacob_1.0	mites & ticks V.jacobsoni (v1 VJ856 2017)
GCA_004026785.1_MerUng_v1_BIUU	Mongolian gerbil (US013 2019 Broad)
GCA_019393635.1_mDroGli1.pri	monito del monte (mDroGli1 primary hap 2021 genbank)
GCA_910591565.1_ilCydSple1.1	moth C.splendana (v1 2021 genbank)
GCF_002706865.1_ASM270686v1	moth S.litura (Ishihara v1 2017)
GCA_000741045.2_Vradiata_ver6	mung bean (VC1973A 2015 genbank)
GCA_009769485.1_bCygOlo1.alt	mute swan (bCygOlo1 v1 alternate hap 2019)
GCA_009769625.1_bCygOlo1.pri	mute swan (v1 primary hap 2019)
GCA_000247695.1_HetGla_female_1.0	naked mole-rat (NMR 29 2012 genbank)
GCA_004026685.1_MonMon_M_v1_BIUU	narwhal (BS41 2019 Broad)
GCA_964212035.1_mMyoNat1.hap1.1	Natterer's bat (hap1.1 2024)
GCA_964212025.1_mMyoNat1.hap2.1	Natterer's bat (hap2.1 2024)
GCA_027579445.1_bAmmNel1.pri	Nelson's sparrow (bAmmNel1 primary hap 2023 genbank)
GCF_000004555.1_ASM455v1	nematode C.briggsae (AF16 v1 2008)
GCF_000471905.2_AMTR1.0	New South Wales waratah (AGSP 2013)
GCA_030445055.1_mDasNov1.hap1	nine-banded armadillo (v1 hap1 2023)
GCF_030445035.1_mDasNov1.hap2	nine-banded armadillo (v1 hap2 2023)
GCA_000208655.2_Dasnov3.0	nine-banded armadillo (v3.0 3-136 2012 Baylor genbank)
GCF_000208655.1_Dasnov3.0	nine-banded armadillo (v3.0 3-136 2012 Baylor refseq)
GCA_028564815.1_mEubGla1.hap2	North Atlantic right whale (hap2 2023 genbank)
GCF_021288785.1_ASM2128878v2	northern elephant seal (v2 JK_09032017 2021)
GCF_929443795.1_bAccGen1.1	northern goshawk (v1 primary hap 2022 refseq)
GCF_016801865.1_TS_Cpip_V1	northern house mosquito (v1 TS 2021)
GCA_011004845.1_fEsoLuc1.pri	northern pike (primary hap 2020 genbank)
GCA_000146795.3_Nleu_3.0	northern white-cheeked gibbon (2012 GGSC)
GCA_015227675.2_mRatBN7.2	Norway rat BN7 genbank
GCA_000264685.2_Panu_3.0	olive baboon (2017 HGSC genbank)
GCF_000264685.3_Panu_3.0	olive baboon (2017 HGSC RefSeq)
GCA_015104395.1_ASM1510439v1	oriental river prawn (v1 FS-2020 2020 genbank)
GCA_905220365.1_ilVanCard2.1	painted lady (genbank 2021)
GCF_004126475.1_mPhyDis1_v1.p	pale spear-nosed bat (MPI-MPIP v1 2019)
GCF_005508785.1_pea_aphid_22Mar2018_4r6ur	pea aphid (AL4f v1 2019)
GCA_023634155.1_bFalPer1.pri	peregrine falcon (bFalPer1 primary hap 2022 genbank)
GCA_043159975.1_mMacNem.hap1	pig-tailed macaque (mMacNem1hap1 2024 genbank)
GCF_000340665.1_C.cajan_V1.0	pigeon pea (v1 2016 BGI)
GCF_008315115.1_SLUC_FBN_1	pike-perch
GCA_002966995.1_ASM296699v1	platypus (Pmale09 2018 BGI)
GCF_004115215.1_mOrnAna1.p.v1	platypus (Pmale09 v1 2019)
GCA_004115215.3_mOrnAna1.pri.v3	platypus (Pmale09 v3 2020)
GCA_000687225.1_UrsMar_1.0	polar bear (Baiyulong BGI 2014 genbank)
GCA_902500255.1_fThaAma1.1	prehistoric monster fish (2019 genbank)
GCA_004027515.1_AntAmePen_v1_BIUU	pronghorn (BS35 2019 Broad)
GCA_000696695.1_Burgud	Przewalski's horse (Burgud 2014 genbank)
GCA_035609145.1_aEleCoq1.hap1	Puerto Rican coqui (hap1 2024 genbank)
GCA_003327715.1_PumCon1.0	puma (SC36_Marlon 2018 genbank)
GCA_000258655.2_panpan1.1	pygmy chimpanzee (Ulindi genbank 2015)
GCF_029289425.1_NHGRI_mPanPan1-v1.1-0.1.freeze_pri	pygmy chimpanzee (v1 primary hap 2023)
GCA_026419965.1_mKogBre1_haplotype_1	pygmy sperm whale (mKogBre1 haplotype 1 2022 genbank)
GCA_009806435.2_UM_NZW_1.0	rabbit (New Zealand White DNA-2018 2021 genbank)
GCA_964237555.1_mOryCun1.1	rabbit (primary hap 2024 genbank)
GCA_000003625.1_OryCun2.0	rabbit (Thorbecke 2009 Broad genbank)
GCF_000801105.1_Rs1.0	radish (v1 WS10039 2015)
GCA_905147765.2_ilVanAtal1.2	red admiral (genbank 2021)
GCF_004153925.1_Obicornis_v3	red mason bee (LIB18336 2019)
GCF_000709365.1_ASM70936v1	red-crested turaco (2014 BGI)
GCF_000690535.1_ASM69053v1	red-legged seriema (BGI_N322 2014 BGI)
GCA_030936135.1_bGavSte3.hap2	red-throated loon (hap2 2023 genbank)
GCF_900747795.1_fErpCal1.1	reedfish (2019)
GCA_000772875.3_Mmul_8.0.1	Rhesus monkey (2015 Baylor)
GCA_028023285.1_mBalRic1.hap2	Rice's whale (hap2 2023 genbank)
GCF_000695815.1_ASM69581v1	rifleman (BGI 2014)
GCA_004024665.1_LemCat_v1_BIUU	ring-tailed lemur BS26 Broad 2019
GCF_014905685.1_NemWhi1	Rio pearlfish (Nwh7 v1 2020)
GCF_901001165.1_fSalTru1.1	river trout (v1 2019)
GCA_036010775.1_bColLiv1.mat	rock pigeon (v1 racing homer maternal hap 2024)
GCA_036013475.1_bColLiv1.pat.W	rock pigeon (v1 racing homer paternal W 2024)
GCA_036013475.2_bColLiv1.pat.W.v2	rock pigeon (v2 racing homer 2024 genbank)
GCA_023343835.1_bLagMut1_primary	rock ptarmigan (primary hap 2022 genbank)
GCA_019925205.1_ASM1992520v1	rose-grain aphid (CAU 2021 genbank)
GCA_042242105.1_fPemKlu1.hap1	rough bullseye (RE-2024b hap1 2024 genbank)
GCA_031021105.1_rEryReg1.hap1	royal ground snake (hap1 2023 genbank)
GCA_900094665.2_CAROLI_EIJ_v1.1	Ryukyu mouse (v1 2017 EBI genbank)
GCF_900094665.1_CAROLI_EIJ_v1.1	Ryukyu mouse (v1 2017 EBI refseq)
GCA_949987515.1_mDelDel1.1	saddleback dolphin (v1 primary hap 2023 genbank)
GCA_023634085.1_bFalChe1.pri	Saker falcon (bFalChe1 primary hap 2022 genbank)
GCF_016086655.2_UVic_Lsal_1.1	salmon louse (v1.1 2020)
GCA_027887145.1_bAmmCau1.pri	saltmarsh sparrow (bAmmCau1 primary hap 2023 genbank)
GCA_023333525.1_rAspTig1.0.p	San Diegan tiger whiptail (v1.0 HBS 135688 primary hap 2022)
GCA_029499605.1_aHylSar1.hap1	Sardinian treefrog (hap1 2023 genbank)
GCF_009858895.2_ASM985889v3	SARS-CoV-2 (Jan 2020 COVID-19)
GCA_964146895.1_mMinSch1.hap1.1	Schreibers' long-fingered bat (v1 hap1 2024)
GCA_964145185.1_mMinSch1.hap2.1	Schreibers' long-fingered bat (v1 hap2 2024)
GCA_001417965.1_Aiptasia_genome_1.1	sea anemones (CC7 2015 genbank)
GCA_010993605.1_kPetMar1.pri	sea lamprey (kPetMar1 primary hap 2020)
GCA_002288905.2_ASM228890v2	sea otter (GAN:26980312 2017 genbank)
GCF_000326865.1_Helobdella_robusta_v1.0	segmented worms (v1 2012)
GCF_028878055.1_NHGRI_mSymSyn1-v1.1-hic.freeze_pri	siamang (v1 Jambi primary hap 2023)
GCA_028878085.2_NHGRI_mSymSyn1-v2.0_alt	siamang (v2 Jambi alternate hap 2024)
GCA_028878055.2_NHGRI_mSymSyn1-v2.0_pri	siamang (v2 Jambi primary hap 2024 genbank)
GCF_028878055.2_NHGRI_mSymSyn1-v2.0_pri	siamang (v2 Jambi primary hap 2024 refseq)
GCF_900634795.2_fBetSpl5.2	Siamese fighting fish (v2 primary hap 2019)
GCF_900634795.3_fBetSpl5.3	Siamese fighting fish (v3 primary hap 2020)
GCF_009828535.1_HMol	silvery gibbon (v1 HM0894 2020 UC Santa Cruz)
GCF_009828535.2_HMol_V2	silvery gibbon (v2 HMO894 2020 UC Santa Cruz)
GCA_004027815.1_NycCou_v1_BIUU	slow loris (BS32 2019)
GCA_027406575.1_mNycCou1.pri	slow loris (primary hap 2022 genbank)
GCA_000313985.1_EchTel2.0	small Madagascar hedgehog
GCF_902713615.1_sScyCan1.1	smaller spotted catshark (v1.1 primary hap 2020 refseq)
GCA_029633865.1_fLamInc1.hap2	smalleye Pacific opah (hap2 2023 genbank)
GCA_009764475.1_sPriPec2.pri	smalltooth sawfish (v2 primary hap 2019 genbank)
GCF_001687245.1_Rhagoletis_zephyria_1.0	snowberry fruit fly (East Lansing v1.0 2016)
GCF_006149115.1_Oner_1.0	sockeye salmon (On170113-E2 v1 2019)
GCF_902827115.1_fPseGeo1.1	South Georgia icefish (v1 primary hap 2020)
GCA_910596095.1_fThuMac1.1	southern bluefin tuna (primary hap 2021 genbank)
GCA_013339725.1_BIME_Rmic_1.3	southern cattle tick (Rmic-2018 2020 genbank)
GCA_004026725.1_OnyTor_v1_BIUU	southern grasshopper mouse (US017 2019 Broad)
GCA_000209185.1_CulPip1.0	southern house mosquito (JHB 2007 genbank)
GCA_004025105.1_TamTet_v1_BIUU	southern tamandua (Broad 2019)
GCA_004027855.1_ChoDid_v1_BIUU	southern two-toed sloth (US054 2019 Broad)
GCA_000283155.1_CerSimSim1.0	southern white rhinoceros (SDZICR_KB13650 2012 genbank)
GCF_000004515.4_Glycine_max_v2.0	soybean (US DOE JGI-PGF v2.0 2010)
GCF_000004515.5_Glycine_max_v2.1	soybean (US DOE JGI-PGF v2.1 2018)
GCA_028858725.1_bColStr4.hap1	speckled mousebird (hap1 2023 genbank)
GCA_028858625.1_bColStr4.hap2	speckled mousebird (v1 hap2 2023)
GCA_905163445.1_ilParAegt1.1	speckled wood butterfly (genbank 2021)
GCF_002837175.2_ASM283717v2	sperm whale (SW-GA 2019)
GCF_000090795.1_v1.0	sponges A.queenslandica (v1.0 2010 JGI-PGF)
GCA_001015335.1_Stomoxys_calcitrans-1.0.1	stable fly (8C7A2A5H3J4 2015 genbank)
GCA_902713425.1_fAciRut3.1_maternal_haplotype	sterlet (maternal hap 2022 genbank)
GCA_902713425.2_fAciRut3.2_maternal_haplotype	sterlet (maternal hap 2022 genbank)
GCF_010645085.1_ASM1064508v1	sterlet (v1 Gen_M01 2020)
GCA_902713435.1_fAciRut3.1_paternal_haplotype	sterlet (v1 paternal hap 2020)
GCF_002571385.1_Stylophora_pistillata_v1	stony coral S.pistillata (v1 CSM Monaco 2017)
GCA_027358585.1_fPanHyp1.pri	striped catfish (primary hap 2022 genbank)
GCA_020800215.1_PR-102_v3_p	sudden oak death agent (Pr-102 primary hap 2021 genbank)
GCA_002880775.3_Susie_PABv2	Sumatran orangutan (Susie 2018 genbank)
GCF_028885655.1_NHGRI_mPonAbe1-v1.1-hic.freeze_pri	Sumatran orangutan (v1 AG06213 primary hap 2023)
GCA_009819505.1_bCatUst1.alt	Swainson's thrush (bCatUst1 v1 alternate hap 2019)
GCF_009819885.1_bCatUst1.pri	Swainson's thrush (v1 primary hap 2019)
GCA_028018845.1_bMelGeo1.pri	swamp sparrow (bMelGeo1 primary hap 2023 genbank)
GCA_028372415.1_mMacEug1.pri	tammar wallaby (v1 primary hap 2023 genbank)
GCA_028372415.2_mMacEug1.pri_v2	tammar wallaby (v2 primary hap 2023 genbank)
GCF_000189315.1_Devil_ref_v7.0	Tasmanian devil
GCF_000001735.3_TAIR10	thale cress (tair10 Columbia 2011)
GCF_000236235.1_SpeTri2.0	thirteen-lined ground squirrel (2011)
GCF_010909765.1_sAmbRad1.pri	thorny skate (v1 CabotCenter1 v1 2020 refseq)
GCA_010909765.1_sAmbRad1.pri	thorny skate (v1 primary hap CabotCenter1 2020 genbank)
GCF_013339745.1_ASM1333974v1	tick D.silvarum (v1 2020)
GCA_007210705.1_Tcal_SD_v2.1	tidepool copepod (San Diego 2019 genbank)
GCA_026437365.1_fEucNew1.0.hap1	tidewater goby (DKJ021-1_F 2022 genbank)
GCF_001891065.1_H_comes_QL1_v1	tiger tail seahorse (QL1 v1 2016)
GCF_901765095.1_aMicUni1.1	tiny Cayenne caecilian (v1 2019)
GCF_000188115.4_SL3.0	tomato (v3.0 Heinz 1706 2018)
GCA_036169615.1_bHelExo1.hap1	tourmaline sunangel (hap1 2024 genbank)
GCA_029633855.1_fHopMal1.hap1	trahira (v1 hap1 2023)
GCA_029633875.1_fHopMal1.hap2	trahira (v1 hap2 2023)
GCA_023055355.1_bAgeTri1.0.p	tricolored blackbird (1412-34295 primary hap 2022 genbank)
GCA_001457755.2_Trypanosoma_equiperdum_OVI_V2	Trypanosoma equiperdum (OVI 2016 genbank)
GCA_022059095.1_T.mel.1	Trypanosoma melophagium (St. Kilda St. Kilda 2022 genbank)
GCF_014805625.1_Yale_Gfus_2	tsetse fly (v1 IAEA_lab_2018 2020)
GCA_040894005.1_aEngPut4.maternal	Tungara frog (aEngPut4 maternal hap 2024 genbank)
GCF_901001135.1_aRhiBiv1.1	two-lined caecilian (v1.1 2019 refseq)
GCA_002776525.1_ASM277652v1	Ugandan red Colobus (RC106 v1 2017)
GCF_002776525.2_ASM277652v2	Ugandan red Colobus (RC106 v2 2018)
GCF_002776525.3_ASM277652v3	Ugandan red Colobus (RC106 v3 2019)
GCF_002776525.4_ASM277652v4	Ugandan red Colobus (RC106 v4 2019)
GCA_000622305.1_S.galili_v1.0	Upper Galilee mountains blind mole rat (#2095 2014 genbank)
GCF_001633185.1_ValleyOak3.0	valley oak (v3.0 2019)
GCF_002806865.1_ASM280686v2	vegetable marrow (v1 mu-cu-16 2017)
GCF_010614865.1_ASM1061486v1	velvet spider S.dumicola (v1 Namibia, Etosha 2020)
GCF_000503995.1_CerSol_1.0	wasp C.solmsi marchali (v1 2013)
GCA_000471725.1_UMD_CASPUR_WB_2.0	water buffalo (Mediterranean 2013)
GCA_000349705.1_LepWed1.0	Weddell seal (WS11-02 2013 genbank)
GCA_000296755.1_EriEur2.0	western European hedgehog (2012 genbank)
GCA_950295315.1_mEriEur2.1	western European hedgehog (primary hap 2023 genbank)
GCA_001624835.1_WSB_EiJ_v1	western European house mouse (WSB_EiJ v1 2016)
GCF_000697945.2_Focc_2.1	western flower thrips (v2 FOCC.00 2017)
GCA_900006655.3_Susie3	western lowland gorilla (Susie 2016)
GCF_029281585.1_NHGRI_mGorGor1-v1.1-0.2.freeze_pri	western lowland gorilla (v1.1 KB3781 2023)
GCA_029281585.2_NHGRI_mGorGor1-v2.0_pri	western lowland gorilla (v2.0 KB3781 2024 genbank)
GCA_029281585.3_NHGRI_mGorGor1-v2.1_pri	western lowland gorilla (v2.1 KB3781 2024 genbank)
GCF_000241765.3_Chrysemys_picta_bellii-3.0.3	western painted turtle (v303 2014)
GCF_000241765.4_Chrysemys_picta_BioNano-3.0.4	western painted turtle (v304 RCT428 2020)
GCF_000255335.1_Mocc_1.0	western predatory mite (v1.0 2012)
GCA_001624865.1_SPRET_EiJ_v1	western wild mouse (SPRET_EiJ v1 2016)
GCF_000341935.1_Ccin1	wheat stem sawfly (v1 2014)
GCF_016700215.1_bGalGal1.pat.whiteleghornlayer.GRCg7w	white leghorn X broiler chicken (v1 leghorn haplotype v1 2021)
GCA_949774975.1_mLagAlb1.1	white-beaked dolphin (primary hap 2023 genbank)
GCF_004664715.1_Pero_0.1	white-footed mouse
GCA_002102435.1_Ovir.te_1.0	white-tailed deer (Pink-7 2017 genbank)
GCA_947461875.1_bHalAlb1.1	white-tailed eagle (primary hap 2022 genbank)
GCF_000004665.1_Callithrix_jacchus-3.2	white-tufted-ear marmoset (2010 Wash U)
GCA_002754865.1_ASM275486v1	white-tufted-ear marmoset (CJ-08-46 2017)
GCA_009663435.1_Callithrix_jacchus_cj1700_1.0	white-tufted-ear marmoset (cj1700 genbank)
GCA_011100535.1_mCalJac1.pat	white-tufted-ear marmoset (v1 paternal hap 2020)
GCA_011100555.2_mCalJa1.2.pat.X	white-tufted-ear marmoset (v1.2 2021 genbank)
GCA_028858705.1_bGruAme1.mat	whooping crane (maternal hap 2023 genbank)
GCA_000311805.2_CB1	wild Bactrian camel (CB1 Naran 2013 genbank)
GCF_002162155.1_WEW_v2.0	wild emmer wheat (Zavitan Atlit2015 v2.0 2019)
GCF_000817695.2_Aradu1.1	wild peanut A.duranensis (v1 V14167 2017)
GCA_000184155.1_FraVesHawaii_1.0	wild strawberry (2011 genbank)
GCF_003945595.1_ASM394559v1	wire-tailed manakin (2018)
GCA_901343595.1_MONAX5	woodchuck (CNAG 2019)
GCF_021218885.1_Marmota_monax_Labrador192_V1.0	woodchuck (v1.0 LI92 2021)
GCF_033978685.1_RoL_Nlum_1.0	worm pipefish (v1 RoL_2023-P1 2023)
GCA_029207755.1_bChaFas1.0.hap1	wrentit (frontalis MVZ Bird 193981 primary hap 2023 genbank)
GCF_003031525.1_Neophocaena_asiaeorientalis_V1	Yangtze finless porpoise (v1 2018 refseq)
GCA_003031525.1_Neophocaena_asiaeorientalis_V1	Yangtze finless porpoise (v1 wild 2018 genbank)
GCA_000442215.1_Lipotes_vexillifer_v1	Yangtze River dolphin (v1 BGI 2013 genbank)
GCF_000442215.1_Lipotes_vexillifer_v1	Yangtze River dolphin (v1 BGI 2013 refseq)
GCA_002204515.1_AaegL5.0	yellow fever mosquito (LVP_AGWG 2017 genbank)
GCA_047511675.1_mMarFla1.hap1	yellow-bellied marmot (hap1 2025 genbank)
GCF_003676075.2_GSC_YBM_2.0	yellow-bellied marmot (SJ_83 v2.0 2019)
GCF_003676075.1_ASM367607v1	yellow-bellied marmot (v1 2018)
GCA_016432865.1_AdamAnt	yellow-footed antechinus (v1 Samford, QLD, Australia AdamAnt 2021)
GCF_000699245.1_ASM69924v1	yellow-throated sandgrouse (BGI_N339 2014 BGI)
GCF_002814215.1_Sedor1	yellowtail amberjack (v1 SW California HSWRI2012SDOR001 2017)
GCA_028538775.1_mMyoYum1.0.hap1	Yuma myotis (MYYU_CA2020_CCGP primary hap 2023 genbank)
GCF_003957565.1_bTaeGut1_v1.p	zebra finch (v1 Black17 2019 refseq)
GCA_003957565.2_bTaeGut1_v1.p	zebra finch (v1 Black17 male 2019 genbank)
GCA_003957565.4_bTaeGut1.4.pri	zebra finch (v1.4 Blue55 primary hap 2021 genbank)
GCA_030684315.1_sSteTig4.hap1	zebra shark (hap1 2023 genbank)
GCA_000247795.2_Bos_indicus_1.0	zebu cattle (Nelore 2014 genbank)
GCF_900324485.1_fMasArm1.1	zig-zag eel (v1.1 2018)
