GCA_000826245.1_Acanthamoeba_astronyxis	A.astronyxis (2015)
GCA_000826485.1_Acanthamoeba_castellanii	A.castellanii (2015)
GCA_021020595.1_ASM2102059v1	A.castellanii (C3 2021)
GCA_021020605.1_ASM2102060v1	A.castellanii (Neff 2021)
GCF_000313135.1_Acastellanii.strNEFF_v1	A.castellanii str. (Neff 2013)
GCA_000826265.1_Acanthamoeba_culbertsoni_genome_assembly	A.culbertsoni (2015)
GCA_000826305.1_Acanthamoeba_healyi	A.healyi (2015)
GCA_000826285.1_Acanthamoeba_lenticulata	A.lenticulata (2015)
GCA_000826425.1_Acanthamoeba_lugdunensis	A.lugdunensis (2015)
GCA_000826465.1_Acanthamoeba_mauritaniensis	A.mauritaniensis (2015)
GCA_000826325.1_Acanthamoeba_palestinensis	A.palestinensis (2015)
GCA_000826505.1_Acanthamoeba_pearcei	A.pearcei (2015)
GCA_000826345.1_Acanthamoeba_polyphaga	A.polyphaga (2015)
GCA_000826445.1_Acanthamoeba_quina	A.quina (2015)
GCA_000826385.1_Acanthamoeba_rhysodes	A.rhysodes (2015)
GCA_000826365.1_Acanthamoeba_royreba	A.royreba (2015)
GCA_027943295.1_ASM2794329v1	A.sp. (SK_2022a 2023)
GCA_027943245.1_ASM2794324v1	A.sp. (SK_2022b 2023)
GCA_027944975.1_ASM2794497v1	A.sp. (SK_2022c 2023)
GCA_040954625.2_keBalMisa1.hap1	acorn worm (v2 HW-2024a hap1 2025)
GCA_040954595.2_keBalMisa1.hap2	acorn worm (v2 HW-2024a hap2 2025)
GCA_905333045.1_ilLysBell1.1	Adonis blue
GCA_000733445.1_LLoa-hgap-1	African eye worm (CAT 2014)
GCA_003951495.1_AfunF3	African malaria mosquito (FUMOZ 2018)
GCF_000005575.2_AgamP3	African malaria mosquito (PEST 2006)
GCF_943734845.2_idAnoFuneDA-416_04	African malaria mosquito (primary hap DQ-416_04 2022)
GCF_943734735.2_idAnoGambNW_F1_1	African malaria mosquito (primary hap NW_F1_1 2022)
GCA_000150785.1_g4	African malaria mosquito (S 2008)
GCA_028142955.1_Pfu_4.1A	Akoya pearl oyster (2022)
GCA_002216045.1_PinMar1.0	Akoya pearl oyster (pearl oyster-OUG 2017)
GCF_000220905.1_MROT_1.0	alfalfa leafcutting bee
GCF_003710045.2_USU_Nmel_1.3	alkali bee (v1.3 Touchet_males 2018)
GCF_040183065.1_P.americana_PAMFEO1_priV1	American cockroach (PAMFEO1 primary hap 2024)
GCF_021461395.2_iqSchAmer2.1	American grasshopper (TAMUIC-IGC-003095 2022)
GCF_020809275.1_ASM2080927v1	American house dust mite (JKM2019 2021)
GCF_018991925.1_GMGI_Hamer_2.0	American lobster
GCA_000211455.3_A_darlingi_v1	American malaria mosquito (2013)
GCF_943734745.1_idAnoDarlMG_H_01	American malaria mosquito (primary hap 2022)
GCA_900624975.1_A_costaricensis_Costa_Rica_0011_upd	American rat lungworm (Costa Rica 2018)
GCA_022747625.1_ioHetAmer1.0.a	American ruby spot damselfly (1083.01 alternate hap 2022)
GCA_022747635.1_ioHetAmer1.0.p	American ruby spot damselfly (1083.01 primary hap 2022)
GCF_022747635.1_ioHetAmer1.1.p	American ruby spot damselfly (primary hap 2022)
GCA_900088365.1_Bl71nemr	amphioxus (2018)
GCF_000764305.2_Hazt_2.0.2	amphipods H.azteca (HAZT.00-mixed v2.0.2 2019)
GCA_001587735.2_Phaw_5.0	amphipods P.hawaiensis (Chicago-F 2018)
GCA_903995115.1_Adeanei_nanopore_chromosomes	Angomonas (Crithidia deanei Carvalho ATCC PRA-265 2020)
GCF_000143395.1_Attacep1.0	ant A.cephalotes
GCF_001594045.1_Acol1.0	ant A.colombica
GCF_047496725.1_ASM4749672v1	ant A.gracilipes (2025)
GCF_001594065.2_Ccosl1.0	ant C.costatus (v2 MS0001 2016)
GCF_021464435.1_ULB_Chis1_1.0	ant C.hispanica (Lineage 1 2022)
GCF_019399895.1_Cobs3.1	ant C.obscurior (alpha-2009 2024)
GCF_013202065.1_CoteBio_Ctyphae	ant C.typhae (Kobodo isofemale line 2021)
GCA_025532165.1_iyCamVici1.0	ant C.vicinus (PSW18456_S1 2022)
GCF_001313825.1_ASM131382v1	ant D.quadriceps
GCF_003651465.1_ASM365146v1	ant F.exsecta
GCF_005281655.2_TAMU_Nfulva_1.1	ant N.fulva (TAMU-Nful-2015 v1.1 2019)
GCF_010583005.1_Obru_v1	ant O.brunneus
GCF_002006095.1_ASM200609v1	ant P.gracilis
GCF_030449975.1_iyPolMexi1.0	ant P.mexicanus (NDT 795.1 2023)
GCF_001594075.2_Tcor1.1	ant T.cornetzi (Tcor2-1 v1.1 2016 BGI)
GCF_003070985.1_ASM307098v1	ant T.curvispinosus
GCF_030848805.1_Tlon_JGU_v1	ant T.longispinosus (EJ_2023e 2024)
GCF_030848795.1_tnyl_v1.0	ant T.nylanderi (EJ_2023f 2023)
GCF_001594115.1_Tsep1.0	ant T.septentrionalis
GCF_001594055.1_Tzet1.0	ant T.zeteki
GCF_000949405.1_V.emery_V1.0	ant V.emeryi
GCA_902439185.1_CINCED3	aphids C.cedri (2019)
GCA_948098885.1_ihDrePlat2.1	aphids D.platanoidis (primary hap 2023)
GCA_017140985.1_hormaphis_cornu_26Sep2017_PoQx8	aphids H.cornu (80 2021)
GCF_002803265.2_SCAv2.0	aphids M.sacchari (LSU 2018)
GCA_008086715.1_ASM808671v1	aphids S.miscanthi (Langfang-1 2019)
GCF_002563875.1_Bbes1.0	apicomplexans B.besnoiti (Bb-Ger1 2017)
GCA_000723445.1_BBBOND_0001	apicomplexans B.bigemina (BOND 2014)
GCF_000981445.1_Bbig001	apicomplexans B.bigemina (Bond 2014)
GCF_000165395.2_ASM16539v2	apicomplexans B.bovis (T2Bo 2021)
GCF_024862765.1_Bcaballi_D6B2_v1.0	apicomplexans B.caballi (USDA-D6B2 2022)
GCA_018398725.1_ASM1839872v1	apicomplexans B.divergens (1802A 2021)
GCA_001077455.2_ASM107745v2	apicomplexans B.divergens (Rouen 1987 2018)
GCA_024586265.1_ASM2458626v1	apicomplexans B.duncani (WA1 2022)
GCF_028658345.1_Bduncani_v1	apicomplexans B.duncani (WA1 2023)
GCA_001650055.1_ASM165005v1	apicomplexans B.microti (ATCC 30222 2016)
GCA_001650065.1_ASM165006v1	apicomplexans B.microti (ATCC PRA-99 2016)
GCA_001650105.1_ASM165010v1	apicomplexans B.microti (GI 2016)
GCA_001650075.1_ASM165007v1	apicomplexans B.microti (GreenwichYale_Lab_strain_1 2016)
GCA_001650145.1_ASM165014v1	apicomplexans B.microti (Nan_Hs_2011_N11-50 2016)
GCA_001650135.1_ASM165013v1	apicomplexans B.microti (Naushon 2016)
GCF_000691945.2_ASM69194v2	apicomplexans B.microti strain (RI 2015)
GCF_002897235.1_Bovata_7.1	apicomplexans B.ovata (Miyake 2017)
GCA_023705535.2_Bovis.genome.20180530v2	apicomplexans B.ovis (Selcuk 2022)
GCF_002095265.1_B_xinjiang1.0	apicomplexans B.sp. (Xinjiang 2017)
GCF_001865355.1_ASM186535v1	apicomplexans C.andersoni (30847 2016)
GCA_001593455.1_CryBaiTAMU-09Q1-1.0	apicomplexans C.baileyi (TAMU-09Q1 2016)
GCF_009768925.1_ASM976892v2	apicomplexans C.bovis (45015 2021)
GCF_000769155.1_ASM76915v2	apicomplexans C.cayetanensis (CHN_HEN01 2016)
GCF_002999335.1_CcayRef3	apicomplexans C.cayetanensis (NF1_C8 2018)
GCA_020283715.1_ASM2028371v1	apicomplexans C.felis (Winnie 2021)
GCA_002223825.1_C.hominis.v1	apicomplexans C.hominis (2015)
GCA_001483515.1_ASM148351v1	apicomplexans C.hominis (30976 2015)
GCA_000804495.1_ASM80449v1	apicomplexans C.hominis (37999 2014)
GCF_000006425.1_ASM642v1	apicomplexans C.hominis (TU502 2004 refseq)
GCA_000006425.2_ASM642v2	apicomplexans C.hominis (TU502 2013 genbank)
GCA_001593465.1_CryHomTU502-1.0	apicomplexans C.hominis (TU502_2012 2016)
GCA_001593475.1_CryHomUKH1-1.0	apicomplexans C.hominis (UKH1 2016)
GCA_001593445.1_CryMelUKMEL1-1.0	apicomplexans C.meleagridis (UKMEL1 2016)
GCF_000006515.1_JCVI_cmg_v1.0	apicomplexans C.muris (RN66 2008)
GCA_019844115.2_ASM1984411v2	apicomplexans C.parvum (2021)
GCF_000165345.1_ASM16534v1	apicomplexans C.parvum (Iowa type II 2007)
GCA_015245375.1_ASM1524537v1	apicomplexans C.parvum (IOWA-ATCC 2020)
GCF_009792415.1_ASM979241v2	apicomplexans C.ryanae (45019 2022)
GCA_000831705.1_ASM83170v1	apicomplexans C.sp. (chipmunk LX-2015 2015)
GCF_004936735.1_CCh_genotype_I	apicomplexans C.sp. chipmunk genotype I (37763 2021 refseq)
GCF_002600585.1_ASM260058v1	apicomplexans C.suis (Wien I 2017)
GCA_007210665.1_Ctyz_UGA_55	apicomplexans C.tyzzeri (UGA55 2019)
GCF_001865345.1_ASM186534v1	apicomplexans C.ubiquitum (39726 2016)
GCF_000499425.1_EAH001	apicomplexans E.acervulina (Houghton 2013)
GCA_000499725.1_EBH001	apicomplexans E.brunetti (Houghton 2013)
GCA_002271815.1_ASM227181v1	apicomplexans E.falciformis (Bayer Haberkorn 1970 2017)
GCF_000499605.1_EMW001	apicomplexans E.maxima (Weybridge 2013)
GCF_000499745.2_EMH001	apicomplexans E.mitis (Houghton 2013)
GCF_000499385.1_ENH001	apicomplexans E.necatrix (Houghton 2013)
GCA_000499445.1_EPH001	apicomplexans E.praecox (Houghton 2013)
GCA_905310635.1_pEimTen1.1	apicomplexans E.tenella (2021)
GCF_000499545.1_ETH001	apicomplexans E.tenella (v1 Houghton 2013)
GCF_000499545.2_ETH001	apicomplexans E.tenella (v2 Houghton 2013)
GCF_000223845.1_GNI3	apicomplexans G.niphandrodes (2014)
GCF_000258005.1_HHA1_v02	apicomplexans H.hammondi (H.H.34 2014)
GCA_902459845.2_HEP1	apicomplexans H.sp. ex Piliocolobus tephrosceles (2020)
GCA_001625125.1_ASM162512v1	apicomplexans H.tartakovskyi (SISKIN1 2016)
GCF_000208865.1_ASM20886v2	apicomplexans N.caninum (Liverpool 2011)
GCA_016097395.1_Ncaninum_LIV	apicomplexans N.caninum (Liverpool 2020)
GCF_900002375.2_GCA_900002375	apicomplexans P.berghei (ANKA 2019)
GCF_023973825.1_ASM2397382v1	apicomplexans P.brasilianum (Bolivian I 2022)
GCF_019968955.1_MNHN_PgigA_v1	apicomplexans P.cf. gigantea (A 2021)
GCA_019968985.2_MNHN_PgigB_v1.1	apicomplexans P.cf. gigantea (B 2021 genbank)
GCF_019968985.1_MNHN_PgigB_v1.1	apicomplexans P.cf. gigantea (B 2021 refseq)
GCF_900002335.3_GCA_900002335	apicomplexans P.chabaudi chabaudi (AS 2019)
GCF_001680005.1_ASM168000v1	apicomplexans P.coatneyi (Hackeri 2016)
GCA_900180395.1_PcyM	apicomplexans P.cynomolgi (M 2017)
GCF_000321355.1_PcynB_1.0	apicomplexans P.cynomolgi strain (B 2012)
GCF_000956335.1_Plas_frag_nilgiri_V1	apicomplexans P.fragile (nilgiri 2015)
GCA_900097045.1_PGABG01	apicomplexans P.gaboni (2021)
GCF_001602025.1_ASM160202v1	apicomplexans P.gaboni (SY75 2016)
GCF_900005855.1_PGAL8A	apicomplexans P.gallinaceum (8A 2016)
GCF_002157705.1_Pgonderi_assembly01	apicomplexans P.gonderi (ATCC 30045 2017)
GCF_000524495.1_Plas_inui_San_Antonio_1_V1	apicomplexans P.inui (San Antonio 1 2014)
GCA_900162085.1_PkA1H1_v1	apicomplexans P.knowlesi (2017)
GCA_002140095.1_PKNOHv1	apicomplexans P.knowlesi (Malayan Strain Pk1 A 2017)
GCF_000006355.2_GCA_000006355.2	apicomplexans P.knowlesi strain (H 2020)
GCA_900097025.1_PRG01	apicomplexans P.reichenowi (2018)
GCF_000723685.1_PREICH001	apicomplexans P.reichenowi (CDC 2014)
GCF_001601855.1_ASM160185v1	apicomplexans P.reichenowi (SY57 2016)
GCF_900005765.1_PRELSG	apicomplexans P.relictum (SGS1 2016)
GCA_900257145.2_Plasmodium_billcollinsi	apicomplexans P.sp. DRC-Itaito (2020)
GCA_900095595.1_PPRFG01	apicomplexans P.sp. gorilla clade G1 (2018)
GCF_900097015.1_PADLG01	apicomplexans P.sp. gorilla clade G2 (2018)
GCA_900097035.1_PBLACG01	apicomplexans P.sp. gorilla clade G3 (2018)
GCA_903994265.1_PVSEL_v1	apicomplexans P.vinckei (2020)
GCF_000709005.1_Plas_vinc_vinckei_V1	apicomplexans P.vinckei (vinckei 2014)
GCA_903994205.1_PVBDA_v1	apicomplexans P.vinckei brucechwatti (2020)
GCA_903994225.1_PVLDE_v1	apicomplexans P.vinckei lentum (2020)
GCA_903994235.1_PVPCR_v1	apicomplexans P.vinckei petteri (2020)
GCA_000524515.1_Plas_vinc_pett_CR_V1	apicomplexans P.vinckei petteri (CR 2014)
GCF_900681995.1_PVVCY_v1	apicomplexans P.vinckei vinckei (2019)
GCF_900002385.2_GCA_900002385	apicomplexans P.yoelii (17X 2019)
GCA_900002395.1_PYYM01	apicomplexans P.yoelii (YM 2014)
GCF_000003085.2_ASM308v2	apicomplexans P.yoelii yoelii (17XNL 2002)
GCA_020844765.3_17XNL_PSU_2	apicomplexans P.yoelii yoelii (17XNL clone 1.1 2023)
GCA_000875885.1_ASM87588v1	apicomplexans S.neurona (SN1 2015)
GCA_000727475.1_ASM72747v1	apicomplexans S.neurona (SN3 2014)
GCA_000003225.1_ASM322v1	apicomplexans T.annulata (v1 Ankara isolate clone C9 2005)
GCF_000003225.2_ASM322v1	apicomplexans T.annulata (v2 Ankara isolate clone C9 2005)
GCF_000003225.4_ASM322v1	apicomplexans T.annulata (v4 Ankara isolate clone C9 2005)
GCF_000342415.1_JCVI-bewag-v1.1	apicomplexans T.equi strain (WA 2012)
GCA_000250965.2_TGARI_v2	apicomplexans T.gondii (ARI 2016)
GCA_000256705.2_TGCAST_v2	apicomplexans T.gondii (CAST 2018)
GCA_000338675.2_TGCOUG_v2	apicomplexans T.gondii (COUG 2017)
GCA_000278365.1_ASM27836v1	apicomplexans T.gondii (CtCo5 2012)
GCA_000224905.2_TGFOU1v02	apicomplexans T.gondii (FOU 2014)
GCA_000325525.2_TGGABGALDOM2_v2.1	apicomplexans T.gondii (GAB2-2007-GAL-DOM2 2014)
GCA_000149715.2_TGGT1	apicomplexans T.gondii (GT1 2013)
GCA_000224865.2_TGMAS1_v2	apicomplexans T.gondii (MAS 2014)
GCA_014898695.1_ASM1489869v1	apicomplexans T.gondii (ME49xCTG S27 2020)
GCA_000224885.2_TGP89A_v02	apicomplexans T.gondii (p89 2014)
GCA_001593265.1_ToxRH1.0	apicomplexans T.gondii (RH 2016)
GCA_013099955.1_tgrh88	apicomplexans T.gondii (RH-88 2020)
GCA_000224805.2_TGRUB_v2	apicomplexans T.gondii (RUB 2014)
GCA_000259835.1_TGCATBR5	apicomplexans T.gondii (TgCATBr5 2011)
GCA_000224825.2_TGCATBR9_v2	apicomplexans T.gondii (TgCATBr9 2018)
GCA_000256725.2_TGCATPRC2_v2	apicomplexans T.gondii (TgCatPRC2 2016)
GCA_000224845.2_TGVAND_v2	apicomplexans T.gondii (VAND 2014)
GCA_000150015.2_TGVEG	apicomplexans T.gondii (VEG 2013)
GCA_003072545.4_EMAI_ToriFCr_1	apicomplexans T.orientalis (Fish Creek 2022)
GCA_003072535.4_EMAI_ToriGNu_1	apicomplexans T.orientalis (Goon Nure 2022)
GCF_000740895.1_ASM74089v1	apicomplexans T.orientalis strain (Shintoku 2012)
GCF_000165365.1_ASM16536v1	apicomplexans T.parva strain (Muguga 2005)
GCF_013731165.1_Rhpom_1.0	apple maggot
GCF_000217595.1_Lhum_UMD_V04	Argentine ant
GCF_040581485.1_Lhum_UNIL_v1.0	Argentine ant (Giens D197 2024)
GCF_000475195.1_Diaci_psyllid_genome_assembly_version_1.1	Asian citrus psyllid
GCA_001632725.1_ASM163272v1	Asian clam (DE_01 2016)
GCF_004193835.3_ASM419383v2	Asian corn borer (v3 ACB-3 2019)
GCF_014083535.2_V.mandarinia_Nanaimo_p1.0	Asian giant hornet
GCF_000390285.2_Agla_2.0	Asian longhorned beetle
GCF_013141755.1_UCI_ANSTEP_V1.0	Asian malaria mosquito
GCA_000300775.2_ASM30077v2	Asian malaria mosquito (Indian Wild Type Walter Reed 2013)
GCA_000349045.1_Anop_step_SDA-500_V1	Asian malaria mosquito (SDA-500 2013)
GCF_000836235.2_Pxut_1.1	Asian swallowtail (v2 2015)
GCA_900618005.1_T_asiatica_South_Korea_0011_upd	Asian tapeworm (2018)
GCA_001693035.2_Taenia_asiatica_TASYD01_v1	Asian tapeworm (TASYD01 2016)
GCA_018104305.1_AalbF3	Asian tiger mosquito (AalbF3 FPA 2021)
GCA_006516635.1_Aalbo_alts_of_PRJNA530512	Asian tiger mosquito (Aalbo alternate FPA 2019)
GCF_001876365.2_canu_80X_arrow2.2	Asian tiger mosquito (C6/36 2017 refseq)
GCF_035046485.1_AalbF5	Asian tiger mosquito (Foshan 2024)
GCA_001444175.2_A.albopictus_v1.1	Asian tiger mosquito (Foshan BGI 2016)
GCF_006496715.2_Aalbo_primary.1	Asian tiger mosquito (v2 FPA 2019)
GCF_001442555.1_ACSNU-2.0	Asiatic honeybee
GCF_029169275.1_AcerK_1.0	Asiatic honeybee (GH-2021 2023)
GCF_028750875.1_UCM_ALF_1.0	aster leafhopper (MER2022 2023)
GCF_000517525.1_Limulus_polyphemus-2.1.2	Atlantic horseshoe crab
GCF_026875155.1_ASM2687515v2	Australian red claw crayfish (HC-2022 2022)
GCF_038502225.1_ASM3850222v1	Australian red claw crayfish (ZL_2023a 2024)
GCF_009602425.1_ASM960242v1	Australian red waratah sea anemone
GCF_000699065.1_Lcup_2.0	Australian sheep blowfly
GCF_022045245.1_ASM2204524v1	Australian sheep blowfly (Lc7/37 2022)
GCF_000151665.1_ASM15166v1	B.hominis (Singapore isolate B sub-type 7 2010)
GCF_000002995.4_B_malayi-4.0	B.malayi (v4 2019 agent of lymphatic filariasis)
GCA_001262475.1_ASM126247v1	B.mandrillaris (2046 2015)
GCA_001185145.1_ASM118514v1	B.mandrillaris (CDC-V039 2015)
GCF_000743755.1_ASM74375v1	B.sp. subtype 4 (WR1 2014)
GCF_031769215.1_AGI_CSIRO_Ybal_v1	Ballot's saucer scallop (Yb309-2  2023)
GCA_964166675.1_xgCepNemo3.hap2.1	banded wood snail (xgCepNemo3.hap2.1 2024)
GCA_000469685.2_haemonchus_contortus_MHCO3ISE_4.0	barber pole worm (ISE/inbred ISE 2018)
GCA_000442195.1_Hco_v4_coding	barber pole worm (McMaster 2013)
GCF_000671375.1_Cexi_2.0	bark scorpion
GCF_015706575.1_ASM1570657v1	bat star
GCF_041381155.1_Ai_NY	bay scallop (NY 2024)
GCF_000648675.2_Clec_2.1	bed bug
GCF_024516045.1_iyBomAffi1.2	bee B.affinis (iyBomAffi1 2022)
GCF_011952205.1_Bbif_JDL3187	bee B.bifarius
GCF_041682495.1_iyBomFerv1	bee B.fervidus (BK054 2024)
GCF_041682495.2_iyBomFerv1	bee B.fervidus (BK054 2025)
GCF_040668555.1_iyBomFlav1_principal	bee B.flavifrons (JBK064 primary hap 2024)
GCF_024542735.1_iyBomHunt1.1	bee B.huntii (Logan2020A 2022)
GCF_905332965.1_iyBomPasc1.1	bee B.pascuorum (primary hap 2021)
GCF_014825855.1_ASM1482585v1	bee B.pyrosoma
GCF_011952275.1_Bvanc_JDL1245	bee B.vancouverensis nearcticus
GCF_011952255.1_Bvos_JDL3184-5_v1.1	bee B.vosnesenskii
GCF_001652005.2_ASM165200v1	bee C.calcarata (v2 Rehan_Ccalc_2016 2016)
GCF_013123115.1_ASM1312311v1	bee C.gigas
GCF_001272555.1_ASM127255v1	bee D.novaeangliae
GCF_001483705.2_ASM148370v2	bee E.mexicana (v2 0111107269 2016)
GCF_011392965.1_Fvar_1.2	bee F.varia
GCF_026225885.1_UHH_iyHylAnth1.0_haploid	bee H.anthracinus (JK02 2022)
GCF_001263275.1_ASM126327v1	bee H.laboriosa
GCF_026283585.1_UHH_iyHylVolc1.0_haploid	bee H.volcanicus (JK05 2022)
GCF_011865705.1_USU_MGEN_1.2	bee M.genalis
GCA_963969225.2_iyXylViol4.1	bee X.violacea (2024)
GCA_001693075.2_ASM169307v2	beef tapeworm (TSAYD01 2016)
GCA_011316535.1_NJAU_Sexi_v1	beet armyworm
GCF_025399875.1_Caltech_Dcor_3.1	beetle D.coriaria (IRGN ID8LTWV9N9 2023)
GCF_040954645.1_icDiaUnde3	beetle D.undecimpunctata (CICGRU primary hap 2024)
GCF_040115645.1_ASM4011564v1	beetle E.fornicatus (EFF26 2024)
GCF_039881205.1_ESF131.1	beetle E.similis (ESF13 2024)
GCF_914767665.1_icHarAxyr1.1	beetle H.axyridis
GCF_001412225.1_Nicve_v1.0	beetle N.vespilloides
GCF_000648695.1_Otau_2.0	beetle O.taurus
GCF_036711975.1_IU_Otau_3.0	beetle O.taurus (NC 2024)
GCF_036711695.1_CSIRO_AGI_Zmor_V1	beetle Z.morio (UQ-CSIRO AGI-343-1 2024)
GCA_019207075.1_Bb-hap	Belcher's lancelet (bbbf 2021)
GCF_001625305.1_Haploidv18h27	Belcher's lancelet (outbred BF01 2016)
GCA_016801955.1_ASM1680195v1	Betula cone snail C.betulinus (CN-2020 2021)
GCA_019425515.1_ASM1942551v1	bird cherry-oat aphid (Rp-YL-2016 2021)
GCF_020882245.1_ASM2088224v1	bird cherry-oat aphid (XX-2018 2021)
GCF_963676685.1_xbMytEdul2.2	bivalve M.edulis (primary hap 2024)
GCF_033153115.1_CSIRO_AGI_Sech_v1	bivalve S.echinata (Australia AGI-Se365-2 2023)
GCF_023158985.2_OEROSLIN_1.1	bivalves O.edulis (OE_ROSLIN_2020 2022)
GCA_022045225.1_xgHalCrac1.a	black abalone (W230 alternate hap 2022)
GCA_022045235.1_xgHalCrac1.p	black abalone (W230 primary hap 2022 genbank)
GCF_022045235.1_xgHalCrac1.p	black abalone (W230 primary hap 2022 refseq)
GCA_001735545.1_ASM173554v1	black blowfly (Indy2012f 2016)
GCF_015345945.1_Tmad_KSU_1.1	black flour beetle
GCF_000247585.1_PP_INRA-310_V2	black shank of tobacco agent (INRA-310 2013)
GCF_015228065.2_NSTDA_Pmon_1	black tiger shrimp (v2 SGIC_2016 2020)
GCA_905163515.1_ilLymMona1.1	black-arched tussock moth
GCF_002892825.2_ISE6_asm2.2_deduplicated	black-legged tick (JCVI 2018)
GCF_016920785.2_ASM1692078v2	black-legged tick (U.Maryland v2 2021)
GCF_000208615.1_JCVI_ISG_i3_1.0	black-legged tick (Wikel colony 2008 refseq)
GCA_905220585.1_ilNymPoly1.1	blackleg tortoiseshell
GCF_003918875.1_ASM391887v1	blacklip abalone
GCA_028554745.1_ASM2855474v1	Blastocrithidia sp. (p57 2023)
GCA_020509355.1_ASM2050935v1	Blechomonas ayalai (B08-376 2021)
GCF_947242115.1_xgBioGlab47.1	bloodfluke planorb (primary hap 2022)
GCF_000457365.2_ASM45736v2	bloodfluke planorb (v2 BB02 2013 refseq)
GCA_900624965.1_S_vulgaris_Kentucky_0011_upd	bloodworm (2018)
GCA_001460835.1_BSAL	Bodo saltans (Lake Konstanz 2015)
GCF_022605725.1_icAntGran1.3	boll weevil (2022)
GCA_000816705.1_D_viviparus_9.2.1.ec.pg	bovine lungworm (HannoverDv2000 2015)
GCF_001039355.2_LinAna2.0	brachiopods L.anatina
GCA_000499105.1_Naegleria_fowleri_1.0	brain-eating amoeba (ATCC 30863 2013)
GCF_008403515.1_ASM840351v1	brain-eating amoeba (ATCC 30894 2019)
GCA_014843625.1_ASM1484362v1	brain-eating amoeba (Ty 2020)
GCF_039555335.1_Afil_fr2py	brittle stars A.filiformis (2024)
GCA_900617775.1_D_latum_Geneva_0011_upd	broad fish tapeworm (2018)
GCA_031213475.1_uoNerLuet1.0	brown algae (2023)
GCF_905147365.1_ilAriAges1.1	brown argus butterfly (refseq 2021)
GCF_013339695.2_BIME_Rsan_1.4	brown dog tick (v1.4 Rsan-2018 2022)
GCF_000696795.2_Hhal_2.0	brown marmorated stink bug
GCF_000696795.3_Hhal_1.1	brown marmorated stink bug (HHAL.00 2019)
GCF_000757685.1_NilLug1.0	brown planthopper (NLH13 2014)
GCF_014356525.2_ASM1435652v1	brown planthopper (v2 BPH 2020)
GCF_963576615.1_tzWatSuba1.1	bryozoans W.subatra (primary hap 2023)
GCF_000214255.1_Bter_1.0	buff-tailed bumblebee (2011 BCM)
GCF_910591885.1_iyBomTerr1.2	buff-tailed bumblebee (2022 Wellcome Sanger)
GCA_009739505.2_ASM973950v2	bugs A.lucorum (12Hb 2020)
GCA_000181055.3_Rhodnius_prolixus-3.0.3	bugs R.prolixus (2015)
GCF_049639745.1_Rpr	bugs R.prolixus (KJV_2025 2025)
GCA_011037195.1_UVM_Tinf_1.0	bugs T.infestans (FIOC_28 2020)
GCA_031763025.1_ASM3176302v1	bull kelp M.pyrifera (CI_03 2023)
GCA_963855885.1_ilCoeGlyc1.1	butterfly C.glycerion (2023)
GCA_905187585.1_ilCyaSemi1.1	butterfly C.semiargus
GCA_019049475.1_ASM1904947v1	butterfly E.isabella
GCA_905147385.1_ilLimCami1.1	butterfly L.camilla
GCF_905404315.1_ilLepSina1.1	butterfly L.sinapis (2021 refseq)
GCA_905220545.1_ilMelAtha1.1	butterfly M.athalia
GCA_905404155.1_ilPleArgu1.1	butterfly P.argus
GCF_905475465.1_ilPieNapi1.2	butterfly P.napi (v1.2 refseq 2022)
GCF_002938995.1_ASM293899v1	butterfly V.tameamea
GCA_002024145.1_C_fragrantissima_v5	C.fragrantissima (CCCM101 2017)
GCA_002811645.1_ASM281164v1	C.limacisporum (Hawaii 2017)
GCA_018398765.1_ASM1839876v1	C.velia (CCMP2878 2021)
GCF_003590095.1_tn1	cabbage looper
GCA_905163435.1_ilMamBras1.1	cabbage moth
GCF_001856805.1_P_rapae_3842_assembly_v2	cabbage white
GCF_905147795.1_ilPieRapa1.1	cabbage white (refseq 2021)
GCA_021869935.1_xbMytCali1.0.a	California mussel (M0D057914Y alternate hap 2022)
GCF_021869535.1_xbMytCali1.0.p	California mussel (M0D057914Y primary hap 2022)
GCF_000002075.1_AplCal3.0	California sea hare
GCF_001194135.2_ASM119413v2	California two-spot octopus (v2 UCB-OBI-ISO-001 male 2022)
GCA_000973045.2_ASM97304v2	castor bean tick (Charles River 2016)
GCF_003426905.1_ASM342690v1	cat flea
GCF_030620025.1_CSIRO_AGI_Pver_v1	cauliflower coral (Pver-AG016-CSIRO1 2023)
GCF_000787575.1_Asub_2.0	cellular slime mold A.subglobosum (LB1 2014)
GCF_000203815.1_DFas_2.0	cellular slime mold C.fasciculata (SH3 2011)
GCF_000004695.1_dicty_2.7	cellular slime mold D.discoideum (AX4 2009)
GCF_000190715.1_v1.0	cellular slime mold D.purpureum (QSDP1 2011)
GCF_000004825.1_PolPal_Dec2009	cellular slime mold H.album (PN500 2010)
GCA_000004695.1_dicty_2.7	cellular slime molds (AX4 2009)
GCA_000190715.1_v1.0	cellular slime molds (QSDP1 2011)
GCF_021461385.2_iqSchPice1.1	Central American locust (TAMUIC-IGC-003096 2022)
GCA_004765925.1_PBRC_Esco_1.0	cephalopods E.scolopes (PROMET0715V01 2019)
GCF_024679095.1_ASM2467909v1	Chinese mitten crab (Jianghai 21 2022)
GCF_032854445.1_CUHK_Ljap_v2	chiton L.japonica (JHLJ2023 2024)
GCF_000220395.1_JCVI-IMG1-V.1	ciliates I.multifiliis (G5 2011)
GCA_000711775.1_Oxytricha_MIC_v2.0	ciliates Oxytricha trifallax (JRB310 2014)
GCA_001297925.1_ASM129792v1	ciliates Oxytricha trifallax (JRB510 2015)
GCA_000295675.2_oxytricha_jrb310_mac_pacbio	ciliates Oxytricha trifallax (v2 JRB310 2020)
GCF_000141845.1_ASM14184v1	ciliates P.tetraurelia strain (Stock d4-2 2004)
GCF_000189635.1_JCVI-TTA1-2.2	ciliates T.thermophila (SB210 2009)
GCF_950023065.1_ihPlaCitr1.1	citrus mealybug (primary hap 2023)
GCF_014898815.1_ASM1489881v1	citrus red mite (McGregor SS 2020)
GCF_003672135.1_Obir_v5.4	clonal raider ant
GCF_905220415.1_ilColCroc2.1	clouded yellow (refseq 2021)
GCA_003425675.2_Cpom.V2	codling moth (Jiuquan 2019)
GCF_033807575.1_ilCydPomo1	codling moth (Wapato2018A 2023)
GCF_917208135.1_iyAthRosa1.1	coleseed sawfly (2021 Wellcome Sanger)
GCF_000344095.2_Aros_2.0	coleseed sawfly (CS-ADULT 2019 i5k)
GCF_000500325.1_Ldec_2.0	Colorado potato beetle
GCF_025532065.1_Ldec_3_MD	Colorado potato beetle (2022)
GCF_026151205.1_MBARI_Bmic_1.0	comb jelly B.microptera (Bmic1 2022)
GCF_036588685.1_PNRI_Mtr1.1.1.hap1	common blue mussel (FHL-02 hap1 2024)
GCA_905404135.1_ilHesComm1.1	common branded skipper
GCA_905333005.1_ilLycPhla1.1	common copper
GCF_000188095.3_BIMP_2.2	common eastern bumble bee
GCF_008802855.1_Ppyr1.3	common eastern firefly
GCF_015586225.1_ASM1558622v1	common green bottle fly
GCF_905475395.1_inChrCarn1.1	common green lacewing
GCF_000365465.3_Ptep_3.0	common house spider (v3 Goettingen 2019 refseq)
GCF_043381705.1_CAS_Ptep_4.0	common house spider (YZ-2023 2024)
GCF_932274485.2_xgPatVulg1.2	common limpet (v2 primary hap 2022)
GCF_000836215.1_Ppol_1.0	common Mormon
GCF_010416935.1_CU_Pfus_HIC	common paper wasp
GCF_021134715.1_ASM2113471v1	common water flea (KAP4 2021)
GCF_912999745.1_ilPapMach1.1	common yellow swallowtail (Sanger 2021)
GCF_001298355.1_Pap_ma_1.0	common yellow swallowtail (ya'a_city_454_Pm BGI 2015)
GCF_022581195.2_ilHelZeax1.1	corn earworm (HzStark_Cry1AcR 2022)
GCF_003676215.2_ASM367621v3	corn leaf aphid
GCA_917880025.4_PGI_APHIGO_v101	cotton aphid (2022)
GCF_004010815.1_ASM401081v1	cotton aphid (AGOS-L3 2019)
GCF_020184175.1_ASM2018417v2	cotton aphid (Hap1 2021)
GCA_020184165.1_ASM2018416v1	cotton aphid (Hap3 2021)
GCF_030705265.1_ASM3070526v1	cotton bollworm (CAAS_96S 2023)
GCF_002156985.1_Harm_1.0	cotton bollworm (Harm_GR_Male_#8 2017 refseq)
GCF_023701775.1_HaSCD2	cotton bollworm (SCD 2022)
GCF_011630105.1_ASM1163010v1	crinoids A.japonica
GCF_964355755.1_ecAntMedi1.1	crinoids A.mediterranea (2024)
GCA_000331325.2_Crithidia_fasciculata-14.0	Crithidia fasciculata (Cf-Cl 2015)
GCF_001949145.1_OKI-Apl_1.0	crown-of-thorns starfish
GCF_019059575.1_NRLGWU_Aamphi_draft	crustacean A.amphitrite
GCF_032884065.1_ASM3288406v1	crustacean A.franciscana (2023)
GCF_022539665.2_CSIRO_AGI_Dcar_HiC_V3	crustacean D.carinata (v2 CSIRO-1 2023)
GCF_020631705.1_ASM2063170v1.1	crustacean D.magna (NIES Sungkyunkwan U. 2021)
GCF_003990815.1_ASM399081v1	crustacean D.magna (SK Sungkyunkwan U. 2019 refseq)
GCF_021234035.1_SC_F0-13Bv2	crustacean D.pulicaria (SC F1-1A 2022)
GCF_000591075.1_Eaff_2.0	crustacean E.affinis
GCF_036898095.1_ASM3689809v2	crustacean P.carinicauda (YSFRI2023 2024)
GCF_018983055.1_CIBA_Pind_1.3	crustacean P.indicus (CIBA_PI_04 2021)
GCF_017312705.1_Mj_TUMSAT_v1.0	crustacean P.japonicus
GCF_036320965.1_ASM3632096v1	crustacean P.ornatus (Po-2019 2024)
GCF_011947565.3_Ppol_2.1	crustacean P.pollicipes (v3 AB1234 2020)
GCA_020271785.1_DKFZ_Pvir_1.0	crustacean P.virginalis (Petshop 2018 2021)
GCA_011033025.1_UCSC_Bfor_v1	ctenophores B.forskalii (Bf201606 2020)
GCA_000695325.1_P.bachei_draft_genome_v.1.1	ctenophores P.bachei (2014)
GCF_921293095.1_ioIscEleg1.1	damselflies
GCF_023897955.1_iqSchGreg1.2	desert locust (iqSchGreg1 primary hap 2022)
GCA_019096205.1_PxLV.1	diamondback moth (LV U. Adelaide 2021)
GCF_905116875.1_Haplomerged_assembly	diamondback moth (U. Liverpool 2020)
GCF_932276165.1_ilPluXylo3.1	diamondback moth (Wellcome Sanger 2022)
GCA_030295235.1_Fsolaris_ONT_v03	diatoms F.solaris (JPCC DA0580 2022)
GCF_000150955.2_ASM15095v2	diatoms P.tricornutum (CCAP 1055/1 2008)
GCF_000149405.2_ASM14940v2	diatoms T.pseudonana (CCMP1335 2009)
GCA_002201625.1_Edil_v1.0	dilemma orchid bee (1 2017)
GCA_009767595.1_ASM976759v1	dinoflagellates S.kawagutii (SL-2019 2019)
GCA_905231925.1_Smic_04-503SCI.03	dinoflagellates S.microadriaticum (2021)
GCA_905231915.1_Snec_CCMP2469	dinoflagellates S.necroappetens (2021)
GCA_905231905.1_Spil_CCMP2461	dinoflagellates S.pilosum (2021)
GCA_964212145.1_pySymPilo4.1_alternate_haplotype	dinoflagellates S.pilosum (alternate hap 2024)
GCA_964212085.1_pySymPilo4.1	dinoflagellates S.pilosum (primary hap 2024)
GCA_905221635.1_Slin_CCMP2456	dinoflagellates S.sp. CCMP2456 (2021)
GCA_905221615.1_Stri_CCMP2592	dinoflagellates S.sp. CCMP2592 (2021)
GCA_003297005.1_SymA_ver_1.0	dinoflagellates S.sp. clade A (Y106 2018)
GCA_003297045.1_SymC_ver_1.0	dinoflagellates S.sp. clade C (Y103 2018)
GCA_905221625.1_Smic_CassKB8	dinoflagellates S.sp. KB8 (2021)
GCA_001493575.1_GIAS175	diplomonads (AS175 2013)
GCF_000497125.1_ASM49712v2	diplomonads (ATCC 50377 2021)
GCA_001543975.1_G_duodenalis_AssB_BAH15c1	diplomonads (BAH15c1 2016)
GCA_011634555.1_ASM1163455v1	diplomonads (beaver 2020)
GCA_022985015.1_USDA_CIA_1	diplomonads (CIA 2022)
GCA_000498715.1_ASM49871v1	diplomonads (DH 2013)
GCA_022985025.1_USDA_DID_1	diplomonads (DID 2022)
GCA_000498735.1_ASM49873v1	diplomonads (GS 2013)
GCA_011634595.1_ASM1163459v1	diplomonads (GS 2020)
GCA_000182405.1_ASM18240v1	diplomonads (GS/M clone H7 2009)
GCA_000182665.1_ASM18266v1	diplomonads (P15 2010)
GCA_006247105.1_UU_GM_1.1	diplomonads (Roberts-Thomson 2019)
GCF_000002435.2_UU_WB_2.1	diplomonads (v2 WB C6 2019)
GCA_011634545.1_ASM1163454v1	diplomonads (WB 2020)
GCA_001077395.1_ASM107739v1	dog heartworm nematode (2013)
GCA_024305405.1_ICBAS_JMDir_1.0	dog heartworm nematode (North_Portugal 2022)
GCA_003336725.1_A_caninum_9.3.2.ec.cg.pg	dog hookworm (Baltimore 2018)
GCA_000803305.1_Toxocara_canis_adult_r1.0	dog roundworm (PN_DK_2014 2014)
GCF_012273895.1_Zerene_cesonia_1.1	dogface butterfly
GCF_030269925.1_ASM3026992v2	domestic silkworm (p50T 2023)
GCF_014905235.1_Bmori_2016v1.0	domestic silkworm (refseq 2020)
GCA_003287315.1_Pcac_10300_v1	downy mildews (10300 2018)
GCF_900000015.1_Plasmopara_halstedii_genome	downy mildews (2015)
GCA_002247145.1_Plurivora_assembly_v1.fn	downy mildews (AV1007 2017)
GCA_000173235.2_HyaAraEmoy2_2.0	downy mildews (Emoy2 2012)
GCF_018691715.1_ASM1869171v1	downy mildews (GKB4 2021 refseq)
GCA_016618375.1_Pcap_4.1	downy mildews (LT1534-B 2021)
GCF_000149755.1_P.sojae_V3.0	downy mildews (P6497 2011)
GCA_003843895.1_ASM384389v1	downy mildews (R13 2018)
GCA_002911725.1_ASM291172v1	downy mildews (sbr112.9 2018)
GCA_905163495.1_ilCosTrap1.1	dun-bar pinion
GCA_905220475.1_ilEnnFusc2.1	dusky thorn
GCF_000209125.1_JCVI_EDISG_1.0	E.dispar (SAW760 2008)
GCA_018466815.1_ASM1846681v1	E.histolytica (DS4-868 2021)
GCF_000208925.1_JCVI_ESG2_1.0	E.histolytica (HM-1:IMSS 2008)
GCA_000365475.1_EHA_CA_v1	E.histolytica (HM-1:IMSS-A 2013)
GCA_000344925.1_EHA_CB_v1	E.histolytica (HM-1:IMSS-B 2013)
GCA_000346345.1_EHA.strHM3_v1	E.histolytica (HM-3:IMSS 2013)
GCA_000338855.1_EHA_ku27_v1	E.histolytica (KU27 2013)
GCA_019059535.1_ASM1905953v1	E.histolytica (KU48 2021)
GCA_020283535.1_ASM2028353v1	E.histolytica (KU50 2021)
GCA_917563895.1_Assembly_1	E.histolytica HM-1:IMSS (Rahman 2021)
GCF_000330505.1_EIA2_v2	E.invadens (IP1 2013)
GCA_002914575.1_ASM291457v1	E.moshkovskii (Laredo 2018)
GCA_000257125.1_ENU1_v1	E.nuttalli (P19 2012 genbank)
GCF_000257125.1_ENU1_v1	E.nuttalli (P19 2012 refseq)
GCF_006345805.1_ASM634580v1	East Asian common octopus
GCF_002022765.2_C_virginica-3.0	eastern oyster
GCF_025370935.1_NRCan_CFum_1	eastern spruce budworm (2022)
GCF_964030605.1_jaAcrPala1.3	elkhorn coral (primary hap 2025)
GCF_000699045.2_Apla_2.0	emerald ash borer
GCA_000333855.2_Endotrypanum_monterogeii-LV88-1.0.3	Endotrypanum monterogeii (LV88 2016)
GCA_019425605.1_ASM1942560v1	English grain aphid (Sa-YL-2016 2021)
GCA_022419445.1_ASM2241944v1	English grain aphid (SaG1 2022)
GCF_963855985.1_ilOstNubi1.1	European corn borer (primary hap 2023)
GCF_947568905.1_xbOstEdul1.1	European flat oyster (primary hap 2022)
GCF_910589235.1_iyVesCrab1.2	European hornet
GCF_001901225.1_ASM190122v2	European house dust mite
GCA_035149815.1_klBraLanc5.hap1	European lancelet (hap1 2024)
GCA_964187965.1_klBraLanc2.hap1.1	European lancelet (hap1.1 2024)
GCF_035083965.1_klBraLanc5.hap2	European lancelet (hap2 2024 refseq)
GCF_001465965.1_Pdom_r1.2	European paper wasp
GCF_905147045.1_ilAglIoxx1.1	European peacock (2021 refseq)
GCF_902459465.1_eAstRub1.3	European starfish (2020)
GCA_902459445.1_eAstRub1.2_alternate_haplotype	European starfish (alternate hap 2019)
GCF_000183805.2_Loa_loa_V3.1	eye worm
GCF_047663935.1_ASM4766393v1	face fly (F117 2025)
GCF_011064685.2_ZJU_Sfru_1.1	fall armyworm (Faw-zju v1.1 refseq 2020)
GCF_023101765.2_AGI-APGP_CSIRO_Sfru_2.0	fall armyworm (SF20-4 2022)
GCA_013407085.1_ASM1340708v1	flatworm A.winterbourni (NZ2018 2020)
GCA_900004735.1_ECANG7	flatworm E.canadensis (2016)
GCA_900618425.1_E_caproni_Egypt_0011_upd	flatworm E.caproni (Egypt 2018)
GCF_000524195.1_ASM52419v1	flatworm E.granulosus
GCA_021556725.1_ASM2155672v1	flatworm E.granulosus (EgG1s_protoscolex 2022)
GCA_000469725.3_EMULTI002	flatworm E.multilocularis (2015)
GCA_900683695.1_ASM90068369v1	flatworm E.oligarthrus (DaMi1 2019)
GCA_030506585.1_Fasciola_gigantica_isolate_Basrah-Iraq	flatworm F.gigantica (Basrah-Iraq 2023)
GCA_018104335.1_GXU_FGig_PAC.1.0	flatworm F.gigantica (China_swamp 2021)
GCA_012064415.1_ASM1206441v1	flatworm G.bullatarudis (Rox2016 2020)
GCA_000469805.3_HMN_v3	flatworm H.microstoma (2019)
GCA_900622495.1_H_taeniaeformis_Canary_Islands_0011_upd	flatworm H.taeniaeformis (2018)
GCA_900604375.1_M_corti_Specht_Voge_0011_upd	flatworm M.corti (2018)
GCA_002269645.1_Mlig_3_7	flatworm M.lignano (DV1 2017)
GCA_015252655.1_P_westermani_1.0.allp.flsh.newb.jlly.lrna	flatworm P.westermani (180907_Pwestermani 2020)
GCA_008508345.1_ASM850834v1	flatworm P.westermani (IND2009 2019)
GCA_900617795.1_P_xenopodis_South_Africa_001_upd	flatworm P.xenopodis (2019)
GCA_900617975.1_H_nana_Japan_0011_upd	flatworm R.nana (2018)
GCA_003958945.1_ASM395894v1	flatworm S.bovis (TAN1997 2019)
GCA_900618015.1_S_curassoni_Dakar_0011_upd	flatworm S.curassoni (Dakar, Senegal 2018)
GCF_000699445.3_UoM_Shae.V3	flatworm S.haematobium (v3 2022)
GCA_000151775.1_ASM15177v1	flatworm S.japonicum (Anhui 2009)
GCA_025215515.1_ASM2521551v1	flatworm S.japonicum (F4M4 2022)
GCA_006368765.1_ASM636876v1	flatworm S.japonicum (HuSjv2 2019)
GCA_021461655.1_ASM2146165v1	flatworm S.japonicum (SjaV3_Hu 2022)
GCF_000237925.1_ASM23792v2	flatworm S.mansoni
GCA_944470205.2_tdSchMarg1.2	flatworm S.margrebowiei (2022)
GCA_900618435.1_S_solidus_NST_G2_0011_upd	flatworm S.solidus (NST_G2 2018)
GCA_001923025.3_ASM192302v3	flatworm T.multiceps (Gns01 2018)
GCF_019202785.1_ASM1920278v2	fleshy prawn (Huanghai No. 1 2021)
GCF_024586455.1_APGP_CSIRO_Bneo_wtdbg2-racon-allhic-juicebox.fasta_v2	flies B.neohumeralis (Rockhampton 2022)
GCA_015852565.1_bf_hap-2	Florida amphioxus (bjbf hap2 2020)
GCF_003227725.1_Cflo_v7.5	Florida carpenter ant
GCF_000003815.2_Bfl_VNyyK	Florida lancelet (S238N-H82 2020)
GCF_027943255.1_idAnaObli1_1.0	fly A.obliqua (idAnaObli1 2023)
GCF_014529535.1_BU_Bcop_v1	fly B.coprophila (v1 Holo2 2020 refseq)
GCA_014529535.2_BU_Bcop_v2	fly B.coprophila (v2 Holo2 2023 genbank)
GCF_001853355.1_ASM185335v1	fly B.latifrons
GCF_036172545.1_AGI_CSIRO_Cbre_v1	fly C.brevitarsis (CSIRO-B50_1 2024)
GCF_949628265.1_ieCloDipt1.1	fly C.dipterum (primary hap 2023)
GCF_029603195.1_ASM2960319v2	fly C.longicornis (FDR11 2023)
GCA_900258525.3_C_sonorensis_v2_redundans	fly C.sonorensis (2021)
GCF_022539635.2_CSIRO-AGI_Ctep_v1	fly C.tepperi (1889 2024)
GCF_009650485.2_ASM965048v2	fly D.albomicans (v2 15112-1751.03 2022)
GCF_017639315.1_ASM1763931v2	fly D.ananassae (14024-0371.13 U. Maryland 2021)
GCF_003285975.2_DanaRS2.1	fly D.ananassae (14024-0371.16-18 U. Chicago 2018)
GCF_001654025.1_ASM165402v1	fly D.arizonae
GCA_005876895.1_DaztRS1	fly D.azteca (UCSD 14012-1071.03 2019)
GCF_000233415.1_Dbia_2.0	fly D.biarmipes (BCM 2013)
GCF_025231255.1_RU_DBia_V1.1	fly D.biarmipes (raj3 2022)
GCF_018148935.1_ASM1814893v1	fly D.biarmipes (Stanford 2021)
GCF_030179905.1_DbipHiC1v2	fly D.bipectinata (14024-0381.07 2023)
GCF_000236285.1_Dbip_2.0	fly D.bipectinata (BCM 2013)
GCF_018153845.1_ASM1815384v1	fly D.bipectinata (Stanford 2021)
GCF_011750605.1_ASM1175060v1	fly D.busckii
GCF_000224195.1_Dele_2.0	fly D.elegans (Baylor 2013)
GCF_018152505.1_ASM1815250v1	fly D.elegans (Stanford 2021)
GCF_003286155.1_DereRS2	fly D.erecta
GCF_000236325.1_Deug_2.0	fly D.eugracilis (modENCODE 2013)
GCF_018153835.1_ASM1815383v1	fly D.eugracilis (Stanford 2021)
GCF_000220665.1_Dfic_2.0	fly D.ficusphila (BCM 2013)
GCF_018152265.1_ASM1815226v1	fly D.ficusphila (Stanford 2021)
GCF_000005155.2_dgri_caf1	fly D.grimshawi (Agencourt 2006)
GCF_018153295.1_ASM1815329v1	fly D.grimshawi (Stanford 2021)
GCF_900245975.1_DGUA_6	fly D.guanche
GCF_003285905.1_DhydRS2	fly D.hydei
GCF_004354385.1_UK_Dinn_1.0	fly D.innubila (TH190305 2019 refseq)
GCA_004354385.2_ASM435438v2	fly D.innubila (TH190305 2020 genbank)
GCF_030179895.1_DkikHiC1v2	fly D.kikkawai (14028-0561.14 2023)
GCF_000224215.1_Dkik_2.0	fly D.kikkawai (Baylor 2013)
GCF_018152535.1_ASM1815253v1	fly D.kikkawai (Stanford 2021)
GCA_008042735.1_UCB_Dleo_1.0	fly D.leontia (RGN 210-13 2019)
GCA_008121275.1_UCBerk_Dlow_1.0	fly D.lowei (Jillo6 2019)
GCF_004382145.1_ASM438214v1	fly D.mauritiana
GCF_000001215.4_Release_6_plus_ISO1_MT	fly D.melanogaster
GCF_003369915.1_D.miranda_PacBio2.1	fly D.miranda
GCF_000005175.2_dmoj_caf1	fly D.mojavensis (Agencourt 2006)
GCF_018153725.1_ASM1815372v1	fly D.mojavensis (Stanford 2021)
GCF_035044405.1_ASM3504440v1	fly D.montana (Dmon_TW-CO22-7 2024)
GCF_023558535.2_ASM2355853v2	fly D.nasuta (15112-1781.00 2022)
GCF_001654015.2_UFRJ_Dnav_4.2	fly D.navojoa
GCA_024703675.1_RU_Dneb_q3p	fly D.nebulosa (14030-0761.06 2022)
GCF_003285875.2_DnovRS2.1	fly D.novamexicana
GCF_018151105.1_ASM1815110v1	fly D.obscura (Stanford 2021)
GCF_002217835.1_Dobs_1.0	fly D.obscura 14011-0151.01
GCA_005876975.1_DoreRS1	fly D.orena (14021-0245.01 2019)
GCF_003286085.1_DperRS2	fly D.persimilis
GCF_009870125.1_UCI_Dpse_MV25	fly D.pseudoobscura
GCF_000236305.1_Drho_2.0	fly D.rhopaloa (modENCODE 2013)
GCF_018152115.1_ASM1815211v1	fly D.rhopaloa (Stanford 2021)
GCF_016746245.2_Prin_Dsan_1.1	fly D.santomea (v1.1 2021)
GCF_004382195.2_ASM438219v2	fly D.sechellia (sech25 v2 2019 UC Irvine)
GCF_002093755.2_Dser1.1	fly D.serrata (v1.1 Fors4 2017)
GCF_016746395.2_Prin_Dsim_3.1	fly D.simulans (w501 v3.1 2021)
GCF_008121235.1_UCBerk_Dsub_1.0	fly D.subobscura
GCF_014743375.2_RU_Dsub_v1.1	fly D.subpulchrella
GCA_018150745.1_ASM1815074v1	fly D.sucinea (14030-0791.01 2021)
GCF_023558435.1_ASM2355843v2	fly D.sulfurigaster albostrigata (15112-1811.04 2022)
GCF_013340165.1_LBDM_Dsuz_2.1.pri	fly D.suzukii
GCF_043229965.1_CBGP_Dsuzu_IsoJpt1.0	fly D.suzukii (2024)
GCF_037355615.1_Dsuz_RU_1.0	fly D.suzukii (WT10 2024)
GCF_000224235.1_Dtak_2.0	fly D.takahashii (BCM 2013)
GCF_030179915.1_DtakHiC1v2	fly D.takahashii (IR98-3 E-12201 2023)
GCF_018152695.1_ASM1815269v1	fly D.takahashii (Stanford 2021)
GCF_016746235.2_Prin_Dtei_1.1	fly D.teissieri
GCF_018151085.1_ASM1815108v1	fly D.tropicalis (14030-0801.00 2023)
GCF_003285735.1_DvirRS2	fly D.virilis
GCF_030788295.1_Dvir_AGI_RSII-ME	fly D.virilis (15010-1051.87 2023)
GCA_007989325.2_ASM798932v2	fly D.virilis (160 2020)
GCF_018902025.1_UCI_dwil_1.1	fly D.willistoni (14030-0811.24 2021)
GCF_000005925.1_dwil_caf1	fly D.willistoni (TSC 14030-0811.24 2006)
GCF_016746365.2_Prin_Dyak_Tai18E2_2.1	fly D.yakuba (v2 2021)
GCF_905115235.1_iHerIll2.2.curated.20191125	fly H.illucens
GCA_000265325.1_Llon_1.0	fly L.longipalpis (2012)
GCF_024334085.1_ASM2433408v1	fly L.longipalpis (SR_M1_2022 2022)
GCA_048544405.1_UofC_Mab_1	fly M.abdita (Sander 2025)
GCF_032173495.1_APGP_CSIRO_Mvet_v1	fly M.vetustissima (Yass MV318-11 2023)
GCF_947086385.1_Phlebotomus_argentipes_genome_assembly	fly P.argentipes (2022)
GCA_000262795.1_Ppap_1.0	fly P.papatasi (2012)
GCF_024763615.1_Ppap_2.1	fly P.papatasi (M1 2022)
GCF_003285725.1_SlebRS2	fly S.lebanonensis
GCF_002237135.1_ASM223713v2	fly T.dalmanni
GCF_037043105.1_ilVanTame1_primary_haplotype	fly V.tameamea (UH-Manoa-2023 primary hap 2024)
GCA_018806985.1_UZH_Avas_1.0	French heartworm (ZH-2019-22 2021)
GCA_002600895.1_ASM260089v1	freshwater planarian (S2 2017)
GCA_000181075.1_ASM18107v1	freshwater planarian (S2F2 2007)
GCF_025200985.1_Dgunungcola_SK_2	fruit fly (Sukarami 2022)
GCF_016097555.1_Gae_host_genome	gastropods G.aegis
GCF_037392515.1_JCU_Hal_asi_v2	gastropods H.asinina (JCU_RB_2024 2024)
GCF_037325665.1_US_GU_Lsax_2.0	gastropods L.saxatilis (snail1 2024)
GCF_028476545.1_ASM2847654v2	gastropods P.acuta (Inbredline_101_S28  2023)
GCF_028476545.2_ASM2847654v3	gastropods P.acuta (Inbredline_101_S28 2023)
GCF_003073045.1_ASM307304v1	gastropods P.canaliculata
GCA_003018175.1_Bger_1.1	German cockroach (American Cyanamid = Orlando Normal EBB2017 2018)
GCA_000762945.2_Bger_2.0	German cockroach (v2.0 2018)
GCF_040412425.1_ASM4041242v1	giant freshwater prawn (ZJJX-2024 2024)
GCF_000469605.1_Apis_dorsata_1.3	giant honeybee
GCF_905220565.1_ilMelCinx1.1	Glanville fritillary (refseq 2021)
GCF_021130785.1_UT_GWSS_2.1	glassy-winged sharpshooter (AUS2020 2022)
GCA_019973935.1_Tncv_1.0	golden silk orb-weaver (2021)
GCF_040869045.1_ASM4086904v1	goldenrod gall fly (ZX-2024a 2024)
GCF_025091365.1_ASM2509136v1	grape phylloxera (Bord-2020 2022 refseq)
GCF_023864345.2_iqSchSeri2.2	grasshoppers S.serialis cubense (TAMUIC-IGC-003099 2022)
GCA_900036025.1_v1.0	great pond snail (2016)
GCF_902652985.1_xPecMax1.1	great scallop (2019)
GCF_003640425.2_ASM364042v2	greater wax moth (Carbio01_MB 2019 refseq)
GCF_026898425.1_CSIRO_AGI_GalMel_v1	greater wax moth (WM207_F2 2022)
GCF_035594125.1_ASM3559412v1	green mud crab (STU-SP2022 2024)
GCF_001856785.1_MPER_G0061.0	green peach aphid
GCF_018143015.1_Lvar_3.0	green sea urchin
GCA_905404095.1_ilGlaAlex1.1	green-underside blue
GCA_900625125.1_D_medinensis_Ghana_0011_upd	Guinea worm (2018)
GCA_023969395.1_ASM2396939v1	Gulf Coast tick (SK-2019 2022)
GCA_000715275.1_Gsalaris_v1	gyrodactylosis fluke (Lier 2014)
GCA_002082055.1_nHd_3.1	H.dujardini (Z151 2017 tardigrades)
GCA_020186115.1_ASM2018611v1	H.meleagridis (2922-C6/04-10x 2021 genbank)
GCF_020186115.1_ASM2018611v1	H.meleagridis (2922-C6/04-10x 2021 refseq)
GCA_020184695.1_ASM2018469v1	H.meleagridis (2922-C6/04-290x 2021)
GCF_029227915.1_HSymV2.1	H.symbiolongicarpus hydrozoans (clone_291-10 2023)
GCA_014858695.1_ASM1485869v1	hairy maggot blowfly (CPM2020 2020)
GCF_041260155.1_AS_Pfla_20210202	hemichordates P.flava (L36383 2024)
GCF_000003605.2_Skow_1.1	hemichordates S.kowalevskii
GCA_900617985.1_A_simplex_0011_upd	herring worm (2018)
GCA_905404265.1_ilFabAdip1.1	high brown fritillary
GCF_014066325.1_ASM1406632v1	Himalayan honeybee
GCA_905187575.1_ilCelArgi3.1	holly blue
GCA_000002195.1_Amel_4.5	honey bee (DH4 2011)
GCF_003254395.2_Amel_HAv3.1	honey bee (DH4 2018)
GCF_002443255.2_Vdes_3.0	honeybee mite (v2 2017)
GCA_019022885.1_Schi1.0	horned gall aphid (SC2021 2021)
GCF_954871325.1_tfGorSpeb1-WG-v2	horsehair worms (2024)
GCF_000371365.1_Musca_domestica-2.0.2	house fly (aabys 2013 refseq)
GCF_030504385.1_Musca_domestica.polishedcontigs.V.1.1	house fly (aabys 2023)
GCF_945859685.1_idEupCoro1.1	hoverfly E.corollae (primary hap 2022)
GCF_000006295.1_JCVI_LOUSE_1.0	human body louse
GCA_900576705.1_E_vermicularis_Canary_Islands_upd	human pinworm (2018)
GCA_000613005.1_TTRE2.1	human whipworm (2014)
GCF_902728285.1_Clytia_hemisphaerica_genome_assembly	hydrozoans C.hemisphaerica (Z4C2 2020)
GCF_000004095.1_Hydra_RP_1.0	hydrozoans H.vulgaris
GCF_021155765.1_iyDipSimi1.1	hymenopterans (iyDipSimi1 2021)
GCF_021155785.1_iyNeoFabr1.1	hymenopterans (iyNeoFabr1 2021)
GCF_021901495.1_iyNeoVirg1.1	hymenopterans (iyNeoVirg1 2022)
GCF_000612105.2_Oabi_2.0	hymenopterans O.abietinus
GCA_002811675.1_ASM281167v1	Ichthyosporea XGB-2017a (Hawaii 2017)
GCA_048571015.1_Sr_NBRP_v3.0	Indian eri silkmoth (White GU1 2025)
GCF_027563975.2_ilPloInte3.2	Indianmeal moth (v2 USDA-ARS_2022_Savannah primary hap 2024)
GCF_037975245.1_ASM3797524v1	Japanese sea cucumber (1M-3 2024)
GCF_013076305.1_ASM1307630v1	jellyfish R.esculentum (edhc-2017 2020)
GCF_003227715.2_Hsal_v8.6	Jerdon's jumping ant (DR-91 v8.6 2018)
GCF_009193385.2_Nvit_psr_1.1	jewel wasp
GCA_019049465.1_Diul.assembly.v1.1	julia butterfly
GCA_002205965.3_ASM220596v3	K.alvarezzi red algae (kp 2020)
GCA_001663935.1_Asyluc0.1	lancelets A.lucayanum (AD20110701 2016)
GCF_905147105.1_ilPieBrab1.1	large cabbage white (refseq 2021)
GCA_905220335.1_ilNocPron1.1	large yellow underwing
GCA_029229535.1_icDioCarn1.1	larger tamarisk beetle (Uzbek primary hap 2023)
GCA_000444285.2_Leishmania_aethiopica-L147-2.0.3	Leishmania aethiopica (L147 2016)
GCA_000438535.1_LeiAma1.0	Leishmania amazonensis (2013)
GCA_025688915.1_ASM2568891v1	Leishmania amazonensis (PH8 2022)
GCA_000410695.2_Leishmania_arabica_LEM1108-1.0.3	Leishmania arabica (LEM1108 2016)
GCA_000340355.2_Leishmania_braziliensis_M2903-1.0.6	Leishmania braziliensis (MHOM/BR/75/M2903 2016 kinetoplastids)
GCF_000002845.2_ASM284v2	Leishmania braziliensis (MHOM/BR/75/M2904 2011 kinetoplastids)
GCA_900635355.2_LDHU3_new	Leishmania donovani (2020)
GCA_000470725.1_BHU1220	Leishmania donovani (BHU 1220 2013)
GCF_000227135.1_ASM22713v2	Leishmania donovani (BPK282A1 2011 kinetoplastids)
GCA_003719575.1_ASM371957v1	Leishmania donovani (LdCL 2018)
GCA_017916305.1_LU_Lenr_1.0	Leishmania enriettii (CUR178 2021 genbank)
GCF_017916305.1_LU_Lenr_1.0	Leishmania enriettii (CUR178 2021 refseq)
GCA_000410755.2_Leishmania_enrietti_LEM3045-1.0.2	Leishmania enriettii (LEM3045 2016)
GCA_000443025.1_Leishmania_gerbilii_LEM452-1.0.2	Leishmania gerbilli (LEM452 2013)
GCA_900500625.2_LINF	Leishmania infantum (2020)
GCF_000002875.2_ASM287v2	Leishmania infantum (JPCM5 2011 kinetoplastids refseq)
GCF_000002725.2_ASM272v2	Leishmania major (Friedlin 2011 kinetoplastids refseq)
GCA_916722125.1_LMJFC_annotationDEFINITIVO	Leishmania major strain (Friedlin 2021)
GCA_000331345.1_Leishmania_major_LV39c5-1.0.1	Leishmania major strain (LV39c5 2013)
GCA_000250755.2_Leishmania_major_SD_75.1-1.1.1	Leishmania major strain (SD 75.1 2012)
GCF_017916325.1_LU_Lmar_1.0	Leishmania martiniquensis (LSCM1 2021 refseq)
GCF_000234665.1_ASM23466v4	Leishmania mexicana (MHOM/GT/2001/U1103 2011 kinetoplastids)
GCF_017916335.1_LU_Lori_1.0	Leishmania orientalis (LSCM4 2021 refseq)
GCA_000340495.1_Leishmania_panamensis_L13-1.3.1	Leishmania panamensis (MHOM/COL/81/L13 2013)
GCF_000755165.1_ASM75516v1	Leishmania panamensis (MHOM/PA/94/PSC-1 2014 kinetoplastids)
GCA_017918215.1_LU_Lgha_1.0	Leishmania sp. Ghana 2012 LV757 (GH5 2021 genbank)
GCF_017918215.1_LU_Lgha_1.0	Leishmania sp. Ghana 2012 LV757 (GH5 2021 refseq)
GCA_000409445.2_Leishmania_MAR_LEM2494-1.0.3	Leishmania sp. MAR (LEM2494 2016)
GCA_017918225.1_LU_LNam_1.0	Leishmania sp. Namibia (253 2021 genbank)
GCF_017918225.1_LU_LNam_1.0	Leishmania sp. Namibia (253 2021 refseq)
GCA_009731335.1_Lta_assembly01	Leishmania tarentolae (Parrot Tar II 2019)
GCA_009770625.1_UL_Ltar_1.0	Leishmania tarentolae (Parrot-TarII 2019)
GCA_000410715.1_Leishmania_tropica_L590-2.0.2	Leishmania tropica (L590 2013)
GCA_000441995.1_Leishmania_turanica_LEM423-1.0.2	Leishmania turanica (LEM423 2013)
GCF_001293395.1_ASM129339v1	Leptomonas pyrrhocoris (H10 2015 kinetoplastids)
GCA_001299535.1_ASM129953v1	Leptomonas seymouri (ATCC 30220 2015)
GCF_030625045.1_CSIRO_AGI_Agris_v1	lesser wax moth (CSIRO2021 2023)
GCA_004359215.2_BlacSF5v2	lettuce downy mildew (SF5 2021 genbank)
GCF_004359215.1_BlacSF5v2	lettuce downy mildew (SF5 2021 refseq)
GCA_947623445.1_kaClaLepa1.1	light-bulb sea squirt (2022)
GCF_000956235.1_wasmannia.A_1.0	little fire ant
GCF_000184785.3_Aflo_1.1	little honeybee
GCA_948099385.2_Fh240107Braker	liver fluke (2024)
GCA_900302435.1_Fasciola_10x_pilon	liver fluke (Shrewsbury 2018)
GCA_013339765.2_BIME_HaeL_1.3	longhorned tick (HaeL-2018 2020)
GCA_024610695.1_qqTetVers1.0.a	longjawed orb weaver (CCGP_RG_IND1 alternate hap 2022)
GCA_024610705.1_qqTetVers1.0.p	longjawed orb weaver (CCGP_RG_IND1 primary hap 2022)
GCA_902651635.1_mastiga_genome_v5.1	M.balamuthi (2019)
GCA_001643675.2_ASM164367v2	M.exilis (PA203 2021 genbank)
GCF_001643675.1_ASM164367v2	M.exilis (PA203 2021 refseq)
GCA_009761555.1_7G8_v1	malaria parasite P. falciparum (7G8 2019)
GCA_900632035.1_PfGB4-3	malaria parasite P. falciparum (GB4 2018)
GCA_900631985.1_PfHB3-3	malaria parasite P. falciparum (HB3 2018)
GCA_900632025.1_PfKH01-3	malaria parasite P. falciparum (KH1 2018)
GCA_900632015.1_PfKH02-3	malaria parasite P. falciparum (KH2 2018)
GCA_009761425.1_NF135.C10_v1	malaria parasite P. falciparum (NF135.C10 2019)
GCA_009761515.1_NF166_v1	malaria parasite P. falciparum (NF166 2019)
GCA_009761475.1_NF54_v1	malaria parasite P. falciparum (NF54 2019)
GCA_900617135.1_PfCD01-2	malaria parasite P. falciparum (PfCD01-2 2018)
GCA_900632045.1_PfDd2-3	malaria parasite P. falciparum (PfDd2-3 2018)
GCA_900632005.1_PfGA01-3	malaria parasite P. falciparum (PfGA01-3 2018)
GCA_900631995.1_PfGN01-3	malaria parasite P. falciparum (PfGN01-3 2018)
GCA_900631975.1_PfKE01-3	malaria parasite P. falciparum (PfKE01-3 2018)
GCA_900632085.1_PfML01-3	malaria parasite P. falciparum (PfML01-3 2018)
GCA_900632095.1_PfSD01-3	malaria parasite P. falciparum (PfSD01-3 2018)
GCA_900632075.1_PfSN01-3	malaria parasite P. falciparum (PfSN01-3 2018)
GCA_900632065.1_PfTG01-3	malaria parasite P. falciparum (PfTG01-3 2018)
GCA_900632055.1_PfIT-3	malaria parasite P. falciparum (type strain: I 2018)
GCF_000002765.5_GCA_000002765	malaria parasite P. falciparum (v5 3D7 2016 refseq)
GCF_000002765.6_GCA_000002765	malaria parasite P. falciparum (v6 3D7 2016)
GCA_900090035.2_PocGH01	malaria parasite P. ovale (PocGH01 2016)
GCA_900090025.2_PowCR01	malaria parasite P. ovale (PowCR01 2016)
GCA_949152365.1_PVPAM	malaria parasite P. vivax (Pv01-19 2023)
GCA_900093555.2_GCA_900093555	malaria parasite P. vivax (PvP01 2019)
GCF_000002415.2_ASM241v2	malaria parasite P. vivax (PvSal1 Salvador I 2009)
GCA_003402215.1_PvSY56_v1	malaria parasite P. vivax (PvSY56 2018)
GCA_914969965.1_5987STDY8548200	malaria parasite P. vivax (PvW1 2021)
GCF_026571515.1_ASM2657151v2	Manila clam (M1 2022)
GCA_004335455.1_ASM433545v1	marine microalga N.oculata (CCMP525 2019)
GCF_945859705.1_idEpiBalt1.1	marmalade hoverfly (primary hap 2022)
GCA_012273795.1_ASM1227379v1	masson pine moth
GCA_902829235.1_CLODIP2	mayflies C.dipterum (2020)
GCF_031216515.1_ASM3121651v1	mayflies N.triangulifer (White Clay Creek 2 clone  2023)
GCF_905333055.1_ilManJurt1.1	meadow brown (refseq 2021)
GCF_000347755.3_Ccap_2.1	Mediterranean fruit fly
GCA_900618805.1_MGAL_10	Mediterranean mussel (2020)
GCA_037788925.1_MytGallo_primary_0.1	Mediterranean mussel (MGYT20220701 primary hap 2024)
GCA_026230145.1_icDioElon1.1	Mediterranean tamarisk beetle (Crete 2022)
GCF_028554725.1_idZeuCucr1.2	melon fly (PBARC_wt_2022May primary hap 2023)
GCF_000806345.2_ASM80634v2	melon fly (v2 USDA-PBARC White Pupae T1 2014)
GCF_028408465.1_idAnaLude1.1	Mexican fruit fly (Willacy primary hap 2023)
GCF_050580445.1_ASM5058044v1	mite/tick B.obovatus (LL-2025a 2025)
GCF_038994185.1_USDA_Dalb1.pri	mite/tick D.albipictus (v1 Rhodes 1998 colony primary hap 2024)
GCF_038994185.2_USDA_Dalb.pri_finalv2	mite/tick D.albipictus (v2 Rhodes 1998 colony primary hap 2024)
GCF_023375885.2_qqDerAnde1_hic_scaffold	mite/tick D.andersoni (primary hap 2024)
GCA_023375915.1_qqDerAnde1.1_alternate_haplotype	mite/tick D.andersoni (qqDerAnde1 alternate hap 2022)
GCA_013339685.2_BIME_Hyas_1.3	mite/tick H.asiaticum (Hyas-2018 2020)
GCF_037126465.1_ASM3712646v1	mite/tick O.turicata (Travis 2024)
GCA_013436015.1_TxGen_Rann	mite/tick R.annulatus (Klein Grass 2020)
GCA_000828355.1_SarSca1.0	mite/tick S.scabiei (Arlian Lab 2015)
GCF_023375885.1_qqDerAnde1.2	mites & ticks D.andersoni (primary hap 2022)
GCF_013339745.2_BIME_Dsil_1.4	mites & ticks D.silvarum (v2 Dsil-2018 2022)
GCF_028296485.1_nextdenovo-longstitch-racon4-pilon3	mites & ticks O.nitens (2023)
GCF_002532875.2_vjacob_1.0	mites & ticks V.jacobsoni (v2 VJ856 2017)
GCF_009731565.1_Dplex_v4	monarch butterfly
GCF_018135715.1_MEX_DaPlex	monarch butterfly (2021)
GCF_040414725.1_ASM4041472v1	Mormon cricket (iqAnaSimp1 primary hap 2024)
GCA_000349125.2_Anop_albi_ALBI9_A_V2	mosquito A.albimanus (ALBI9_A 2017)
GCF_013758885.1_VT_AalbS3_pri_1.0	mosquito A.albimanus (STELCA 2020)
GCF_943734665.1_idAnoAquaMG_Q_19	mosquito A.aquasalis (primary hap 2022)
GCA_000349185.1_Anop_arab_DONG5_A_V1	mosquito A.arabiensis (DONG5_A 2013)
GCF_016920715.1_AaraD3	mosquito A.arabiensis (DONGOLA 2021)
GCA_000473505.1_Anop_atro_EBRO_V1	mosquito A.atroparvus (EBRO 2013)
GCF_943735745.2_idAnoBellAS_SP24_06.2	mosquito A.bellator (2023)
GCA_000349165.1_Anop_chri_ACHKN1017_V1	mosquito A.christyi (ACHKN1017 2013)
GCF_016920705.1_AcolMOP1	mosquito A.coluzzi (MOPTI 2021)
GCA_000150765.1_m5	mosquito A.coluzzii (M 2008)
GCA_004136515.2_ASM413651v2	mosquito A.coluzzii (Ngousso colony 2019)
GCF_943734685.1_AcolN3	mosquito A.coluzzii (primary hap 2022)
GCF_943734705.1_idAnoCousDA_361_x.2	mosquito A.coustani (2023)
GCF_943734635.1_idAnoCruzAS_RS32_06	mosquito A.cruzii (2022)
GCA_000473375.1_Anop_culi_species_A-37_1_V1	mosquito A.culicifacies (species A-37_1 2013)
GCA_000349145.1_Anop_diru_WRAIR2_V1	mosquito A.dirus (WRAIR2 2013)
GCA_000349105.1_Anop_epir_epiroticus2_V1	mosquito A.epiroticus (epiroticus2 2013)
GCA_000473445.2_Anop_fara_FAR1_V2	mosquito A.farauti (FAR1 2014)
GCA_000473185.1_Anop_macu_maculatus3_V1	mosquito A.maculatus (maculatus3 2013)
GCF_943734695.1_idAnoMacuDA_375_x	mosquito A.maculipalpis (primary hap 2022)
GCF_943734725.1_idAnoMarsDA_429_01	mosquito A.marshallii (primary hap 2022)
GCA_000473525.2_Anop_mela_CM1001059_A_V2	mosquito A.melas (CM1001059_A 2014)
GCA_000473845.2_Anop_meru_MAF_V1	mosquito A.merus (MAF 2014)
GCF_017562075.2_AmerM5.1	mosquito A.merus (MAF 2021)
GCA_000349025.1_Anop_mini_MINIMUS1_V1	mosquito A.minimus (MINIMUS1 2013)
GCF_943734755.1_idAnoMoucSN_F20_07	mosquito A.moucheti (primary hap 2022)
GCF_943737925.1_idAnoNiliSN_F5_01	mosquito A.nili (primary hap 2022)
GCA_000349065.1_Anop_quad_QUAD4_A_V1	mosquito A.quadriannulatus (QUAD4_A 2013)
GCA_000441895.2_AS2	mosquito A.sinensis (2014)
GCA_000472065.2_Anop_sine_SINENSIS_V1	mosquito A.sinensis (SINENSIS 2014)
GCF_024139115.2_GZ_Asu_2	mosquito A.subalbatus (Guangzhou_Male 2023)
GCF_943734765.1_idAnoZiCoDA_A2_x.2	mosquito A.ziemanni (2023)
GCF_030247185.1_Malgen_1.1	mosquito M.genurostris (Urasoe2022 2023)
GCF_037179485.1_CSIRO-AGI_Acam_v1.1	mosquito O.camptorhynchus (MF236.1 2024)
GCF_943734655.1_idSabCyanKW18_F2	mosquito S.cyaneus (primary hap 2022)
GCF_029784135.1_ASM2978413v1	mosquito T.rutilus septentrionalis (SRP 2023)
GCF_030247195.1_ASM3024719v1	mosquito T.yanbarensis (Yona2022 2023)
GCF_029784155.1_ASM2978415v1	mosquito U.lowii(MFRU-FL 2023)
GCA_910591435.1_ilAcrAcer1.1	moth A.aceris
GCA_910594945.1_ilAmpBerb1.1	moth A.berbera
GCA_905333075.2_ilAteCent1.2	moth A.centrago
GCA_905475315.1_ilAutPulc1.1	moth A.pulchrina
GCA_905220435.1_ilAmpTrag2.1	moth A.tragopoginis
GCF_001186105.1_ASM118610v1	moth A.transitella
GCF_032362555.1_ilAmyTran1.1	moth A.transitella (CPQ primary hap 2023)
GCA_905340225.1_ilAbrTrip1.1	moth A.tripartita
GCA_905147355.1_ilApoTurb1.1	moth A.turbidana
GCA_907269095.1_ilBlaAdus2.1	moth B.adustella
GCA_905147135.1_ilBlaLact1.1	moth B.lacticolella
GCF_948474715.1_ilCydAmpl1.1	moth C.amplana (primary hap 2023)
GCA_910589605.1_ilChrCulm1.1	moth C.culmella
GCA_905475355.1_ilCloCurt1.1	moth C.curtula
GCA_907269065.1_ilCroElin1.1	moth C.elinguaria
GCA_019059595.1_ASM1905959v1	moth C.exigua
GCF_963556715.1_ilCydFagi1.1	moth C.fagiglandana (primary hap 2023)
GCA_905163465.1_ilCraLigu1.1	moth C.ligustri
GCA_910589575.1_ilCarQuer1.1	moth C.quercana
GCA_014607495.2_ASM1460749v2	moth C.sasakii
GCF_910591565.1_ilCydSple1.2	moth C.splendana (2022 refseq)
GCF_947568885.1_ilCydStro3.1	moth C.strobilella (primary hap 2022)
GCA_905220455.1_ilDeiPorc1.1	moth D.porcellus
GCF_041222505.1_WU_Ecla_fem_2.2	moth E.clarus (2025)
GCA_905163395.1_ilEndFlam1.1	moth E.flammealis
GCA_017562165.1_ASM1756216v1	moth E.grisescens
GCA_910589525.1_ilEnnQuei1.1	moth E.quercinarius
GCA_905147225.1_ilEupSimi1.1	moth E.similis
GCA_905147235.1_ilEryTage1.1	moth E.tages
GCA_905332915.1_ilHecDyso1.1	moth H.dysodea
GCA_905147375.1_ilHylFasc1.1	moth H.fasciaria
GCA_907164795.1_iHemFuc1.1	moth H.fuciformis
GCF_003589595.1_ASM358959v1	moth H.kahamanoa
GCA_905147285.1_ilHypProb1.1	moth H.proboscidalis
GCA_907165245.1_ilHabPyri1.1	moth H.pyritoides
GCA_905404275.1_ilHedSali1.1	moth H.salicella
GCA_905147015.1_ilLasFlex1.1	moth L.flexula
GCA_905220505.1_ilLaoPopu1.1	moth L.populi
GCA_910589285.1_ilMytFerr1.1	moth M.ferrago
GCA_905147345.1_ilMytImpu1.1	moth M.impura
GCA_905332985.1_ilMimTili1.1	moth M.tiliae
GCA_905147325.1_ilNotDrom1.1	moth N.dromedarius
GCA_905163415.1_ilNocFimb1.1	moth N.fimbriata
GCA_910589295.1_ilNocJant1.1	moth N.janthe
GCA_905163555.1_ilNotUddm1.1	moth N.uddmanniana
GCA_905475445.1_ilOchPlec1.1	moth O.plecta
GCA_905404295.1_ilOchSylv3.1	moth O.sylvanus
GCA_905147815.2_ilPhaBuce1.2	moth P.bucephala
GCA_905147745.1_ilPhlMeti2.1	moth P.meticulosa
GCA_910589355.1_ilParStra1.1	moth P.stratiotata
GCA_905333125.1_ilPheTrem1.1	moth P.tremula
GCF_002706865.2_ASM270686v3	moth S.litura (Ishihara v3 2017)
GCA_905220595.1_ilSpiLubr1.1	moth S.lubricipeda
GCA_905147785.1_ilThyBati1.1	moth T.batis
GCA_910589645.1_ilTinSemi1.1	moth T.semifulvella
GCA_905220615.1_ilTinTrin1.1	moth T.trinotella
GCA_905147715.2_ilXesXant1.2	moth X.xanthographa
GCA_910592155.1_ilYpsScab1.1	moth Y.scabrella
GCA_907165275.1_ilZygFili1.1	moth Z.filipendulae
GCA_907165235.1_ilZeuPyri1.1	moth Z.pyrina
GCF_023078275.1_LegGlyc_1.1	moths (SPB_JAAS2020 2022)
GCA_905404285.1_ilEraDefo1.1	mottled umber moth
GCF_000355655.1_DendPond_male_1.0	mountain pine beetle (2013)
GCF_020466585.1_Dpon_F_20191213v2	mountain pine beetle (2021)
GCA_013339895.1_Emu_genome_v1	Mueller's freshwater sponge E.muelleri (2020)
GCF_000240725.1_ASM24072v1	N.gaditana (CCMP526 2012)
GCF_000004985.1_V1.0	N.gruberi (NEG-M 2010)
GCF_003324165.1_Nlova_2.1	N.lovaniensis (ATCC 30569 2021)
GCA_022530875.1_ASM2253087v1	N.lovaniensis (NL_76_15_250 2022)
GCA_024699835.1_AORJ.fasta	nematode A.besseyi (AORJ 2022)
GCA_000402015.1_A_ceylanicum1.3.ec.cg.pg	nematode A.ceylanicum (2013)
GCA_000688135.1_Acey_2013.11.30.genDNA	nematode A.ceylanicum (HY135 2014)
GCA_900406225.1_v1	nematode A.nanus (2018)
GCA_943334845.2_JU1783_megahit_v1_1	nematode A.sp. (JU1783 2022)
GCA_900537255.1_ASM90053725v1	nematode A.viteae (2018)
GCA_024678965.1_AAFC-BrLi-01_v2	nematode B.listronoti (AAFC-BrLi-01_J3_LR_R9 2022)
GCA_904066225.2_BOKJv2	nematode B.okinawaensis (SH1 SH1 2021)
GCA_900618355.1_B_pahangi_Glasgow_0011_upd	nematode B.pahangi (2018)
GCA_900618025.1_B_timori_Indonesia_v1_0_4_001_upd	nematode B.timori (2018)
GCA_000165025.1_ps1010rel4	nematode C.angaria (PS1010 2010)
GCA_904845305.1_CAUJ	nematode C.auriculariae (NKZ352 2022)
GCA_900536315.3_CBECE_v1	nematode C.becei (QG2083 2019)
GCA_902829315.1_CBOVIS_v1.1	nematode C.bovis (2020)
GCF_000004555.2_CB4	nematode C.briggsae (AF16 CB4 2014)
GCA_021491975.1_ASM2149197v1	nematode C.briggsae (QX1410_ONT 2022)
GCA_900617965.1_C_goldi_Cheshire_0011	nematode C.goldi (2018)
GCA_003052745.1_Sp34_v7	nematode C.inopinata
GCA_000147155.1_C_japonica-7.0.1	nematode C.japonica (DF5081 2010)
GCA_916381525.1_SD210906	nematode C.johnstoni (2021)
GCA_002259235.3_ASM225923v3	nematode C.latens (PX534 2023)
GCA_958299035.1_Cylicocyclus_nassatus_INRAE	nematode C.nassatus (Nouzilly 2023)
GCA_002742825.1_nigoni.pc_2016.07.14	nematode C.nigoni (JU1422 2017)
GCA_900536275.1_CPANA_v1	nematode C.panamensis (QG2080 2018)
GCF_000149515.1_ASM14951v1	nematode C.remanei (PB4641 2007)
GCA_001643735.4_ASM164373v4	nematode C.remanei (PX356 2023)
GCA_002259225.3_ASM225922v3	nematode C.remanei (PX439 2023)
GCF_010183535.1_CRPX506	nematode C.remanei (PX506 2020)
GCA_900536235.3_CPARV_v1	nematode C.sp. 21 LS-2015 (NIC534 2019)
GCA_900536285.3_CZANZ_v1	nematode C.sp. 26 LS-2015 (JU2190 2019)
GCA_900536295.3_CUTEL_v1	nematode C.sp. 31 LS-2015 (JU2585 2019)
GCA_900536325.3_CSULS_v1	nematode C.sp. 32 LS-2015 (JU2788 2019)
GCA_900536415.3_CQUIO_v1	nematode C.sp. 38 MB-2015 (JU2809 2019)
GCA_900536345.3_CWAIT_v1	nematode C.sp. 39 LS-2015 (NIC564 2019)
GCA_900536305.3_CTRIB_v1	nematode C.sp. 40 LS-2015 (JU2818 2019)
GCA_000186765.1_Caenorhabditis_sp11_JU1373-3.0.1	nematode C.tropicalis (JU1373 2011)
GCA_001579705.1_ASM157970v1	nematode D.destructor (Dd01 2016)
GCA_004194705.1_D.dipsaci.v1.0	nematode D.dipsaci (pooled J2 2019)
GCA_002287525.1_DipSp1Ass11Ann3	nematode D.pachys (PF1309 2017)
GCA_000499685.1_EEL001	nematode E.elaphi (2013)
GCA_030247985.1_ASM3024798v1	nematode E.sp. (ZAB3_2 2023)
GCA_020449905.1_D383_Gpal_1.0	nematode G.pallida (D383 2021)
GCA_000724045.1_GPAL001	nematode G.pallida (Lindley 2014)
GCA_023343765.1_SA_Gpal_Newton	nematode G.pallida (Newton 2022)
GCA_900617915.1_G_pulchrum_Hokkaido_0011_upd	nematode G.pulchrum (2018)
GCA_900079975.1_nGr	nematode G.rostochiensis (Ro1 2016)
GCA_018350315.1_WUR_GloGros_L22	nematode G.rostochiensis (Ro5 L22 2021)
GCA_000223415.1_Heterorhabditis_bacteriophora-7.0	nematode H.bacteriophora (M31e 2011)
GCA_009193035.1_mephisto_omega	nematode H.mephisto (m2B 2019)
GCA_900617895.1_H_placei_MHpl1_0011_upd	nematode H.placei (MHpl1 2018)
GCA_900096555.1_nHp_v2.0	nematode H.polygyrus bakeri (2016)
GCA_023374025.1_Cam_Hsc_genome1.1	nematode H.schachtii (Bonn 2022)
GCA_020449115.1_WUR_Hsch_IRS_1.0	nematode H.schachtii (IRS 2021)
GCA_009761265.1_ASM976126v1	nematode H.sp. (NKZ332 2019)
GCA_014805365.1_ASM1480536v1	nematode K.luziae (NKZ323 2020)
GCA_900537275.1_ASM90053727v1	nematode L.sigmodontis (2018)
GCA_003133805.1_ASM313380v1	nematode M.arenaria (A2-O Okinawa_01 2018)
GCA_958450365.1_M.belari_Hybrid_genome_bis	nematode M.belari (JU2817 2023)
GCA_015183025.1_ASM1518302v1	nematode M.chitwoodi (Roza 2020)
GCA_000751915.1_nMf_1_1	nematode M.floridensis (2014)
GCA_002778205.2_Mgram_IARI_PacBio	nematode M.graminicola (IARI 2022)
GCF_000507365.1_N_americanus_v1	nematode N.americanus (2013)
GCA_900618405.1_N_brasiliensis_RM07_v1_5_4_0011_upd	nematode N.brasiliensis (2018)
GCA_030553155.1_ASM3055315v1	nematode N.brasiliensis (MIMR 2023)
GCA_900618345.1_O_flexuosa_Cordoba_0011_upd	nematode O.flexuosa (2018)
GCA_002249935.1_O_flexuosa_1.0.allpaths.pg.lrna	nematode O.flexuosa (Red Deer 2017)
GCA_000950515.2_O_ochengi_Ngaoundere	nematode O.ochengi (2016)
GCA_900537205.1_ASM90053720v1	nematode O.ochengi (2018)
GCA_013425905.1_ASM1342590v1	nematode O.tipulae (CEW1 2020)
GCA_000499405.2_ASM49940v2	nematode O.volvulus (2014)
GCA_900490705.1_P._arcanus_genome	nematode P.arcanus (2018)
GCA_911812115.1_exspectatus_chromosome	nematode P.exspectatus (2022)
GCA_943737045.1_Parapristionchus_giblindavisi_II_pacbio	nematode P.giblindavisi (2022)
GCA_000180635.4_El_Paco_v._4	nematode P.pacificus (PS312 2020)
GCA_000341325.1_Pred3	nematode P.redivivus (MT8872 2013)
GCA_002796945.1_Psam_v1.0	nematode P.sambesii (ES601 2017)
GCA_019055375.1_ASM1905537v1	nematode P.tenuis (MNPRO001-30 2021)
GCA_002259205.1_ASM225920v1	nematode P.univalens (PG01 2017)
GCA_901765185.1_JU765_v2	nematode Panagrolaimus (JU765 2019)
GCA_901765195.1_PS1159_v2	nematode Panagrolaimus (PS1159 2019)
GCA_901779485.1_PS1579_v2	nematode Panagrolaimus (PS1579 2019)
GCA_001039655.1_nRc.2.0	nematode R.culicivorax (2014)
GCA_900618415.1_S_baturini_Dall_Island_0011_upd	nematode S.baturini (2018)
GCA_000757645.3_ASM75764v3	nematode S.carpocapsae (ALL 2019)
GCA_003640385.1_ASM364038v1	nematode S.digitata (RSCHEM2018 2018)
GCA_007213375.1_S_feltiae_NW_1.0	nematode S.feltiae (NW 2019)
GCA_000757755.1_S_glas_v1	nematode S.glaseri (NC 2014)
GCA_030435675.2_Sherm_1.1	nematode S.hermaphroditum (PS9179 2023)
GCA_000505645.1_S_monti_v1	nematode S.monticolum (2013)
GCF_001040885.1_S_ratti_ED321	nematode S.ratti (ED321 Heterogonic 2014)
GCA_029582065.1_ASM2958206v1	nematode S.stercoralis (PV001 2023)
GCA_002352805.1_T_circumcincta.14.0.ec.cg.pg	nematode T.circumcincta (S 2017)
GCA_000612645.2_T_muris_v2	nematode T.muris (Edinburgh 2019)
GCA_001447425.1_T5_ISS417_r1.0	nematode T.murrelli (ISS417 2015)
GCA_002148645.1_ASM214864v1	nematode T.nativa (ISS45 2017)
GCF_000181795.1_Trichinella_spiralis-3.7.1	nematode T.spiralis (ISS 195 2011)
GCA_016618085.1_ASM1661808v1	Neovahlkampfia damariscottae (CCAP 1588/7 2021)
GCF_031761385.1_Nec_am_Ar_1.0	New World hookworm (Aroian 2023)
GCA_000797555.1_O_dentatum_10.0.ec.cg.pg	nodular worm (OD-Hann 2014)
GCF_016801865.2_TS_CPP_V2	northern house mosquito (v2 TS 2022)
GCF_021730395.1_MADL_Memer_1	northern quahog (notata 2022)
GCF_014805675.1_ASM1480567v1.1	northern quahog (YKG-2019 2020)
GCA_000172435.1_Freeze_1	northern root-knot nematode M.hapla (VW9 2008)
GCF_026250575.1_icDioCari1.1	northern tamarisk beetle (Delta primary hap 2022)
GCF_001188975.3_MU_Boleae_v2	olive fruit fly
GCF_042242935.1_idBacOlea1	olive fruit fly (primary hap 2024)
GCF_000520075.1_Apha_asta_APO3_V1	oomycetes (APO3 2014)
GCA_000387505.2_par_scaffolds_v1	oomycetes (ATCC 12531 2013)
GCF_000151545.1_ASM15154v2	oomycetes (CBS 223.65 2014)
GCA_000143045.1_pug	oomycetes (DAOM BR144 2010)
GCA_000387465.2_piw_scaffolds_v1	oomycetes (DAOM BR242034 2013)
GCA_000387445.2_pag1_scaffolds_v1	oomycetes (DAOM BR444 2013)
GCA_000387545.2_pve_scaffolds_v1	oomycetes (DAOM BR484 2013)
GCA_000387425.2_pir_scaffolds_v1	oomycetes (DAOM BR486 2013)
GCA_000387525.2_pug3_scaffolds_v1	oomycetes (DAOM BR650 2013)
GCA_021527665.1_ASM2152766v1	oomycetes (MF1 2022)
GCF_000520115.1_Apha_inva_NJM9701_V1	oomycetes (NJM9701 2014)
GCA_001029375.2_Pythium_PINS_2.0	oomycetes (Pi-S 2022)
GCF_000281045.1_Sap_diclina_VS20_V1	oomycetes (VS20 2013)
GCA_905404175.1_ilAntCard3.1	orange tip (primary hap 2021)
GCF_009176505.1_AAFC_SMos_1.0	orange wheat blossom midge (CC-2019 2019)
GCA_963082865.1_kaCorEumy4.1_alternate_haplotype	orange-tipped seq squirt (alternate hap 2023)
GCA_963082875.1_kaCorEumy4.1	orange-tipped seq squirt (primary hap 2023)
GCF_012274295.1_USDA_OLig_1.0	orchard mason bee
GCF_023373825.1_ASM2337382v1	oriental fruit fly (Fly_Bdor 2022)
GCF_000789215.1_ASM78921v2	oriental fruit fly (Punador 2014)
GCA_022674325.1_ASM2267432v1	oriental fruit moth (lab01 2022)
GCA_003604175.2_CSKR.v2	oriental liver fluke (Cs-k2 2021)
GCF_015104395.2_ASM1510439v2	oriental river prawn (v2 FS-2020 2020 refseq)
GCF_000327385.1_Helro1	owl limpet
GCF_000006405.1_JCVI_PMG_1.0	P.marinus (ATCC 50983 2009)
GCF_019649055.1_Prichtersi_v1.0	P.metropolitanus (2021 tardigrades)
GCA_036924085.1_xgAriColu1.0.hap1	Pacific banana slug (1044Chap1 2024)
GCA_000297895.2_ASM29789v2	Pacific oyster (BGI 05x7-T-G4-1.051 20 2019)
GCF_963853765.1_xbMagGiga1.1	Pacific oyster (primary hap 2023)
GCF_902806645.1_cgigas_uk_roslin_v1	Pacific oyster (Roslin 2020)
GCF_042767895.1_ASM4276789v1	Pacific white shrimp (JL-2024 2024)
GCF_003789085.1_ASM378908v1	Pacific white shrimp (Kehai No.1 2018)
GCF_905220365.1_ilVanCard2.1	painted lady (refseq 2021)
GCF_015342785.2_UCSD_Lpic_2.1	painted urchin (DCL-2020 2023)
GCF_037042905.1_Lp3.0	painted urchin (F3 Inbred 2024)
GCF_000204515.1_Aech_3.9	Panamanian leafcutter ant
GCF_000165425.1_ASM16542v1	Paramecium tetraurelia (d4-2 2017)
GCA_002921335.1_ASM292133v1	Paratrypanosoma confusum (CUL13MS 2018)
GCF_005508785.2_pea_aphid_22Mar2018_4r6ur_v2	pea aphid (AL4f v2 2019)
GCA_037783105.1_ASM3778310v1	peach fruit fly (Israel wild type primary hap 2024)
GCF_000186865.1_v_1.0	pelagophytes A.anophagefferens (CCMP1984 2011)
GCA_905404145.1_ilBisBetu1.1	pepper-and-salt moth
GCF_013373865.1_ASM1337386v2	pharaoh ant
GCA_000298755.1_AscSuum_1.0	pig roundworm (2012)
GCA_000187025.3_ASM18702v3	pig roundworm (AG01 2017)
GCA_000797535.1_T_suis_1.0.allpaths	pig whipworm (2014)
GCA_000701025.1_Tsuis_adult_female_1.0	pig whipworm (DCEP-RM93F 2014)
GCA_000701005.1_Tsuis_adult_male_v1.0	pig whipworm (DCEP-RM93M 2014)
GCA_904066235.2_BXYJv5	pine wood nematode (Ka4C1 2021)
GCA_000231135.1_ASM23113v1	pine wood nematode (Ka4C1 inbred line 2011)
GCA_010367685.1_ASM1036768v1	pine wood nematode (USG12 2020)
GCA_905475405.1_ilSchCost1.1	pinion-streaked snout moth
GCF_024362695.1_ilPecGoss1.1	pink bollworm (primary hap 2022)
GCA_947561715.1_kaAscMent1.1	pink sea squirt (2022)
GCF_028537555.1_ilBatPhil1.0.hap1	pipe-vine swallowtail (CCGP_79_NKW_IND1hap1 2023)
GCF_029784165.1_ASM2978416v1	pitcher-plant mosquito (HCP4-BCI-WySm-NY-G18 2023)
GCF_000150275.1_v1.0	placozoans T.adhaerens (Grell-BS-1999 2008)
GCA_003344405.1_TrispH2_1.0	placozoans Trichoplax sp. H2 (Panama 2018)
GCF_900090045.1_PmUG01	Plasmodium malariae (2016)
GCF_017918235.1_LU_Pher_1.0	Porcisia hertigi (C119 2021 refseq)
GCA_001870725.1_MEX_genome_complete.1-6-13	pork tapeworm (TsM 2016)
GCF_025612915.1_ASM2561291v2	Portugese oyster (pt1a10 2022)
GCA_001485885.1_Heliconius_melpomene_aglaope.09-246	postman butterfly (2015)
GCA_008528875.1_ASM852887v1	potato aphid (AS-CPRI-2016 2019)
GCF_000142945.1_ASM14294v1	potato late blight agent (T30-4 2009)
GCF_000485595.1_Priapulus_caudatus-5.0.1	priapulids P.caudatus
GCA_004302925.2_ASM430292v2	primary screw-worm (J06 Research Colony 2022)
GCF_000002235.5_Spur_5.0	purple sea urchin
GCA_000695345.1_Assembly_2.2_of_Bactrocera_tryoni_genome	Queensland fruit fly (bent wings 2014)
GCF_016617805.1_CSIRO_BtryS06_freeze2	Queensland fruit fly (S06 2021)
GCA_001949185.1_Rvar_4.0	R.varieornatus (YOKOZUNA-1 2016 tardigrades)
GCA_009735665.1_ACgenome_NGS_v2	rat lungworm (Guangzhou 2019)
GCA_900618445.1_H_diminuta_Denmark_0011_upd	rat tapeworm (2018)
GCA_902177915.1_H.diminuta_WMSil1	rat tapeworm (WMS-il1 laboratory inbred isolate 2019)
GCF_003343065.1_H.ruf_v1.0	red abalone (Redab-CP-2226-F 2018 Iowa State U)
GCA_023055495.1_xgHalRufe1.0.a	red abalone (VD_foot alternate hap 2022)
GCF_023055435.1_xgHalRufe1.0.p	red abalone (VD_foot primary hap 2022 UCLA)
GCF_905147765.1_ilVanAtal1.2	red admiral (refseq 2021)
GCA_000091205.1_ASM9120v1	red algae C.merolae (10D 2007)
GCF_000188075.2_Si_gnH	red fire ant (2018)
GCF_016802725.1_UNIL_Sinv_3.0	red fire ant (2021)
GCF_000002335.3_Tcas5.2	red flour beetle
GCF_031307605.1_icTriCast1.1	red flour beetle (GA2 primary hap 2023)
GCF_000187915.1_Pbar_UMD_V03	red harvester ant
GCF_907164935.1_iOsmBic2.1	red mason bee (2021)
GCF_001313835.1_ASM131383v1	red paper wasp
GCA_025618425.1_DUKEBGI_Htub_1.0	red sea urchin (PLD820 2022)
GCF_040958095.1_FALCON_Pclarkii_2.0	red swamp crayfish (CNS0578487 2024)
GCF_020424385.1_ASM2042438v2	red swamp crayfish (Jiangsu 2021)
GCF_001263575.1_Nlec1.0	redheaded pine sawfly
GCF_021901455.1_iyNeoLeco1.1	redheaded pine sawfly (iyNeoLeco1 2022)
GCA_907269075.1_ilIdaAver1.1	Riband wave
GCF_964204645.1_tnTubPoly1.2	ribbon worms (2024)
GCF_910592395.1_tnLinLong1.2	ribbon worms (primary hap 2022)
GCA_040436485.1_ASM4043648v1	rice moth (NJ 2024)
GCF_002938485.1_Soryzae_2.0	rice weevil
GCF_902806685.1_iAphHyp1.1	ringlet
GCF_902806685.2_iAphHyp1.2	ringlet (primary hap 2024)
GCA_900003945.1_ASM90000394v1	root-knot nematode (2017)
GCF_963678635.1_txSymRosc1.1	Roscoff worm S.roscoffensis (primary hap 2023)
GCA_016617965.1_ASM1661796v1	rose aphid (ROC1 2021)
GCF_019925205.1_ASM1992520v1	rose-grain aphid (CAU 2021 refseq)
GCF_000002985.6_WBcel235	roundworm
GCA_001465515.1_DiuNox1.0	Russian wheat aphid (2015)
GCF_001186385.1_Dnoxia_1.0	Russian wheat aphid (RWA2 2015)
GCA_008580545.1_SphArc_2.1	S.arctica (3-2015 2019)
GCF_016086655.4_UVic_Lsal_1.4	salmon louse (2023)
GCF_016086655.3_UVic_Lsal_1.2	salmon louse (v1.2 2020)
GCA_917862395.1_iHelSar1.1	Sara longwing butterfly (2021)
GCF_030686945.1_ASM3068694v2	scorpions C.vittatus (TY-2023 2023)
GCA_003675905.2_ASM367590v2	scrub typhus mite (UoL-UT 2018)
GCF_001417965.1_Aiptasia_genome_1.1	sea anemones (CC7 2015 refseq)
GCA_000934455.1_Ppar_1.0	sea cucumbers A.parvimensis (Sea Cucumber 01 2015)
GCF_040938485.1_OU_Dant_1.0	sea urchins D.antillarum (AM-2024a 2024)
GCF_964275005.1_eeDiaSeto1	sea urchins D.setosum (2024)
GCA_048537945.1_crg_Mlei_v2	sea walnut (SFBML 2025)
GCF_000326865.2_Helobdella_robusta_v1.0	segmented worms (v2 2012)
GCF_907165205.1_icCocSept1.1	seven-spotted ladybird
GCA_025617745.1_DUKEBGI_Hery_1.0	shortspined sea urchin (PLD85 2022)
GCA_905231865.2_ilBolSele5.2	silver meadow fritillary
GCA_905146925.1_ilAutGamm1.1	silver Y moth
GCA_910589475.1_ilBemIchn1.1	six-belted clearwing
GCA_016920875.1_Utah_Ccol_1.0	slender pigeon louse (jgb_00001 2021)
GCA_003335185.2_ASM333518v2	small brown planthopper (Lst14 2019)
GCA_014465815.1_ASM1446581v1	small brown planthopper (SBPH 2020)
GCF_001937115.1_Atum_1.0	small hive beetle (BRL-Maryland 2017)
GCF_024364675.1_icAetTumi1.1	small hive beetle (Nest 87 primary hap 2022)
GCF_032062105.1_CSIRO_AGI_Scuc_v1	small rock oyster (Sc308-1 2023)
GCA_905147175.1_ilAglUrti1.1	small tortoiseshell
GCF_001687245.2_Rhagoletis_zephyria_1.1	snowberry fruit fly (East Lansing v1.1 2016)
GCF_004324835.1_DenGig_1.0	soft corals D.gigantea (DGI-Jeju-01 2019)
GCF_021976095.1_XeniaSp_v1	soft corals Xenia (Carnegie-2017 2022)
GCF_026914265.1_ASM2691426v1	softshell (MELC-2E11 2022)
GCF_023864275.1_iqSchCanc2.1	South American locust (TAMUIC-IGC-003103 2022)
GCF_000715545.1_OpiViv1.0	Southeast Asian liver fluke
GCA_000181235.2_CCG_Rmi_1.0	southern cattle tick (Deutsch 2012)
GCA_013435995.1_ASM1343599v1	southern cattle tick (Deutsch 2020)
GCF_013339725.1_ASM1333972v1	southern cattle tick (Rmic-2018 2020 refseq)
GCF_015732765.1_VPISU_Cqui_1.0_pri_paternal	southern house mosquito
GCF_000209185.1_CulPip1.0	southern house mosquito (JHB 2007 refseq)
GCA_009928515.1_A_gly_BT4_v2.1	soybean aphid (OH 2020)
GCA_004148225.2_ASM414822v2	soybean cyst nematode (TN10 2021)
GCF_905163445.1_ilParAegt1.1	speckled wood butterfly (refseq 2021)
GCF_026930045.1_Udiv.v.3.1	spiders U.diversus (005 2022)
GCF_000090795.2_v1.1	sponge A.queenslandica (v1.1 JGI-PGF 2010)
GCF_963422355.1_ooCorCand1.1	sponge C.candelabrum (2023)
GCF_963678975.1_odDysAvar1.4	sponge D.avara (primary hap 2024)
GCF_963675165.1_odHalPani1.1	sponge H.panicea (primary hap 2023)
GCF_947507565.1_ooOscLobu1.1	sponge O.lobularis (primary hap 2022)
GCF_964019385.1_ocSycCili1.1	sponge S.ciliatum (primary hap 2024)
GCA_047948215.1_ASM4794821v1	spotted lanternfly (Av1 hap1 2025)
GCA_047948205.1_ASM4794820v1	spotted lanternfly (Av1 hap2 2025)
GCF_002217175.1_ASM221717v1	springtails F.candida
GCF_023614345.1_UGA_ACOO_1.1	spruce gall adelgid (2022)
GCF_900239965.1_Bicyclus_anynana_v1.2	squinting bush brown
GCF_947172395.1_ilBicAnyn1.1	squinting bush brown (primary hap 2022)
GCF_001015335.1_Stomoxys_calcitrans-1.0.1	stable fly (8C7A2A5H3J4 2015 rewfseq)
GCF_963082655.1_idStoCalc2.1	stable fly (primary hap 2023)
GCF_013122585.1_ASM1312258v2	stalked seq squirt
GCA_023349385.1_jaAntSola1.0.a	starburst anemone (alt pseudohaplotype CCGP_MDBC_AS_20200803 2022)
GCA_023349425.1_jaAntSola1.0.p	starburst anemone (CCGP_MDBC_AS_20200803 2022)
GCF_032118995.1_ASM3211899v1	starfish (2023)
GCA_023634265.1_eaPisBrev1.0.a	starfish (M0D059179O alternate hap 2022)
GCA_023634235.1_eaPisBrev1.0.p	starfish (M0D059179O primary hap 2022)
GCF_932526225.1_jaNemVect1.1	starlet sea anemone (2022 Wellcome Sanger)
GCF_000209225.1_ASM20922v1	starlet sea anemone (CH2 x CH6 2007 JGI)
GCF_000222465.1_Adig_1.1	stony coral A.digitifera
GCF_013753865.1_Amil_v2.1	stony coral A.millepora (JS-1 2020)
GCF_004143615.1_amil_sf_1.1	stony coral A.millepora (SF001 2019)
GCF_036669905.1_ASM3666990v1	stony coral A.muricata (sample 2 2024)
GCF_036669925.1_ASM3666992v2	stony coral M.capricornis (CH-2021 2024)
GCF_036669935.1_ASM3666993v2	stony coral M.foliosa (CH-2021 2024)
GCF_002042975.1_ofav_dov_v1	stony coral O.faveolata
GCF_003704095.1_ASM370409v1	stony coral P.damicornis
GCF_958299795.1_jaPorLute2.1	stony coral P.lutea (primary hap 2023)
GCF_002571385.2_Stylophora_pistillata_v1.1	stony coral S.pistillata (v1.1 CSM Monaco 2017)
GCF_036669915.1_ASM3666991v2	stony corals (sample1 2024)
GCF_026230105.1_icDioSubl1.1	subtropical tamarisk beetle (icDioSubl1.1 primary hap 2022)
GCA_020800235.1_ASM2080023v1	sudden oak death agent (14567 PR-15-019 primary hap 2021)
GCF_020800215.1_PR-102_v3_p	sudden oak death agent (Pr-102 primary hap 2021 refseq)
GCA_034768055.1_ILVO_Slat_1.0	sugar kelp S.latissima (South Norwegian Sea WGS_kelp_146 2023)
GCF_009176525.2_AAFC_CNas_1.1	swede midge
GCF_029955315.1_icCylForm1.1	sweet potato weevil (icCylForm1 primary hap 2023)
GCF_001854935.1_ASM185493v1	sweet potato whitefly
GCF_918797505.1_PGI_BMITA_v3	sweet potato whitefly (2022)
GCF_022113875.1_Hydra_105_v3	swiftwater hydra (105 2022)
GCF_037890685.1_HydraT2T_105	swiftwater hydra (T2T-105 2024)
GCF_038396675.1_HydraT2T_AEP	swiftwater hydra (T2T-AEP 2024)
GCF_017591435.1_ASM1759143v1	swimming crab
GCA_001839685.2_ASM183968v2	T.foetus (K 2016 genbank)
GCF_001839685.1_ASM183968v2	T.foetus (K 2016 refseq)
GCA_013358835.2_BIME_Iper_1.3	taiga tick (Iper-2018 2020)
GCF_002891405.2_Csec_1.0	termite C.secundus
GCF_000696155.1_ZooNev1.0	termite Z.nevadensis
GCA_900618365.1_T_callipaeda_Ticino_0011_upd	thelaziosis nematode (2018)
GCA_900660155.1_ASM90066015v1	three-banded panther worm (2019)
GCF_012932325.1_TpBJ-2018v1	thrips T.palmi
GCF_007210705.1_Tcal_SD_v2.1	tidepool copepod (San Diego 2019 refseq)
GCF_014839805.1_JHU_Msex_v1.0	tobacco hornworm
GCF_000006565.2_TGA4	Toxoplasma gondii (ME49 2013)
GCA_000002825.3_ASM282v3	trichomonads (G3 2022 genbank)
GCF_000002825.2_ASM282v1	trichomonads (G3; ATCC PRA-98 2007)
GCA_900231805.1_PRJEB22701	trichomonads (NIH4 ATCC 30207 2019)
GCF_026262505.1_NYU_TvagG3_2	Trichomonas vaginalis (G3 2022)
GCA_019096175.1_IZB_EATRO1125_Draft_genome_1.0	Trypanosoma brucei (EATRO1125 2021)
GCA_900497135.1_HGAP3_Tb427v9	Trypanosoma brucei brucei (2018)
GCF_000002445.2_ASM244v1	Trypanosoma brucei brucei (927/4 GUTat10.1 2005 kinetoplastids)
GCF_000210295.1_ASM21029v1	Trypanosoma brucei gambiense (Dal972 MHOM/CI/86/DAL972 2009 kinetoplastids)
GCA_000227395.2_ASM22739v2	Trypanosoma congolense (IL3000 2011)
GCA_003013265.1_ASM301326v1	Trypanosoma congolense (IL3000 2018 kinetoplastids)
GCA_002287245.1_ASM228724v1	Trypanosoma congolense (Tc1/148 2017)
GCF_003719485.1_ASM371948v1	Trypanosoma conorhini (025E 2018 kinetoplastids)
GCA_900252365.1_TcIII_231rod	Trypanosoma cruzi (231 2018)
GCA_013358655.1_ASM1335865v1	Trypanosoma cruzi (Berenice 2020)
GCA_015033625.1_ASM1503362v1	Trypanosoma cruzi (Brazil clone A4 2020)
GCA_002749415.1_ASM274941v1	Trypanosoma cruzi (Bug2148 2017)
GCA_003719155.1_ASM371915v1	Trypanosoma cruzi (CL 2018)
GCF_000209065.1_ASM20906v1	Trypanosoma cruzi (CL Brener 2005 kinetoplastids)
GCA_000496795.1_T.cruzi.Dm28c_v01	Trypanosoma cruzi (Dm28c 2013)
GCA_003177105.1_ASM317710v1	Trypanosoma cruzi (Dm28c 2018)
GCA_003719455.1_ASM371945v1	Trypanosoma cruzi (G 2018)
GCA_000331405.1_Trypanosoma_cruzi_JR_cl4-1.1.4	Trypanosoma cruzi (JR cl. 4 2013)
GCA_003594385.1_ASM359438v1	Trypanosoma cruzi (S11 2018)
GCA_003594585.1_ASM359458v1	Trypanosoma cruzi (S15 2018)
GCA_003594715.1_ASM359471v1	Trypanosoma cruzi (S154a 2018)
GCA_003594605.1_ASM359460v1	Trypanosoma cruzi (S162a 2018)
GCA_003594425.1_ASM359442v1	Trypanosoma cruzi (S23b 2018)
GCA_003594705.1_ASM359470v1	Trypanosoma cruzi (S44a 2018)
GCA_003594445.1_ASM359444v1	Trypanosoma cruzi (S92a 2018)
GCA_000188675.2_Tc_SX10_v2.0	Trypanosoma cruzi (Sylvio X10/1 2012)
GCA_003177095.1_TCC_diploid_1.0	Trypanosoma cruzi (TCC 2018)
GCA_000365225.1_Trypanosoma_cruzi_Tula_cl2-1.0.1	Trypanosoma cruzi (Tula cl2 2013)
GCA_002749425.1_ASM274942v1	Trypanosoma cruzi (Y 2017)
GCA_015033655.1_ASM1503365v1	Trypanosoma cruzi (Y clone C6 2020)
GCA_003594485.1_ASM359448v1	Trypanosoma cruzi (Ycl2 2018)
GCA_003594405.1_ASM359440v1	Trypanosoma cruzi (Ycl4 2018)
GCA_003594465.1_ASM359446v1	Trypanosoma cruzi (Ycl6 2018)
GCA_002219105.2_TcruziDm28cPB1	Trypanosoma cruzi cruzi (Dm28c 2017)
GCA_000300495.1_ASM30049v1	Trypanosoma cruzi marinkellei (B7 2012)
GCA_000327425.1_Trypanosoma_cruzi-5.1.3	Trypanosoma cruzi strain (Esmeraldo cl. 3 2013)
GCF_001457755.1_Trypanosoma_equiperdum_OVI_V2	Trypanosoma equiperdum (OVI 2016 refseq)
GCA_917563935.1_Assembly1	Trypanosoma evansi (2021)
GCF_000691245.1_Tgr_V1	Trypanosoma grayi (ANR4 2014 kinetoplastids)
GCF_022059095.1_T.mel.1	Trypanosoma melophagium (St. Kilda St. Kilda 2022 refseq)
GCF_003719475.1_ASM371947v1	Trypanosoma rangeli (AM80 2018 kinetoplastids)
GCA_000492115.1_T_rangeli_SC58v1	Trypanosoma rangeli (SC58 2013)
GCF_002087225.1_Tth_v3	Trypanosoma theileri (Edinburgh 2017 kinetoplastids)
GCA_000227375.1_ASM22737v1	Trypanosoma vivax (Y486 2011)
GCF_014805625.2_Yale_Gfus_2	tsetse fly (v2 IAEA_lab_2018 2020)
GCA_000688735.1_Glossina_austeni-1.0.3	tsetse fly G.austeni (2014)
GCA_000671755.1_Glossina_brevipalpis_1.0.3	tsetse fly G.brevipalpis (2014)
GCA_000671735.1_Glossina_fuscipes-3.0.2	tsetse fly G.fuscipes fuscipes (2014)
GCA_001077435.1_ASM107743v1	tsetse fly G.morsitans morsitans (Yale 2014)
GCA_000688715.1_Glossina_pallidipes-1.0.3	tsetse fly G.pallidipes (2014)
GCA_000818775.1_Glossina_palpalis_gambiensis-2.0.1	tsetse fly G.palpalis gambiensis (146720 2015)
GCA_963924565.1_kaAscAspe10.1	tunicate A.aspersa (primary hap 2024)
GCA_918807975.1_kaAplTurb1.1	tunicate A.turbinatum (primary hap 2021)
GCA_000444245.1_356a-chromosome-assembly	tunicate B.schlosseri (356a 2013)
GCA_004367955.1_ASM436795v1	tunicate B.stygius (SS-2019 2019)
GCA_004368075.1_ASM436807v1	tunicate F.borealis (Espegrend-2014 2019)
GCA_013436065.1_Haaura_MTP2014	tunicate H.aurantium (Mutsu-Bay-2010 2020)
GCA_013436055.1_Harore_MTP2014	tunicate H.roretzi (Mutsu-Bay-2010 2020)
GCA_004367975.1_ASM436797v1	tunicate M.erythrocephalus (Monterey-2011 2019)
GCA_004367875.1_ASM436787v1	tunicate O.albicans (PointB-2012 2019)
GCA_000209555.1_ASM20955v1	tunicate O.dioica (2010)
GCA_004367895.1_ASM436789v1	tunicate O.longicauda (LaJolla-2011 2019)
GCA_004367855.1_ASM436785v1	tunicate O.vanhoeffeni (WitlessB-2012 2019)
GCA_964204865.1_kaStyClav1.hap1.1	tunicate S.clava (kaStyClav1.hap1.1 2024)
GCA_964204955.1_kaStyClav1.hap2.1	tunicate S.clava (kaStyClav1.hap2.1 2024)
GCA_963675345.1_kaTriClin1.1	tunicate T.clinides (primary hap 2023)
GCA_965202585.1_ktThaDemo2.hap1.1	tunicate T.democratica (hap1.1 2025)
GCA_965202575.1_ktThaDemo2.hap2.1	tunicate T.democratica (hap2.1 2025)
GCA_017312745.1_Gbim_1.0	two-spotted cricket (white eyes 2021)
GCF_000239435.1_ASM23943v1	two-spotted spider mite
GCF_958450345.1_idCalVici1.1	urban bluebottle blowfly (primary hap 2023)
GCA_001179505.1_Vbrassicaformis	V.brassicaformis CCMP3155 (2015)
GCF_023898315.1_iqSchNite1.1	vagrant locust (TAMUIC-IGC-003100 2022)
GCF_000224145.3_KH	vase tunicate C.intestinalis (2013)
GCF_010614865.2_ASM1061486v2	velvet spider S.dumicola (v2 Namibia, Etosha AA2019 2020)
GCA_023053555.1_BRLI_1.1	vernal pool fairy shrimp B.lindahli (BRLI_1 2022)
GCA_023053575.1_BRLY_1.1	vernal pool fairy shrimp B.lynchi (BRLY_001 2022)
GCA_023053545.1_LEPA1.1	vernal pool tadpole shrimp L.packardi (LEPA_1 2022)
GCA_963853865.1_ilHelHell1.1	violet copper butterfly (2023)
GCF_032445375.1_Brsri_v3	walking B.rossius redtenbacheri (Brsri 2023)
GCA_003260075.1_Phmamm_MTP2014	warty sea squirt (Sete-AP-2010 2018)
GCF_014905175.1_ASM1490517v1	wasp A.gifuensis
GCF_010883055.1_B_treatae_v1	wasp B.treatae
GCF_000648655.2_Cflo_2.0	wasp C.floridanum
GCF_020080835.1_MPM_Cglom_v2.3	wasp C.glomerata (CgM1 2021)
GCF_013357705.1_ASM1335770v1	wasp C.insularis
GCF_000503995.2_CerSol_1.0	wasp C.solmsi marchali (v2 2013)
GCF_001412515.2_Dall2.0	wasp D.alloeum
GCF_000806365.1_ASM80636v1	wasp F.arisanus
GCF_019393585.1_ZJU_Lbou_2.1	wasp L.boulardi (dan_hultmark-lab 2021)
GCF_015476425.1_ASM1547642v1	wasp L.heterotoma
GCF_000572035.2_Mdem2	wasp M.demolitor (Queensland-Clemson 2015)
GCF_026212275.2_iyMicDemo2.1a	wasp M.demolitor (Queensland-Clemson2020A 2023)
GCF_029852145.1_iyMicMedi2.1	wasp M.mediator (UGA2020A 2023)
GCF_024137745.1_Cenicafe_Pcof_1.1	wasp P.coffea (CEN01 2022)
GCF_947563725.1_qqArgBrue1.1	wasp spider (primary hap 2022)
GCF_000599845.2_Tpre_2.0	wasp T.pretiosum
GCF_019457755.1_ASM1945775v1	wasp V.canescens
GCF_912470025.1_iVesVel2.1	wasp V.velutina
GCF_905475345.1_iyVesVulg1.1	wasp V.vulgaris (2021)
GCF_034640455.1_iyDiaLong2	wasps, D.longicaudata (KC_UGA_2023 2023)
GCF_024137725.1_Cenicafe_Pnas_1.2	wasps, P.nasuta (Cenicafe-Biocafe 2022)
GCA_030254905.1_UOB_LRV0_1	water flea D.magna (LRV0_1 2023)
GCA_001010745.2_Gbue_2.0	water strider (GBUE.00 2018)
GCF_917563875.1_PGI_DIABVI_V3a	western corn rootworm (2022)
GCF_003013835.1_Dvir_v2.0	western corn rootworm (Ped12-6-A-3 2018)
GCF_000697945.3_Focc_3.1	western flower thrips (v3 FOCC.00 2019)
GCF_000255335.2_Mocc_1.1	western predatory mite (v1.1 2012)
GCF_014466175.1_ASM1446617v1	western yellowjacket
GCF_000341935.2_Ccin1v2	wheat stem sawfly (v2 2014)
GCF_021155775.1_iyNeoPine1.1	white pine sawfly (iyNeoPine1 2021)
GCF_021155775.2_iyNeoPine1.2	white pine sawfly (iyNeoPine1 2024)
GCA_014356515.1_ASM1435651v1	white-backed planthopper (WBPH 2020)
GCF_003987935.1_ASM398793v1	wild silkworm
GCA_041937235.1_ASM4193723v1	Willaertia magna (c2c maky 2024)
GCA_013282895.1_WAA_JIC_1.0	woolly apple aphid (AA05 2020)
GCA_900622535.1_W_bancrofti_Jakarta_0011_upd	Wuchereria bancrofti (2018)
GCA_001555675.1_Wb_PNG_Genome_assembly_pt22	Wuchereria bancrofti (PNG22 2016)
GCA_021653915.1_ASM2165391v1	yellow fever mosquito (Aag2 2022)
GCF_002204515.2_AaegL5.0	yellow fever mosquito (LVP_AGWG 2017 refseq)
GCF_963966145.1_icTenMoli1.1	yellow mealworm (2024)
GCF_003268045.1_YSA_version1	yellow sugarcane aphid
GCF_002113885.1_ASM211388v2	Yesso scallop
GCF_020536995.1_UMN_Dpol_1.0	zebra mussel (Duluth1 2021)
