GCF_000863065.1_ViralProj15323	Adeno-associated virus - 1 (2000)
GCF_000841585.1_ViralProj14319	Adeno-associated virus - 3 (3H 2000)
GCF_000836885.1_ViralProj14030	Adeno-associated virus - 4 (ATCC VR-646 2000)
GCF_000845645.1_ViralProj14454	Adeno-associated virus - 7 (2004)
GCF_000846525.1_ViralProj14455	Adeno-associated virus - 8 (2004)
GCF_000838645.1_ViralProj14060	adeno-associated virus 2 (1993)
GCF_000846385.1_ViralProj14426	adeno-associated virus 5 (2004)
GCF_000864245.1_ViralMultiSegProj16144	Adult diarrheal rotavirus strain J19 (J19 2005)
GCF_003032925.1_26544_10	African swine fever virus (26544/OG10 2019)
GCF_003033005.1_ASM303300v1	African swine fever virus (47/Ss/2008 2019)
GCF_003047755.2_ASM304775v2	African swine fever virus (ASFV Georgia 2007/1 2020)
GCF_003032875.1_ASM303287v1	African swine fever virus (BA71 2019)
GCF_000858485.1_ViralProj15242	African swine fever virus (BA71V 2014)
GCF_003047675.1_ASM304767v1	African swine fever virus (Benin 97/1 2019)
GCF_003047715.1_ASM304771v1	African swine fever virus (E75 2019)
GCF_003032905.1_ASM303290v1	African swine fever virus (Ken05/Tk1 2019)
GCF_003032915.1_ASM303291v1	African swine fever virus (Ken06.Bus 2019)
GCF_003032865.1_ASM303286v1	African swine fever virus (L60 2019)
GCF_003032885.1_ASM303288v1	African swine fever virus (NHV 2019)
GCF_003047695.1_ASM304769v1	African swine fever virus (OURT 88/3 2019)
GCF_000861885.1_ViralProj15441	Aichi virus 1 (A846/88 1998)
GCF_018594555.1_ASM1859455v1	Aigai virus (AP92 2023)
GCF_006452035.1_ASM645203v1	Akhmeta virus (Akhmeta_2013-88 2021)
GCF_013086385.1_ASM1308638v1	Alenquer virus (2021)
GCA_031116565.1_ASM3111656v1	Alkhumra hemorrhagic fever virus (Zaki #2 2012)
GCF_000836865.1_ViralProj14025	Alphapapillomavirus 12 (2000)
GCF_000862805.1_ViralProj15451	Alphapapillomavirus 3 (2000)
GCF_000864945.1_ViralProj15512	Alphapapillomavirus 4 (1991)
GCA_008791745.1_ASM879174v1	Anatid alphaherpesvirus 1 (2085 2023)
GCF_004286455.1_ASM428645v1	Anelloviridae sp. (ctbb016 2023)
GCF_004285675.1_ASM428567v1	Anelloviridae sp. (ctbc019 2023)
GCF_004286695.1_ASM428669v1	Anelloviridae sp. (ctbd020 2023)
GCF_004286755.1_ASM428675v1	Anelloviridae sp. (ctbf014 2023)
GCF_004285795.1_ASM428579v1	Anelloviridae sp. (ctbf050 2023)
GCF_004285195.1_ASM428519v1	Anelloviridae sp. (ctbg056 2023)
GCF_004286375.1_ASM428637v1	Anelloviridae sp. (ctbi042 2023)
GCF_004287315.1_ASM428731v1	Anelloviridae sp. (ctcd026 2023)
GCF_004287355.1_ASM428735v1	Anelloviridae sp. (ctcf040 2023)
GCF_004287275.1_ASM428727v1	Anelloviridae sp. (ctea38 2023)
GCF_004286855.1_ASM428685v1	Anelloviridae sp. (ctei055 2023)
GCF_004286675.1_ASM428667v1	Anelloviridae sp. (ctga035 2023)
GCF_006370125.1_ASM637012v1	Anelloviridae sp. (vzttmv5 2023)
GCF_002145785.1_ViralMultiSegProj386346	Anjozorobe virus (Anjozorobe/Em/MDG/2009/ATD49 2017)
GCF_000856545.1_ViralMultiSegProj15028	Argentinian mammarenavirus (XJ13 2003)
GCF_003692095.1_ASM369209v1	Arthrobacter phage Corgi (2023)
GCF_000880715.1_ViralProj32327	Astrovirus (MLB1 2008)
GCF_000885815.1_ViralProj39811	Astrovirus (VA1 2009)
GCF_000895575.1_ViralProj76723	Astrovirus MLB2 (MLB2/human/Stl/WD0559/2008 2012)
GCF_000899535.1_ViralProj178563	Astrovirus MLB3 (MLB3/human/Vellore/26564/2004 2012)
GCF_000901475.1_ViralProj178564	Astrovirus VA3 (VA3/human/Vellore/28054/2005 2012)
GCF_000897955.1_ViralProj178562	Astrovirus VA4 (VA4/human/Nepal/S5363/2008 2012)
GCF_000919195.1_ViralProj245453	Atlantic salmon calicivirus (Nordland/2011 2014)
GCF_000850325.1_ViralProj14730	Australian bat lyssavirus (insectivorous isolate 1999)
GCA_002611025.1_ASM261102v1	Bacillus phage PfNC7401 (2016)
GCF_000858185.1_ViralMultiSegProj15178	Banna virus strain JKT-6423 (JKT-6423 JKT-6423 2000)
GCF_000847585.1_ViralProj14679	Barmah Forest virus (BH2193 1997)
GCF_002285025.1_ViralProj401021	Bastrovirus 7 (2017)
GCF_002005625.1_ViralProj376036	Bat sapovirus (Bat-SaV/Limbe65/CAM/2014 2017)
GCF_000894635.1_ViralProj167111	Bat sapovirus (TLC58/HK 2012)
GCF_029888155.1_ASM2988815v1	Beiji nairovirus (H160 2023)
GCF_002816195.1_ASM281619v1	Betacoronavirus (England 1 H123990006 2018)
GCF_000837645.1_ViralProj14024	Betapolyomavirus macacae (2000)
GCF_001019855.1_ViralMultiSegProj285593	Bhanja virus (ibAr2709 2015)
GCF_003033285.1_ASM303328v1	Bocaparvovirus primate1 (Salvador1 2023)
GCF_000847565.3_ViralProj14675.1	Borna disease virus 2 (No/98 2016)
GCF_023156645.1_ASM2315664v1	Bourbon virus (MO-2013-2499 2023)
GCF_000846165.1_ViralProj14381	Bovine adeno-associated virus (2004)
GCF_001714355.1_ViralProj339877	Bovine calicivirus strain (Kirklareli 2016)
GCF_008777455.1_ASM877745v1	Bovine herpesvirus type 1.1 (NVSL challenge 97-11 2022)
GCF_002118085.1_ViralMultiSegProj384973	Bowe virus (VN1512 2017)
GCF_002117675.1_ViralMultiSegProj384972	Bruges virus (BE/Vieux-Genappe/TE/2013/1 2017)
GCF_000924255.1_ViralProj261260	Bufavirus-3 (BTN-63 2014)
GCF_000849925.1_ViralMultiSegProj14649	Bunyamwera virus (1991)
GCF_018585185.1_ASM1858518v1	Caaingua virus (MS681 2021)
GCF_004789995.1_ASM478999v1	Cache Valley virus (6V633 2019)
GCF_004786895.1_ASM478689v1	Calicivirus chicken/V0021/Bayern/2004 (Bavaria04V0021 2023)
GCF_000859525.1_ViralProj15123	Calicivirus isolate (TCG 14 2005)
GCF_000883855.1_ViralProj38093	Calicivirus pig/AB90/CAN (AB90 2009)
GCF_003972565.1_ASM397256v1	California encephalitis virus (BFS 283 2021)
GCA_032106395.1_ASM3210639v1	Camel Crimean-Congo hemorrhagic fever orthonairovirus (camel/Abu Dhabi/B84 2020)
GCF_000851085.1_ViralProj14875	Canine vesivirus (2003)
GCA_031322265.1_ASM3132226v1	Capira virus (VP-366G 2015)
GCA_031190585.1_ASM3119058v1	Carnivore chapparvovirus 1 (VRI 849 2020)
GCF_002831305.1_ASM283130v1	Catu virus (BeH 151 2018)
GCF_003032755.1_ASM303275v1	Central cimpanzee simian foamy virus (Pan troglodytes troglodytes BAD327 2018)
GCF_000846965.1_ViralProj14558	Cercopithecine alphaherpesvirus 2 (B264 2004)
GCF_000906815.1_ViralProj194137	Chandipura virus (CIN 0451 2013)
GCF_000891915.1_ViralMultiSegProj65423	Chandiru virus (2011)
GCF_000911195.1_ViralMultiSegProj226021	Changuinola virus (CGLV/BE AN 28873 2013)
GCF_001963095.1_ViralProj361922	Chicken calicivirus (RS/BR/2015 2017)
GCF_000854045.1_ViralProj14998	Chikungunya virus (S27-African prototype 2002)
GCF_000897015.1_ViralProj162489	Chimpanzee adenovirus Y25 (2012)
GCF_000919735.1_ViralProj243529	Circo-like virus-Brazil (hs1 2014)
GCF_023122845.1_ASM2312284v1	Circular ssDNA virus sp. (2023)
GCF_001678815.1_ViralProj327664	Circular ssDNA virus sp. (HV-CV1 2016)
GCF_001440915.1_ViralProj301158	Cocal virus (Indiana 2 2015)
GCF_013086615.1_ASM1308661v1	Cocle virus (GML244915 2023)
GCF_000892175.1_ViralProj68289	Colobus guereza papillomavirus 2 (CgPV2 2011)
GCF_000853265.1_ViralMultiSegProj14857	Colorado tick fever virus (Florio; N-7180 2002)
GCF_002829365.1_ASM282936v1	Corriparta virus (AUS1960/01 2018)
GCF_000885595.1_ViralProj38497	Cosavirus A (HCoSV-A1 0553 2009)
GCF_000886475.1_ViralProj38501	Cosavirus D (HCoSV-D1 5004 2009)
GCF_000886455.1_ViralProj38493	Cosavirus E (HCoSV-E1 2009)
GCF_002117635.1_ViralProj384965	Cosavirus F (PK5006 2017)
GCF_000930055.1_ViralProj271106	Cosavirus JMY-2014 (Cosa-CHN 2014)
GCF_000839185.1_ViralProj14174	Cowpox virus (Brighton Red 2002)
GCF_002816655.1_ASM281665v1	Coxsackievirus A2 (Fleetwood CA2 2018)
GCF_002816685.1_ASM281668v1	Coxsackievirus B3 (2018)
GCF_000854165.1_ViralMultiSegProj15026	Crimean-Congo hemorrhagic fever orthonairovirus (IbAr10200 2003)
GCA_002831285.1_ASM283128v1	Crosse virus (La Crosse/original 1994)
GCF_000896415.1_ViralProj76475	Cuevavirus lloviuense (Lloviu virus/M.schreibersii-wt/ESP/2003/Asturias-Bat86 2011)
GCF_003033315.1_ASM303331v1	Cutavirus (BR-337 2018)
GCF_002820165.1_ASM282016v1	Cyclovirus (NG12 2018)
GCF_002820185.1_ASM282018v1	Cyclovirus (NG14 2018)
GCF_002820085.1_ASM282008v1	Cyclovirus (PK5006 2018)
GCF_002820145.1_ASM282014v1	Cyclovirus (PK5034 2018)
GCF_002820105.1_ASM282010v1	Cyclovirus (PK5222 2018)
GCF_002820065.1_ASM282006v1	Cyclovirus (PK5510 2018)
GCF_002820225.1_ASM282022v1	Cyclovirus (SL-108277 2018)
GCF_002820125.1_ASM282012v1	Cyclovirus (TN25 2018)
GCF_002820205.1_ASM282020v1	Cyclovirus VN (hcf2 2018)
GCA_031580275.1_ASM3158027v1	Dandenong virus (0710-2678 2007)
GCF_018595055.1_ASM1859505v1	Dar es Salaam virus (TZ-189 2023)
GCA_004786555.1_ASM478655v1	Deer tick virus (ctb30 CT95 2001)
GCF_000862125.1_ViralProj15306	Dengue virus 1 (clone 45AZ5 Nauru Island 1997)
GCF_000871845.1_ViralProj20183	Dengue virus 2 (16681/84 Thailand 1993)
GCF_000866625.1_ViralProj15598	Dengue virus 3 (D3/H/IMTSSA-SRI/2000/1266 Sri Lanka 2007)
GCF_000865065.1_ViralProj15599	Dengue virus 4 (clone rDEN4 2001)
GCA_004788295.1_ASM478829v1	Dengue virus type 3 (H87 2023)
GCA_004786575.1_ASM478657v1	Dengue virus type 4 (814669 2023)
GCF_002116195.1_ViralMultiSegProj381656	Dhori thogotovirus (Dhori/1313/61 2017)
GCF_013088285.1_ASM1308828v1	Dianlovirus menglaense (Rousettus-wt/CHN/2015/Sharen-Bat9447-1 2021)
GCF_000850985.1_ViralMultiSegProj14851	Dugbe orthonairovirus (ArD44313 1995)
GCF_000905375.1_ViralProj194144	Duvenhage lyssavirus (86132SA 2013)
GCF_003032765.1_ASM303276v1	Eastern chimpanzee simian foamy virus (2018)
GCF_000862705.1_ViralProj15429	Eastern equine encephalitis virus (ssp. North American variant 1991)
GCF_000889155.1_ViralProj51245	ebolavirus (Bundibugyo virus/H.sapiens-tc/UGA/2007/Butalya-811250 2010)
GCF_000854085.1_ViralProj15006	ebolavirus (Reston virus/M.fascicularis-tc/USA/1989/Philippines89-Pennsylvania 2002)
GCF_000855585.1_ViralProj15012	ebolavirus (Sudan virus/H.sapiens-tc/UGA/2000/Gulu-808892 2004)
GCF_000888475.1_ViralProj51257	ebolavirus (Tai Forest virus/H.sapiens-tc/CIV/1994/Pauleoula-CI 2010)
GCF_013086425.1_ASM1308642v1	Echarate virus (2021)
GCF_000841905.1_ViralProj14211	Ectromelia virus (Moscow 2002)
GCF_002815855.1_ASM281585v1	Ekpoma virus 1 (EKV-1 2018)
GCF_002815875.1_ASM281587v1	Ekpoma virus 2 (EKV-2 2018)
GCF_000862985.1_ViralProj15307	Encephalomyocarditis virus (Ruckert 1993)
GCA_031116435.1_ASM3111643v1	Enterovirus 5666/sin/002209 (2001)
GCA_031116425.1_ASM3111642v1	Enterovirus 5865/sin/000009 (2001)
GCF_000861905.1_ViralProj15445	Enterovirus A (1994)
GCF_001684625.1_ViralProj328671	enterovirus A114 (V13-0285 2016)
GCA_008766895.1_ASM876689v1	Enterovirus A71 (BrCr 1996)
GCA_031109255.1_ASM3110925v1	Enterovirus A71 (pinf7-54A 2005)
GCF_000861165.1_ViralProj15288	Enterovirus C (human poliovirus 1 Mahoney 1982)
GCF_000861205.1_ViralProj15297	Enterovirus D (Enterovirus 70 1993)
GCF_002816725.1_ASM281672v1	enterovirus D68 (Fermon 2018)
GCF_002827125.1_ASM282712v1	Eothenomys miletus hantavirus (LX309 2018)
GCF_002402265.1_ASM240226v1	Epstein-Barr virus (Raji 2005)
GCF_000872045.1_ViralProj20959	Epstein-Barr virus type 2 (AG876 2007)
GCA_000844025.1_ViralProj14465	Equine herpesvirus 1 (Ab4 1993)
GCA_001629985.1_ViralMultiSegProj318525	Erve virus (2012)
GCF_000840245.1_ViralProj14204	Escherichia phage Lambda (2000)
GCF_000870765.1_ViralProj19757	European bat 1 lyssavirus (RV9; 9395GER 2007)
GCF_000871625.2_ViralProj19759	European bat 2 lyssavirus (RV1333 2015)
GCF_000857785.1_ViralProj15087	European brown hare syndrome virus (EBHSV-GD 2000)
GCF_002285005.1_ViralProj400925	Fathead minnow calicivirus (FHMCV/USA/MN/2012 2017)
GCF_008767155.1_ASM876715v1	Feline calicivirus (2023)
GCF_000853345.1_ViralProj14877	Feline calicivirus (Urbana 2003)
GCF_023131885.1_ASM2313188v1	Fiwi virus (FIWIV CH17 2023)
GCF_002816555.1_ASM281655v1	Foot-and-mouth disease virus O (O6 o6pirbright iso58 2018)
GCF_004789975.1_ASM478997v1	Fort Sherman virus (86MSP18 2019)
GCF_002118945.1_ViralMultiSegProj385647	Fugong virus (FG10 2017)
GCA_000847005.2_ViralProj14566	Gallid alphaherpesvirus 1 (SA-2 1999)
GCF_000838845.1_ViralProj14103	Gallid alphaherpesvirus 3 (HPRS24 2000)
GCF_004131625.1_ASM413162v1	Gammapapillomavirus sp. (GammaDyskD_w07c34d 2019)
GCF_004131645.1_ASM413164v1	Gammapapillomavirus sp. (Gammai915_ga2c70 2019)
GCF_004131665.1_ASM413166v1	Gammapapillomavirus sp. (GammaiCH2_EV03c434 2019)
GCF_004131525.1_ASM413152v1	Gammapapillomavirus sp. (Gamma_LCOSOc196 2019)
GCF_004131545.1_ASM413154v1	Gammapapillomavirus sp. (Gamma_w11C51 2019)
GCF_004131565.1_ASM413156v1	Gammapapillomavirus sp. (Gamma_w23c08c 2019)
GCF_004131685.1_ASM413168v1	Gammapapillomavirus sp. (Gamma_w27c03a 2019)
GCF_004131585.1_ASM413158v1	Gammapapillomavirus sp. (Gamma_w27c157c 2019)
GCF_004131605.1_ASM413160v1	Gammapapillomavirus sp. (Gamma_w34c04a 2019)
GCF_000862005.1_ViralProj15467	GB virus C (1996)
GCF_001679855.1_ViralProj327661	Gemycircularvirus (HV-GcV1 2016)
GCF_001679875.1_ViralProj327665	Gemycircularvirus (HV-GcV2 2016)
GCF_000973195.1_ViralProj281396	Gemycircularvirus (SL1 2015)
GCF_002826005.1_ASM282600v1	Gemycircularvirus C1c (GemyC1c 2018)
GCF_018591295.1_ASM1859129v1	Gemycircularvirus sp. (Vietnam 2023)
GCF_001595675.1_ViralProj315135	GIII (Norovirus Bo/GIII.2/Adam/2006/No 2016)
GCF_000840165.1_ViralProj14197	Goatpox virus (Pellor 2002)
GCF_000920715.1_ViralProj247501	Goose calicivirus (N 2014)
GCF_000887635.1_ViralMultiSegProj52641	Great Island virus (CanAr 42 2010)
GCF_018594915.1_ASM1859491v1	Grotenhout virus (Gierle-1 2023)
GCF_002118805.1_ViralMultiSegProj385632	Guaroa virus (BeH22063 2017)
GCF_003032775.1_ASM303277v1	Guenon simian foamy virus (Cercopithecus nictitans AG16 2019)
GCF_000913875.1_ViralProj227356	Gyrovirus (Tu243 2013)
GCF_000912415.1_ViralProj227355	Gyrovirus (Tu789 2013)
GCF_000899075.1_ViralProj172459	Gyrovirus 4 (D137 2012)
GCF_000896975.1_ViralProj157265	Gyrovirus GyV3 (FecGy 2012)
GCF_000856085.1_ViralMultiSegProj14929	Hantaan orthohantavirus (76-118 2003)
GCF_000855785.1_ViralMultiSegProj15044	Hantavirus (Z10 2004)
GCF_000922255.1_ViralMultiSegProj255997	Heartland virus (Patient1 2014)
GCF_013086545.1_ASM1308654v1	Heartland virus (TN 2023)
GCF_000852685.1_ViralProj14911	Hendra henipavirus (1998)
GCF_002820785.1_ASM282078v1	Hepacivirus platyrrhini (2018)
GCF_000861825.2_ViralProj15428	Hepatitis B virus (2015)
GCF_000861845.1_ViralProj15432	Hepatitis C virus genotype 1 (H77 1997)
GCF_000874285.1_ViralProj20941	Hepatitis C virus genotype 3 (NZL1 2007)
GCF_000874265.1_ViralProj20933	Hepatitis C virus genotype 4 (ED43 2007)
GCF_000873605.1_ViralProj20935	Hepatitis C virus genotype 5 (EUH1480 2007)
GCF_001712785.1_ViralProj339556	Hepatitis C virus genotype 7 (QC69 2016)
GCF_018547865.1_ASM1854786v1	hepatitis D virus 1 (TW2667 2023)
GCF_018547875.1_ASM1854787v1	hepatitis D virus 2 (TW2476 2023)
GCF_003033645.1_ASM303364v1	hepatitis D virus 4 (TW-2b Taiwan isolate 2023)
GCF_000856565.1_ViralProj15032	Hepatitis delta virus (1993)
GCF_018547925.1_ASM1854792v1	Hepatitis delta virus (dFr2005 2023)
GCF_018547915.1_ASM1854791v1	Hepatitis delta virus (dFr2072 2023)
GCF_018547935.1_ASM1854793v1	Hepatitis delta virus (dFr2158 2023)
GCF_018547805.1_ASM1854780v1	Hepatitis delta virus (VnzD8349 2023)
GCF_000860505.1_ViralProj15308	Hepatovirus A (1993)
GCA_008776015.1_ASM877601v1	Hepatovirus A (2ID 2023)
GCF_000859985.2_ViralProj15217	Herpes simplex virus type 1 (17 1990)
GCA_027936425.1_ASM2793642v1	Herpes simplex virus type 1 (HSV-H15119 2019)
GCF_000884395.1_ViralProj41413	HMO Astrovirus A (NI-295 2009)
GCF_002375055.1_ASM237505v1	Hudisavirus sp. (P22 2017)
GCF_000858645.1_ViralProj15113	human adenovirus 1 (2004)
GCF_000859465.1_ViralProj15106	human adenovirus 2 (2004)
GCF_000857885.1_ViralProj15115	human adenovirus 35 (2004)
GCF_000857865.1_ViralProj15107	human adenovirus 5 (2004)
GCF_000885675.1_ViralProj39353	human adenovirus 54 (Kobe-H 2009)
GCF_000859485.1_ViralProj15114	human adenovirus 7 (2004)
GCF_000858385.2_ViralProj15218	human alphaherpesvirus 2 (HG52 2013)
GCF_000918035.2_ViralProj243497	human associated cyclovirus 10 (7078A 2014)
GCF_001448435.1_ViralProj303113	human associated gemyvongvirus 1 (DB1 2015)
GCF_003033475.1_ASM303347v1	human associated huchismacovirus 1 (Oregon/6/2011/GottageGrove/5A1 2018)
GCF_003033485.1_ASM303348v1	human associated huchismacovirus 2 (France/8/2008/2444 2018)
GCF_003033495.1_ASM303349v1	human associated huchismacovirus 3 (France/1/2009/3664 2018)
GCF_018583805.1_ASM1858380v1	Human associated porprismacovirus (16845x3_952 2023)
GCF_000931315.1_ViralProj274158	human associated porprismacovirus 2 (SF2 2015)
GCF_018583635.1_ASM1858363v1	Human associated porprismacovirus 3 (16806x66_213 2023)
GCF_000861865.1_ViralProj15436	human astrovirus (1993)
GCF_000923215.1_ViralProj255104	human astrovirus BF34 (BF34 2014)
GCF_000845245.1_ViralProj14559	human betaherpesvirus 5 (Merlin 2004)
GCF_000845685.2_ViralProj14462	human betaherpesvirus 6A (U1102 1995 refseq)
GCF_000846365.1_ViralProj14422	human betaherpesvirus 6B (Z29 1999)
GCF_000848125.1_ViralProj14625	human betaherpesvirus 7 (RK 1995)
GCF_000882675.1_ViralProj33891	human bocavirus 2c PK (PK-5510 2009)
GCF_000882855.1_ViralProj37291	human bocavirus 3 (W471 2009)
GCF_000886375.1_ViralProj38243	human bocavirus 4 NI (HBoV4-NI-385 2009)
GCF_000924015.1_ViralProj257742	human circovirus VS6600022 (VS6600022 2014)
GCF_000853505.1_ViralProj14913	human coronavirus 229E (2001)
GCF_000858765.1_ViralProj15139	human coronavirus HKU1 (HKU1 2004)
GCF_000853865.1_ViralProj14960	human coronavirus NL63 (Amsterdam I 2004)
GCF_003972325.1_ASM397232v1	human coronavirus OC43 (ATCC VR-759 2019)
GCF_000920655.1_ViralProj244478	human cosavirus (Cosavirus_Amsterdam_1994 2014)
GCF_000884955.1_ViralProj38499	human cosavirus B (HCoSV-B1 2263 2009)
GCF_029883595.1_ASM2988359v1	Human CSF-associated densovirus (21 2023)
GCF_000908835.1_ViralProj209365	human cyclovirus VS5700009 (VS5700009 2013)
GCF_003727435.1_ASM372743v1	human DNA virus (IND-KIs-REVA-1990 2019)
GCF_000913595.1_ViralProj222261	human endogenous retrovirus K113 (2013)
GCA_031128755.1_ASM3112875v1	human enterovirus 71 HZ08/Hangzhou/2008 (HZ08 2011)
GCF_000841965.1_ViralProj14224	human erythrovirus V9 (V9 2001)
GCF_002219885.1_ViralProj394289	human fecal virus Jorvi2 (Jorvi2 2017)
GCF_002219525.1_ViralProj394288	human fecal virus Jorvi3 (Jorvi3 2017)
GCF_002219705.1_ViralProj394287	human fecal virus Jorvi4 (Jorvi4 2017)
GCF_003726995.1_ASM372699v1	human feces pecovirus (PeCV-NI 2019)
GCF_003033575.1_ASM303357v1	human feces smacovirus 2 (SmaCV2 2018)
GCF_002271185.1_ViralProj399971	human feces smacovirus 3 (SmaCV3.21 P21 2017)
GCF_003963575.1_ASM396357v1	Human feces smacovirus 3 (SmaCV3_ETH_P15_2016 2023)
GCA_027939675.1_ASM2793967v1	human gammaherpesvirus 8 (BCBL-1 2019)
GCF_000838265.1_ViralProj14158	human gammaherpesvirus 8 (GK18 2007)
GCA_027939395.1_ASM2793939v1	human gammaherpesvirus 8 (JSC-1 2009)
GCA_027939375.1_ASM2793937v1	human gammaherpesvirus 8 (JSC-1 2019)
GCA_027939385.1_ASM2793938v1	human gammaherpesvirus 8 (JSC-1 2021)
GCA_027939455.1_ASM2793945v1	human gammaherpesvirus 8 (UNC_BCBL-1 2022)
GCF_002826025.1_ASM282602v1	human gemycircularvirus (GeTz1 2018)
GCF_000973295.1_ViralProj281399	human genital-associated circular DNA virus-1 (349 2015)
GCF_002821385.1_ASM282138v1	human hepegivirus (AK-790 2018)
GCF_000864765.1_ViralProj15476	human immunodeficiency virus 1 (1998)
GCF_000856385.1_ViralProj14991	human immunodeficiency virus 2 (BEN 1993)
GCA_014883685.1_ASM1488368v1	Human lung-associated brisavirus AA (2023)
GCA_014883695.1_ASM1488369v1	Human lung-associated brisavirus II (2023)
GCA_014883705.1_ASM1488370v1	Human lung-associated brisavirus MD (2023)
GCA_014883715.1_ASM1488371v1	Human lung-associated brisavirus RC (2023)
GCF_013088445.1_ASM1308844v1	human lung-associated vientovirus FB (2021)
GCF_000884295.1_ViralProj40315	human mastadenovirus A (2004)
GCF_000846805.1_ViralProj14517	human mastadenovirus A (Huie 1993)
GCF_000880515.1_ViralProj31177	human mastadenovirus B (GB 2008)
GCF_000857085.1_ViralProj15150	human mastadenovirus B (Slobitski 2008)
GCF_000845085.1_ViralProj14518	human mastadenovirus C (1993)
GCF_000858625.1_ViralProj15105	human mastadenovirus D (2004)
GCF_000845985.1_ViralProj14535	human mastadenovirus D (Hicks; NIAID V-209-003-014 2008)
GCF_000859665.1_ViralProj15152	human mastadenovirus E (vaccine (CL 68578) 2001)
GCF_000846685.1_ViralProj14487	human mastadenovirus F (Dugan 1993)
GCF_002815375.1_ASM281537v1	human metapneumovirus (00-1 2018)
GCF_002815475.1_ASM281547v1	human orthopneumovirus (2018)
GCF_000855545.1_ViralProj15003	human orthopneumovirus (B1 1997)
GCF_000863525.1_ViralProj15421	human orthorubulavirus 2 (1991)
GCF_001274345.1_ViralProj293723	human papillomavirus (SE379 2015)
GCF_000868225.1_ViralProj17119	human papillomavirus 103 (Qv33725 2006)
GCF_000883655.1_ViralProj34847	human papillomavirus 108 (2009)
GCF_000883695.1_ViralProj36519	human papillomavirus 109 (2009)
GCF_000884175.1_ViralProj39691	human papillomavirus 116 (HPV116 2009)
GCF_000889075.1_ViralProj49377	human papillomavirus 121 (NJ3301 2010)
GCF_000896435.1_ViralProj76727	human papillomavirus 126 (HPV126 2011)
GCF_000890115.1_ViralProj51741	human papillomavirus 127 (R3a 2010)
GCF_000888015.1_ViralProj62179	human papillomavirus 132 (27-50 2011)
GCF_000889695.1_ViralProj62181	human papillomavirus 134 (39-65 2011)
GCF_000898235.1_ViralProj167865	human papillomavirus 135 (NJ3500 2012)
GCF_000899695.1_ViralProj167866	human papillomavirus 136 (CL3865 2012)
GCF_000898855.1_ViralProj167868	human papillomavirus 140 (NJ2801C1 2012)
GCF_000908695.1_ViralProj208538	human papillomavirus 154 (PV77 2013)
GCF_002826985.1_ASM282698v1	human papillomavirus 161 (KC1 2018)
GCF_001430115.1_ViralProj300230	human papillomavirus 163 (KC3 2015)
GCF_000899515.1_ViralProj178458	human papillomavirus 166 (KC9 2012)
GCF_000913075.1_ViralProj229821	human papillomavirus 167 (KC10 2013)
GCF_002827005.1_ASM282700v1	human papillomavirus 172 (2018)
GCF_002827025.1_ASM282702v1	human papillomavirus 175 (SE87 2018)
GCF_000918095.1_ViralProj243630	human papillomavirus 178 (2014)
GCF_000912535.1_ViralProj215652	human papillomavirus 179 (SIBX16 2013)
GCF_000865665.1_ViralProj15506	human papillomavirus 18 (2000)
GCF_002987365.1_ASM298736v1	human papillomavirus 184 (SIBX17 2018)
GCF_003055605.1_ASM305560v1	human papillomavirus 187 (ACS447 2018)
GCF_001184845.1_ViralProj289889	human papillomavirus 201 (HPV201 2015)
GCF_004133345.1_ASM413334v1	human papillomavirus 203 (SE369 2019)
GCF_002827045.1_ASM282704v1	human papillomavirus 204 (A342 2018)
GCF_002987345.1_ASM298734v1	human papillomavirus 30 (2018)
GCF_000864845.1_ViralProj15492	human papillomavirus 4 (1993)
GCF_000866505.1_ViralProj15511	human papillomavirus 5 (1993)
GCF_002826825.1_ASM282682v1	human papillomavirus 71 (2018)
GCF_000863685.1_ViralProj15456	human papillomavirus 9 (1993)
GCF_000989155.1_ViralProj283065	human papillomavirus KC5 (KC5 2015)
GCF_000864905.1_ViralProj15504	human papillomavirus type 10 (1993)
GCF_000869845.1_ViralProj17121	human papillomavirus type 101 (Qv23954 2006)
GCF_000882135.1_ViralProj36517	human papillomavirus type 112 (2009)
GCF_000889675.1_ViralProj62171	human papillomavirus type 128 (2011)
GCF_000891495.1_ViralProj62175	human papillomavirus type 129 (2011)
GCF_000890535.1_ViralProj62177	human papillomavirus type 131 (27-49 2011)
GCF_000897255.1_ViralProj167867	human papillomavirus type 137 (NJ2801H 2012)
GCF_000898255.1_ViralProj167869	human papillomavirus type 144 (CL3740 2012)
GCF_002006915.1_ViralProj376170	human papillomavirus type 156 (GC01 2017)
GCF_000863945.3_ViralProj15505	human papillomavirus type 16 (1993)
GCF_000866485.1_ViralProj15507	human papillomavirus type 26 (1993)
GCF_000864925.1_ViralProj15508	human papillomavirus type 32 (1993)
GCF_000863965.1_ViralProj15509	human papillomavirus type 34 (1993)
GCF_000863845.1_ViralProj15485	human papillomavirus type 41 (1991)
GCF_000839365.1_ViralProj14027	human papillomavirus type 48 (1995)
GCF_000862825.1_ViralProj15455	human papillomavirus type 49 (1993)
GCF_000841625.1_ViralProj14327	human papillomavirus type 50 (1995)
GCF_000865685.1_ViralProj15510	human papillomavirus type 53 (1993)
GCF_000864725.1_ViralProj15466	human papillomavirus type 54 (1995)
GCF_000838505.1_ViralProj14028	human papillomavirus type 60 (1995)
GCF_000865565.1_ViralProj15486	human papillomavirus type 63 (1993)
GCF_000861945.1_ViralProj15454	human papillomavirus type 6b (type 6b (HPV6b) 1985)
GCF_000861925.1_ViralProj15450	human papillomavirus type 7 (1993)
GCF_002153865.1_ViralProj387245	human papillomavirus type 85 (114B 2017)
GCF_000874925.1_ViralProj28737	human papillomavirus type 88 (2008)
GCF_000862685.1_ViralProj15424	human papillomavirus type 90 (2002)
GCF_000846285.1_ViralProj14406	human papillomavirus type 92 (2003)
GCF_000864825.1_ViralProj15488	human papillomavirus type 96 (2003)
GCF_000910675.1_ViralProj214365	human parainfluenza virus 4a (M-25 2013)
GCF_002817305.1_ASM281730v1	human parechovirus 1 (2018)
GCF_000861005.1_ViralProj15414	human parvovirus 4 G1 (2005)
GCF_000839645.1_ViralProj14090	human parvovirus B19 (J35 1999)
GCF_001310135.2_ViralProj298087	human pegivirus 2 (UC0125.US 2015)
GCF_000859285.1_ViralMultiSegProj15248	human picobirnavirus (Hy005102 2005)
GCA_008766755.1_ASM876675v1	human poliovirus strain (Sabin 1 2023)
GCF_000837865.1_ViralProj14074	human polyomavirus 1 (1993)
GCF_000906235.1_ViralProj195931	human polyomavirus 12 (hu1403 2013)
GCF_000873085.1_ViralProj19155	human polyomavirus 3 (Stockholm 60 2007)
GCF_000888495.1_ViralProj51559	human polyomavirus 6 (607a 2010)
GCF_000889175.1_ViralProj51557	human polyomavirus 7 (713a 2010)
GCF_000891615.1_ViralProj63123	human polyomavirus 9 (HPyV9 2011)
GCF_013087445.1_ASM1308744v1	Human PoSCV5-like circular virus (MRJ 2023)
GCF_000848705.1_ViralProj14743	human respirovirus 1 (Washington 1964 2002)
GCF_000850205.1_ViralProj14706	human respirovirus 3 (1998)
GCF_006298365.1_ASM629836v1	Human respirovirus 3 (ZHYMgz01 Guangzhou 2023)
GCF_002816885.1_ASM281688v1	human rhinovirus NAT001 (NAT001 2018)
GCF_000907835.1_ViralMultiSegProj209367	human rotavirus B (Bang373 2013)
GCF_000856445.1_ViralProj15004	human RSV respiratory syncytial virus A (S2 ts1C 2000)
GCF_000929235.1_ViralProj273530	human smacovirus 1 (France/12/2008/3454 2015)
GCF_002819605.1_ASM281960v1	human stool-associated circular virus NG13 (NG13 2018)
GCA_003102335.1_ASM310233v1	human T-cell leukemia virus type I (1993)
GCF_000863585.1_ViralProj15434	human T-cell leukemia virus type I (1998)
GCF_000847505.1_ViralProj14663	human T-lymphotropic virus 2 (1993)
GCF_000882595.1_ViralProj33481	human T-lymphotropic virus 4 (1863LE 2009)
GCF_000875265.1_ViralProj30053	human TMEV-like cardiovirus (2008)
GCF_002374975.1_ASM237497v1	Husavirus sp. (16370_59 2016)
GCF_000849945.1_ViralProj14653	I virus (Cowden 2000)
GCF_003443495.1_ASM344349v1	IAS virus (2020)
GCA_002888815.1_ASM288881v1	Igbo Ora virus (IBH10964 1998)
GCF_004789595.1_ASM478959v1	Ilesha virus (R5964 2019)
GCF_002146225.1_ViralMultiSegProj386357	Imjin virus (2017)
GCF_001939215.2_ViralProj360303	Indian encephalitis associated cyclovirus (IECSF08 2017)
GCF_001343785.1_ViralMultiSegProj274766	Influenza A virus (A/California/07/2009 2015)
GCF_000864105.1_ViralMultiSegProj15617	Influenza A virus (A/Goose/Guangdong/1/96H5N1 2005)
GCF_000851145.1_ViralMultiSegProj14892	Influenza A virus (A/Hong Kong/1073/99 2003)
GCF_000866645.1_ViralMultiSegProj15620	Influenza A virus (A/Korea/426/1968 2005)
GCF_000865085.1_ViralMultiSegProj15622	Influenza A virus (A/New York/392/2004 2005)
GCF_000865725.1_ViralMultiSegProj15521	Influenza A virus (A/Puerto Rico/8/1934 1982)
GCF_000928555.1_ViralMultiSegProj274585	Influenza A virus (A/Shanghai/02/2013 2015)
GCF_000820495.2_ViralMultiSegProj14656	Influenza B virus (B/Lee/1940 1993)
GCF_000856665.10_ViralMultiSegProj15055	Influenza C virus (C/Ann Arbor/1/50 2004)
GCF_002867775.1_ASM286777v1	Influenza D virus (D/swine/Oklahoma/1334/2011 2018)
GCF_000906835.1_ViralProj194141	Isfahan virus (2013)
GCF_014883185.1_ASM1488318v1	Issyk-Kul virus (LEIV-315K 2023)
GCF_000862145.1_ViralProj15310	Japanese encephalitis virus (1993)
GCF_000863805.1_ViralProj15477	JC polyomavirus (Mad1 1993)
GCF_002117615.1_ViralMultiSegProj384971	Jeju virus (10-11 2017)
GCF_023156725.1_ASM2315672v1	Jos virus (2023)
GCF_023155475.1_ASM2315547v1	Kander virus (CH17 2023)
GCF_002288735.2_ViralMultiSegProj319069	Kasokero virus (Z-52963 2018)
GCF_002146025.1_ViralMultiSegProj386356	Kenkeme virus (Fuyuan-Sr-326 2017)
GCA_004786635.1_ASM478663v1	Kunjin virus (MRM61C 2023)
GCF_002820625.1_ASM282062v1	Kyasanur Forest disease virus (2018)
GCF_000850965.1_ViralMultiSegProj14847	La Crosse virus (human/78 2002)
GCF_004789695.1_ASM478969v1	La Crosse virus (LACV/human/1960 2023)
GCF_000905975.1_ViralProj194143	Lagos bat lyssavirus (0406SEN 2013)
GCA_031129775.1_ASM3112977v1	Lake Victoria marburgvirus - (Leiden 2011)
GCA_031121245.1_ASM3112124v1	Lake Victoria marburgvirus - Angola2005 (Ang1379c 2006)
GCA_031121995.1_ASM3112199v1	Lake Victoria marburgvirus - Ci67 (2007)
GCA_031121255.1_ASM3112125v1	Lake Victoria marburgvirus - DRC1999 (07DRC99 2006)
GCF_000860805.1_ViralProj15370	Langat virus (TP21 2000)
GCA_031319335.1_ASM3131933v1	Langya virus (SDQD_H1801 2022)
GCF_000851705.1_ViralMultiSegProj14864	Lassa mammarenavirus (Josiah 1998)
GCF_002118505.1_ViralProj385649	Le Dantec virus (DakHD763 2017)
GCF_002829425.1_ASM282942v1	Lebombo virus (SAAR 3896 2018)
GCF_002080215.1_ViralProj381649	LI polyomavirus (LIPyV 2017)
GCF_000863165.1_ViralProj15343	Louping ill virus (369/T2 1997)
GCF_000839805.1_ViralProj14122	Lumpy skin disease virus NI- (Neethling 2490 2001)
GCF_000851025.1_ViralMultiSegProj14862	Lymphocytic choriomeningitis mammarenavirus (Armstrong 53b 1993)
GCF_000892835.1_ViralProj68287	Macaca fascicularis papillomavirus 2 (Mac191 2011)
GCF_004134585.1_ASM413458v1	Macaca mulatta papillomavirus 6 (PM084S3_c170482 2019)
GCF_000853725.1_ViralMultiSegProj14931	Machupo mammarenavirus (Carvallo 2003)
GCF_000917835.1_ViralProj242273	Madariaga virus (MADV/Cebus apella/BRA/BEAN5122/1956 2014)
GCF_002888955.1_ASM288895v1	Madariaga virus (PE-3.0815 2023)
GCF_002118405.1_ViralMultiSegProj385629	Madrid virus (BT4075 2017)
GCF_013086435.1_ASM1308643v1	Maldonado virus (FMD 0077 2021)
GCF_001736695.1_ViralProj343484	Mamastrovirus 1 (V1347 2016)
GCF_000924315.1_ViralMultiSegProj262089	Mammalian orthoreovirus 3 (MPC/04 2009)
GCF_006298385.1_ASM629838v1	Mammalian orthoreovirus 3 (T3D Dearing 2023)
GCF_000879235.1_ViralMultiSegProj29223	Mammarenavirus chapareense (810419 2008)
GCF_004789475.1_ASM478947v1	Mammarenavirus choriomeningitidis (Armstrong 53b 2023)
GCF_000853765.1_ViralMultiSegProj14939	Mammarenavirus guanaritoense (INH-95551 2003)
GCA_900094045.1_LASV_isolate_Alzey	Mammarenavirus lassaense (Alzey 2016)
GCF_000885555.1_ViralMultiSegProj38405	Mammarenavirus lujoense (2009)
GCF_002145825.3_ASM214582v3	Maporal virus (HV 97021050 2017)
GCF_000857325.2_ViralProj15199	Marburg marburgvirus (Marburg virus/H.sapiens-tc/KEN/1980/Mt. Elgon-Musoke 1994)
GCA_000857325.3_ViralProj15199	Marburg virus - Musoke, Kenya, 1980 (Musoke 2024)
GCF_004130475.1_ASM413047v1	Marmot norovirus (HT16 2019)
GCF_000863385.1_ViralProj15392	Mayaro virus (2002)
GCF_000854845.1_ViralProj15025	Measles morbillivirus (Ichinose-B95a 1998)
GCF_002815295.1_ASM281529v1	Menangle virus (Australia/bat/2009/Cedar Grove 2018)
GCF_000874865.1_ViralProj28509	Merkel cell polyomavirus (R17b 2008)
GCF_000901155.1_ViralProj183710	Middle East respiratory syndrome-related coronavirus (HCoV-EMC HCoV-EMC/2012 2012)
GCF_000901135.1_ViralProj183163	Mink calicivirus (MCV-DL/2007/CN 2012)
GCF_000856485.1_ViralProj15013	Mokola lyssavirus (2004)
GCF_000843325.1_ViralProj14328	Molluscum contagiosum virus subtype 1 (1996)
GCF_018580855.1_ASM1858085v1	monkey B virus (8100812 2023)
GCF_000844145.1_ViralProj14489	monkey B virus (E2490 2003)
GCF_018580865.1_ASM1858086v1	monkey B virus (KQ 2023)
GCF_014621545.1_ASM1462154v1	Monkeypox virus (MPXV-M5312_HM12_Rivers 2022)
GCF_000857045.1_ViralProj15142	Monkeypox virus (Zaire-96-I-16 2021)
GCF_000855745.1_ViralMultiSegProj15036	Mopeia Lassa virus reassortant 29 (ML29 IGS-15 2004)
GCF_000856685.1_ViralProj15059	Mumps orthorubulavirus (Miyahara 2000)
GCF_029887105.1_ASM2988710v1	Mundri virus (A14 2023)
GCF_000866405.1_ViralProj15491	Mupapillomavirus 1 (1982)
GCA_000845665.1_ViralProj14458	Murine herpesvirus 68 (WUMS 2007)
GCF_000863565.1_ViralProj15430	Murray Valley encephalitis virus (1999)
GCF_000898335.1_ViralProj170047	MW polyomavirus (MA095 2012)
GCF_000843685.1_ViralProj14396	Myxoma virus (Lausanne 2002)
GCF_002117695.1_TICK_VIRUS	Nairobi sheep disease virus (Jilin 2017)
GCF_000851625.1_ViralProj14845	Nebraska virus (NB 2002)
GCF_000922675.1_ViralProj248102	New Jersey polyomavirus-2013 (NJ-PyV-2013 2014)
GCF_000867125.1_ViralProj16653	Newbury agent 1 (2006)
GCF_000863625.1_ViralProj15443	Nipah henipavirus (2000)
GCF_002145865.1_ViralProj386363	Nkolbisson virus (YM 31-65 2017)
GCF_007609015.1_ASM760901v1	Norovirus (dog/GVI.1/HKU_Ca026F/2007/HKG 2019)
GCF_000864005.1_ViralProj15520	Norovirus GI (1993)
GCF_008704025.1_ASM870402v1	Norovirus GI (Hu/BD/2011/GI.7PNA2/Dhaka1882 2019)
GCF_008703965.1_ASM870396v1	Norovirus GI (Hu/JP/1998/GI.6PNA4/No20-Saitama-98-17 2019)
GCF_008703985.1_ASM870398v1	Norovirus GI (Hu/JP/2000/GI.6PNA1/WUG1 2019)
GCF_003813225.1_ASM381322v1	Norovirus GI/Hu/JP/2007/GI.P3_GI.3/Shimizu/KK2866 (Shimizu/KK2866 2018)
GCF_008711635.1_ASM871163v1	Norovirus GII (Hu/GII.PNA4-GII.NA4/PNV06929/2008/PER 2019)
GCF_004193815.1_ASM419381v1	Norovirus GII (NORO_176-1_17_12_2015 2019)
GCF_003638685.1_ASM363868v1	Norovirus GII (NORO_226_06_01_2016 2018)
GCF_003638645.1_ASM363864v1	Norovirus GII.17 (Hu/GII.P17_GII.17/KR/2015/CAU-267 2018)
GCF_003638665.1_ASM363866v1	Norovirus GII.2 (BJSMQ 2018)
GCF_007608995.1_ASM760899v1	Norovirus GII/Hu/JP/2007/GII.P15_GII.15/Sapporo/HK299 (Sapporo/HK299 2019)
GCF_007609035.1_ASM760903v1	Norovirus GII/Hu/JP/2011/GII/Yuzawa/Gira2HS (Yuzawa/Gira2HS 2019)
GCF_010478905.1_ASM1047890v1	Norovirus GIV (CU081210E/USA/2010 2020)
GCF_001595715.1_ViralProj315150	Norovirus GIV (Hu/GIV.1/LakeMacquarie/NSW268O/2010/AU 2016)
GCF_008704005.1_ASM870400v1	Norovirus GIV (Hu/US/2016/GIV.NA1PNA1/WI7002 2019)
GCF_000868425.1_ViralProj17577	Norovirus GV (Mu/NoV/GV/MNV1/2002/USA 2006)
GCF_001595695.1_ViralProj315113	Norwalk-like virus (Hu/Norovirus/hiroshima/1999/JP9912-02F 2016)
GCF_002270605.1_NY_014	NY_014 poxvirus (2013 2017)
GCF_000855505.1_ViralProj14995	Omsk hemorrhagic fever virus (Bogoluvovska 2003)
GCF_000863005.1_ViralProj15311	Onyong-nyong virus (1993)
GCF_002888795.1_ASM288879v1	Onyong-nyong virus (SG650 2023)
GCF_000844845.1_ViralProj14464	Orf virus (OV-SA00 ORFD 2004)
GCF_000853785.1_ViralMultiSegProj14943	Oropouche virus (2004)
GCF_002118905.1_ViralMultiSegProj385639	Orthobunyavirus bwambaense (M459 2017)
GCF_002815935.1_ASM281593v1	Orthohantavirus asikkalaense (CZ/Beskydy/412/2010/Sm 2019)
GCF_002816435.1_ASM281643v1	Orthohantavirus bayoui (HV F0260003 2018)
GCF_002119025.1_ViralMultiSegProj385648	Orthohantavirus caobangense (3 2017)
GCF_002145545.1_ViralMultiSegProj386302	Orthohantavirus delgaditoense (VHV-574 2017)
GCF_000863045.1_ViralMultiSegProj15319	Orthohantavirus dobravaense (DOBV/Ano-Poroia/Afl9/1999 2003)
GCF_002146125.1_ViralMultiSegProj386301	Orthohantavirus khabarovskense (Fuyuan-Mm-217 2017)
GCF_002117715.1_ViralMultiSegProj384970	Orthohantavirus montanoense (104/2006 2017)
GCF_002994685.1_ASM299468v1	Orthohantavirus prospectense (PH-1 2018)
GCF_018594985.1_ASM1859498v1	Orthohantavirus robinaense (P17-14855 2021)
GCF_002145925.1_ViralMultiSegProj386300	Orthohantavirus sangassouense (SA14 2017)
GCF_000854765.1_ViralMultiSegProj15005	Orthohantavirus sinnombreense (NM H10 2003)
GCF_002830985.1_ASM283098v1	Orthohantavirus sinnombreense (NM R11 2023)
GCF_018595015.1_ASM1859501v1	Orthohantavirus tatenalense (Upton_Heath 2021)
GCF_000855225.1_ViralMultiSegProj14936	Orthohantavirus tulaense (Moravia/5302v/95 2003)
GCF_000861105.1_ViralProj15435	Orthohepevirus A (Xinjiang 1993)
GCF_000943645.1_ViralProj276005	Orthomarburgvirus marburgense (Ravn virus/H.sapiens-tc/KEN/1987/Kitum Cave-810040 2014)
GCF_018595155.1_ASM1859515v1	Orthonairovirus tomdiense (TT1 2023)
GCF_000873165.1_ViralProj19651	Orthorubulavirus mapueraense (BeAnn 370284 2007)
GCF_002829445.1_ASM282944v1	Orungo virus (UGMP 359 2018)
GCF_004117175.1_ASM411717v1	Oz virus (EH8 2019)
GCF_000896995.1_ViralProj159111	Papio hamadryas papillomavirus 1 (Mac2085 2012)
GCF_000854805.1_ViralProj15014	Parainfluenza virus 5 (W3A 2004)
GCF_000847045.1_ViralProj14564	Paramecium bursaria Chlorella virus 1 (2011)
GCF_000861505.1_ViralProj15357	Parechovirus A (Gregory 1998)
GCF_000910875.1_NIH-CQV	Parvovirus NIH-CQV (2013)
GCF_002826225.1_ASM282622v1	Paslahepevirus balayani (2023)
GCF_023120075.1_ASM2312007v1	Paslahepevirus balayani (AlgSwe2012 2023)
GCF_023120345.1_ASM2312034v1	Paslahepevirus balayani (little egret/kocsag02/2014/HUN 2023)
GCF_000847425.1_ViralProj14647	Pegivirus platyrrhini (2000)
GCF_002821105.1_ASM282110v1	Pegivirus platyrrhini (2023)
GCF_000856465.1_ViralMultiSegProj15008	Pichinde virus (AN3739 2004)
GCF_002816055.1_ASM281605v1	Piry virus (BeAn2423 2018)
GCA_003108605.1_ASM310860v1	Poliovirus 2 (Lansing 2023)
GCA_008766715.1_ASM876671v1	Poliovirus 3 (2023)
GCF_000856725.1_ViralProj15068	Potato leafroll virus (2000)
GCF_021461725.1_ASM2146172v1	Potato leafroll virus (Canada 2023)
GCF_000860485.1_ViralProj15304	Powassan virus (LB 1993)
GCF_001755385.1_ViralProj345050	Primate norovirus (SimianNoV-nj 2016)
GCF_000861125.1_ViralProj15439	Primate T-lymphotropic virus 1 (Tan90 2000)
GCF_000847845.1_ViralProj14732	Primate T-lymphotropic virus 3 (CTO-604 2002)
GCF_002827465.1_ASM282746v1	Protoparvovirus primate1 (BF.86 2018)
GCA_002966185.1_ASM296618v1	Pseudomonas phage phi6 (S2 2006)
GCF_002829605.1_ASM282960v1	Pulau reovirus (2018)
GCF_002815115.1_ASM281511v1	Punta Toro virus (Adames 2018)
GCA_001021295.1_ViralMultiSegProj286006	Punta Toro virus (PAN472868 2015)
GCF_001021295.1_ViralMultiSegProj286006	Punta Toro virus (PAN472868 2015)
GCF_000854405.1_ViralMultiSegProj14930	Puumala orthohantavirus (Sotkamo 2003)
GCF_000882575.1_ViralProj33267	Rabbit calicivirus Australia 1 (MIC-07 2008)
GCF_000861285.1_ViralProj15313	Rabbit hemorrhagic disease virus (FRG 2000)
GCF_000867805.1_ViralProj18289	Rabbit vesivirus (2006)
GCF_000859625.1_ViralProj15144	Rabies lyssavirus (1993)
GCF_000858025.1_ViralProj15145	Reticuloendotheliosis virus (HA9901 2005)
GCF_000862245.1_ViralProj15330	Rhinovirus A (1993)
GCF_002816835.1_ASM281683v1	rhinovirus A1 (ATCC VR-1559 2018)
GCF_000861265.1_ViralProj15309	rhinovirus B14 (2000)
GCF_002816855.1_ASM281685v1	rhinovirus B3 (2018)
GCF_000872325.1_ViralProj27901	Rhinovirus C (024 2007)
GCF_000847345.1_ViralMultiSegProj14631	Rift Valley fever virus (ZH-548 2010)
GCF_002830685.1_ASM283068v1	Rockport virus (MSB57412 2018)
GCF_000918175.1_ViralProj246130	Rosavirus A2 (GA7403 2014)
GCF_000862165.1_ViralProj15314	Ross River virus (NB5092 1993)
GCF_002889255.1_ASM288925v1	Ross River virus (QML 1 2023)
GCF_000880735.1_ViralMultiSegProj32521	Rotavirus A (RVA/Simian-tc/ZAF/SA11-H96/1958/G3P5B[2] 2008)
GCF_000864225.1_ViralMultiSegProj16140	Rotavirus C (Bristol 2005)
GCF_000863025.1_ViralProj15315	Rubella virus (F-Therien 1993)
GCF_024749945.1_ASM2474994v1	Rubella virus (RVi/Bismarck.ND.USA/23.08/2B 2023)
GCF_000866785.1_ViralProj16150	Saint Louis encephalitis virus (Kern217 2005)
GCF_000885035.1_ViralProj39553	Salivirus A (02394-01 2009)
GCF_000926235.1_ViralProj262543	Salivirus FHB (SaliV-FHB 2014)
GCF_000886535.1_ViralProj39349	Salivirus NG-J1 (NG-J1 2009)
GCF_000925155.1_ViralProj267775	San Miguel sea lion virus 8 (2014)
GCF_000854285.1_ViralMultiSegProj15053	Sandfly fever Naples virus (Toscana ISS.Phl.3 2004)
GCF_000891955.1_ViralMultiSegProj66185	sandfly fever Turkey virus (Izmir 19 2011)
GCF_000854265.1_ViralProj15048	Sapovirus (Hu/Dresden/pJG-Sap01/DE 2004)
GCF_008792745.1_ASM879274v1	Sapovirus (Hu/GI/Sapporo/MT-2010/1982 2023)
GCF_000853825.1_ViralProj14952	Sapovirus (Mc10 2004)
GCF_000855765.1_ViralProj15040	Sapovirus C12 (C12 2004)
GCF_001008475.1_ViralProj284012	Sapovirus Hu/Nagoya/NGY-1/2012/JPN (Hu/SaV/Nagoya/NGY-1/2012/JPN 2015)
GCF_000864885.1_ViralProj15500	SARS coronavirus Tor2 (Tor2 2003)
GCF_000860285.1_ViralProj15282	Semliki Forest virus (1987)
GCF_000855645.1_ViralMultiSegProj15027	Seoul orthohantavirus (80-39 2003)
GCF_003087855.1_ASM308785v1	Severe fever with thrombocytopenia syndrome virus (HNXH 2019)
GCF_000930855.1_ViralProj272515	Sewage-associated gemycircularvirus-10a (BS3980 2015)
GCF_000897355.1_ViralMultiSegProj170539	SFTS virus (HB29 2012)
GCF_000840205.1_ViralProj14196	Sheeppox virus (TU-V02127 2002)
GCF_000847325.1_ViralProj14626	simian adenovirus 1 (ATCC VR-195 2005)
GCF_000848485.1_ViralProj14699	Simian foamy virus (1994)
GCF_000921975.1_ViralProj253339	Simian pegivirus (SPgVkrc SPgVkrc_RC08 2014)
GCF_000881775.1_ViralProj32697	Simian T-cell lymphotropic virus 6 (Cmo8699AB 2008)
GCF_000860005.1_ViralProj15221	Simian T-lymphotropic virus 2 (PP1664 STLV-2PP1664 2000)
GCF_000860545.1_ViralProj15316	Sindbis virus (1993)
GCF_000846905.1_ViralProj14544	Singapore grouper iridovirus (2004)
GCF_023157055.1_ASM2315705v1	Sinu virus (CoB 38d 2023)
GCF_000859305.1_ViralProj15252	Small anellovirus 1 (2005)
GCF_000860145.1_ViralProj15253	Small anellovirus 2 (2005)
GCF_000859885.1_ViralProj15197	smallpox virus (India-1967, ssp. major Ind3 1993)
GCF_004789895.1_ASM478989v1	Snowshoe hare virus (2021)
GCF_014883305.1_ASM1488330v1	Soldado virus (TRVL 52214 2023)
GCF_029888075.1_ASM2988807v1	Songling virus (HLJ1202 2023)
GCF_000924495.1_ViralProj264896	Sosuga virus (2012 2014)
GCF_000921075.1_ViralProj253318	Staphylococcus phage 6ec (2014)
GCF_000879655.1_ViralProj30663	Steller sea lion vesivirus (V1415 SSL2004-250F 2008)
GCF_000904055.1_ViralProj186434	STL polyomavirus (MA138 2013)
GCA_900230325.1_Suid_herpesvirus_1_Strain_MdBio	Suid alphaherpesvirus 1 (PRV-MdBio PRV-MdBio 2017)
GCF_001755105.1_ViralMultiSegProj344600	Tacheng Tick Virus 1 (TC253 2016)
GCA_014883335.1_ASM1488333v1	Tamdy virus (XJ01 2019)
GCF_023156685.1_ASM2315668v1	Thailand tick thogotovirus (THOV/Boophilus sp./Thailand 2023)
GCF_000854245.1_ViralMultiSegProj15043	Thogotovirus thogotoense (SiAr 126 2004)
GCF_000879955.1_ViralMultiSegProj29841	Thottapalayam virus (VRC 66412 2008)
GCF_002815815.1_ASM281581v1	Tibrovirus congo (BASV-1 2019)
GCF_000863125.1_ViralProj15335	Tick-borne encephalitis virus (2000)
GCA_004788235.1_ASM478823v1	Tick-borne encephalitis virus (Vasilchenko 2023)
GCF_000870545.1_ViralProj19131	Torque teno midi virus 1 (MD1-032 2007)
GCF_002818685.1_ASM281868v1	Torque teno midi virus 10 (MDJN14 2018)
GCF_002818705.1_ASM281870v1	Torque teno midi virus 11 (MDJN47 2018)
GCF_002818725.1_ASM281872v1	Torque teno midi virus 12 (MDJN51 2018)
GCF_002818745.1_ASM281874v1	Torque teno midi virus 13 (MDJN69 2018)
GCF_002818765.1_ASM281876v1	Torque teno midi virus 14 (MDJN97 2018)
GCF_000887335.1_ViralProj48185	Torque teno midi virus 2 (MD2-013 2010)
GCF_002818545.1_ASM281854v1	Torque teno midi virus 3 (2PoSMA 2018)
GCF_002818565.1_ASM281856v1	Torque teno midi virus 4 (6PoSMA 2018)
GCF_002818585.1_ASM281858v1	Torque teno midi virus 5 (MDJHem2 2018)
GCF_002818605.1_ASM281860v1	Torque teno midi virus 6 (MDJHem3-1 2018)
GCF_002818625.1_ASM281862v1	Torque teno midi virus 7 (MDJHem3-2 2018)
GCF_002818645.1_ASM281864v1	Torque teno midi virus 8 (MDJN1 2018)
GCF_002818665.1_ASM281866v1	Torque teno midi virus 9 (MDJN2 2018)
GCF_018580825.1_ASM1858082v1	Torque teno mini virus (SHA 2023)
GCF_000887355.1_ViralProj48193	Torque teno mini virus 1 (TLMV-CBD279 2010)
GCF_018583595.1_ASM1858359v1	Torque teno mini virus 10 (BNI-700620-G1-CSF 2023)
GCF_018583605.1_ASM1858360v1	Torque teno mini virus 10 (BNI-700835-G3-CSF 2023)
GCF_002818445.1_ASM281844v1	Torque teno mini virus 10 (LIL-y1 2018)
GCF_002818465.1_ASM281846v1	Torque teno mini virus 11 (LIL-y2 2018)
GCF_002818485.1_ASM281848v1	Torque teno mini virus 12 (LIL-y3 2018)
GCF_001661815.1_ViralProj325264	Torque teno mini virus 18 (222 2016)
GCF_000888275.1_ViralProj48171	Torque teno mini virus 2 (TLMV-NLC023 2010)
GCF_000887315.1_ViralProj48175	Torque teno mini virus 3 (TLMV-NLC026 2010)
GCF_000888295.1_ViralProj48179	Torque teno mini virus 4 (Pt-TTV8-II 2010)
GCF_000888975.1_ViralProj48177	Torque teno mini virus 5 (TGP96 2010)
GCF_000888315.1_ViralProj48189	Torque teno mini virus 6 (TLMV-CBD203 2010)
GCF_000888255.1_ViralProj48163	Torque teno mini virus 7 (TLMV-CLC156 2010)
GCF_000887215.1_ViralProj48135	Torque teno mini virus 8 (PB4TL 2010)
GCF_000837005.1_ViralProj14058	Torque teno mini virus 9 (TLMV-CLC062 2000)
GCF_000930495.1_ViralProj268592	Torque teno mini virus ALA22 (TTMV-ALA22 2014)
GCF_000929855.1_ViralProj268591	Torque teno mini virus ALH8 (TTMV-ALH8 2014)
GCF_018580895.1_ASM1858089v1	Torque teno virus (Human/Japan/KS025/2016 2023)
GCF_000857545.1_ViralProj15247	Torque teno virus 1 (VT416 1998)
GCF_000887255.1_ViralProj48151	Torque teno virus 10 (JT34F 2010)
GCF_002818305.1_ASM281830v1	Torque teno virus 13 (TCHN-A 2018)
GCF_002986165.1_ASM298616v1	Torque teno virus 17 (2019)
GCF_002986195.1_ASM298619v1	Torque teno virus 18 (2019)
GCF_002818335.1_ASM281833v1	Torque teno virus 20 (2018)
GCF_002818355.1_ASM281835v1	Torque teno virus 21 (TCHN-B 2018)
GCF_002818425.1_ASM281842v1	Torque teno virus 29 (TTVyon-KC009 2018)
GCF_000888935.1_ViralProj48161	Torque teno virus 3 (HEL32 2010)
GCF_000886355.1_ViralProj48137	Torque teno virus 4 (Pt-TTV6 2010)
GCF_002818195.1_ASM281819v1	Torque teno virus 5 (TCHN-C1 2018)
GCF_000888995.1_ViralProj48187	Torque teno virus 6 (KAV 2010)
GCF_000887275.1_ViralProj48159	Torque teno virus 7 (PMV 2010)
GCF_002818245.1_ASM281824v1	Torque teno virus 9 (BM1C 2018)
GCF_000887495.1_ViralProj51185	Trichodysplasia spinulosa-associated polyomavirus (2010)
GCF_018580215.1_ASM1858021v1	TTV-like mini virus (D11 2023)
GCF_018580655.1_ASM1858065v1	TTV-like mini virus (Emory1 2023)
GCF_018580665.1_ASM1858066v1	TTV-like mini virus (Emory2 2023)
GCF_000905335.1_ViralProj193982	TTV-like mini virus (TTMV_LY1 2013)
GCF_018580125.1_ASM1858012v1	TTV-like mini virus (TTMV_LY3 2023)
GCF_018584815.1_ASM1858481v1	TTV-like mini virus (vzttmv4 2023)
GCF_018580875.1_ASM1858087v1	TTV-like mini virus (zhenjiang 2023)
GCF_004786795.1_ASM478679v1	Tulane virus (2019)
GCF_001502175.1_ViralProj307780	Tupaia hepatovirus A (TN1 2016)
GCF_004786995.1_ASM478699v1	Turkey calicivirus (L11043 2019)
GCF_000839725.1_ViralProj14106	Turkey herpesvirus (FC126 Burmester 2001)
GCF_023156825.1_ASM2315682v1	Upolu virus (2023)
GCF_000851865.1_ViralMultiSegProj14902	Uukuniemi virus (2003)
GCF_000860085.1_ViralProj15241	Vaccinia virus (WR (Western Reserve) 2005)
GCA_010978085.1_ASM1097808v1	Vaccinia virus (VACV_li 2020)
GCF_000858285.1_ViralProj15198	Varicella-zoster virus (Dumas 1987)
GCF_001698295.1_ViralProj336046	Variegated bornavirus 1 (squirrel brain 2016)
GCF_000862105.1_ViralProj15302	Venezuelan equine encephalitis virus (1993)
GCF_002889695.1_ASM288969v1	Venezuelan equine encephalitis virus (Trinidad donkey donkey/Trinidad/1943 2023)
GCF_000847705.1_ViralProj14704	Vesicular exanthema of swine virus (2000)
GCF_000924515.1_ViralProj264901	Vesicular stomatitis Alagoas virus (Indiana 3 2014)
GCF_000850045.1_ViralProj14673	Vesicular stomatitis Indiana virus (1993)
GCF_002815995.1_ASM281599v1	Vesicular stomatitis Indiana virus (98COE 2018)
GCF_000923855.1_ViralProj255105	Vesicular stomatitis New Jersey virus (NJ1184HDB 2014)
GCF_002118765.1_ViralProj385624	vesivirus (Hom-1 2017)
GCF_001019935.1_ViralProj285496	Vesivirus ferret badger/JX12/China/2012 (FBCV-JX12 2015)
GCF_000923355.1_ViralProj257699	virus (MSSI2.225 ms23.49 2014)
GCF_000852525.1_ViralProj14874	Walrus calicivirus (2003)
GCF_004788975.1_ASM478897v1	Wenling frogfish filovirus (XYHYS28627 2021)
GCF_004788995.1_ASM478899v1	Wenling thamnaconus septentrionalis filovirus (LQMMTII17328 2021)
GCF_000883915.1_ViralProj38295	Wesselsbron virus (SAH177 2009)
GCF_000861085.1_ViralProj15431	West Nile virus (956 1993)
GCF_000875385.1_ViralProj30293	West Nile virus (NY99 385-99 2007)
GCF_000850885.1_ViralProj14831	Western equine encephalitis virus (71V-1658 2000)
GCF_002889215.1_ASM288921v1	Western equine encephalitis virus (AG80-646 2023)
GCF_000870785.1_ViralProj19765	WU Polyomavirus (B0 2007)
GCF_000845705.1_ViralProj14466	Yaba monkey tumor virus (2003)
GCF_000847185.1_ViralProj14595	Yaba-like disease virus (2001)
GCF_000857725.1_ViralProj15284	Yellow fever virus (17D vaccine strain 1986)
GCF_029888495.1_ASM2988849v1	Yezo virus (HH003-2020 2023)
GCF_000848505.1_ViralProj14703	Zaire ebolavirus (Ebola virus/H.sapiens-tc/COD/1976/Yambuku-Mayinga 1999)
GCF_000882815.3_ViralProj36615	Zika virus (MR 766 2009)
GCF_002366285.1_ViralProj411812	Zika virus (Natal RGN 2017)
