GCA_044165215.1_HG00097_hap1_hprc_f2	human (HG00097 hap1 2024)
GCA_044164745.1_HG00097_hap2_hprc_f2	human (HG00097 hap2 2024)
GCA_042032525.1_HG00099_hap1_hprc_f2	human (HG00099 hap1 2024)
GCA_042031945.1_HG00099_hap2_hprc_f2	human (HG00099 hap2 2024)
GCA_042078065.1_HG00126_hap1_hprc_f2	human (HG00126 hap1 2024)
GCA_042077875.1_HG00126_hap2_hprc_f2	human (HG00126 hap2 2024)
GCA_042078025.1_HG00128_hap1_hprc_f2	human (HG00128 hap1 2024)
GCA_042077885.1_HG00128_hap2_hprc_f2	human (HG00128 hap2 2024)
GCA_042078005.1_HG00133_hap1_hprc_f2	human (HG00133 hap1 2024)
GCA_042077855.1_HG00133_hap2_hprc_f2	human (HG00133 hap2 2024)
GCA_042031265.1_HG00140_hap1_hprc_f2	human (HG00140 hap1 2024)
GCA_042030705.1_HG00140_hap2_hprc_f2	human (HG00140 hap2 2024)
GCA_042077995.1_HG00146_hap1_hprc_f2	human (HG00146 hap1 2024)
GCA_042078085.1_HG00146_hap2_hprc_f2	human (HG00146 hap2 2024)
GCA_042077985.1_HG00232_hap1_hprc_f2	human (HG00232 hap1 2024)
GCA_042077745.1_HG00232_hap2_hprc_f2	human (HG00232 hap2 2024)
GCA_044165645.1_HG00235_hap1_hprc_f2	human (HG00235 hap1 2024)
GCA_044165735.1_HG00235_hap2_hprc_f2	human (HG00235 hap2 2024)
GCA_044166805.1_HG00253_hap1_hprc_f2	human (HG00253 hap1 2024)
GCA_044166835.1_HG00253_hap2_hprc_f2	human (HG00253 hap2 2024)
GCA_044166515.1_HG00272_hap1_hprc_f2	human (HG00272 hap1 2024)
GCA_044166665.1_HG00272_hap2_hprc_f2	human (HG00272 hap2 2024)
GCA_042031275.1_HG00280_hap1_hprc_f2	human (HG00280 hap1 2024)
GCA_042030605.1_HG00280_hap2_hprc_f2	human (HG00280 hap2 2024)
GCA_042077965.1_HG00290_hap1_hprc_f2	human (HG00290 hap1 2024)
GCA_042077735.1_HG00290_hap2_hprc_f2	human (HG00290 hap2 2024)
GCA_042077865.1_HG00320_hap1_hprc_f2	human (HG00320 hap1 2024)
GCA_042077765.1_HG00320_hap2_hprc_f2	human (HG00320 hap2 2024)
GCA_042077015.1_HG00321_hap1_hprc_f2	human (HG00321 hap1 2024)
GCA_042076825.1_HG00321_hap2_hprc_f2	human (HG00321 hap2 2024)
GCA_042032465.1_HG00323_hap1_hprc_f2	human (HG00323 hap1 2024)
GCA_042031775.1_HG00323_hap2_hprc_f2	human (HG00323 hap2 2024)
GCA_044166575.1_HG00329_hap1_hprc_f2	human (HG00329 hap1 2024)
GCA_044166465.1_HG00329_hap2_hprc_f2	human (HG00329 hap2 2024)
GCA_044166765.1_HG00344_hap1_hprc_f2	human (HG00344 hap1 2024)
GCA_044166845.1_HG00344_hap2_hprc_f2	human (HG00344 hap2 2024)
GCA_044167235.1_HG00350_hap1_hprc_f2	human (HG00350 hap1 2024)
GCA_044167285.1_HG00350_hap2_hprc_f2	human (HG00350 hap2 2024)
GCA_041900245.1_HG00408_mat_hprc_rel2	human (HG00408 mat 2024)
GCA_041900255.1_HG00408_pat_hprc_rel2	human (HG00408 pat 2024)
GCA_042076545.1_HG00423_mat_hprc_f2	human (HG00423 mat 2024)
GCA_042076665.1_HG00423_pat_hprc_f2	human (HG00423 pat 2024)
GCA_018471515.2_HG00438_mat_hprc_f2	human (HG00438 mat 2024)
GCA_018472595.2_HG00438_pat_hprc_f2	human (HG00438 pat 2024)
GCA_042076565.1_HG00544_mat_hprc_f2	human (HG00544 mat 2024)
GCA_042076675.1_HG00544_pat_hprc_f2	human (HG00544 pat 2024)
GCA_042036935.1_HG00558_mat_hprc_f2	human (HG00558 mat 2024)
GCA_042037725.1_HG00558_pat_hprc_f2	human (HG00558 pat 2024)
GCA_041900265.1_HG00597_mat_hprc_rel2	human (HG00597 mat 2024)
GCA_041900365.1_HG00597_pat_hprc_rel2	human (HG00597 pat 2024)
GCA_042027095.1_HG00609_mat_hprc_f2	human (HG00609 mat 2024)
GCA_042027545.1_HG00609_pat_hprc_f2	human (HG00609 pat 2024)
GCA_018472605.2_HG00621_mat_hprc_f2	human (HG00621 mat 2024)
GCA_018472575.2_HG00621_pat_hprc_f2	human (HG00621 pat 2024)
GCA_042037155.1_HG00639_mat_hprc_f2	human (HG00639 mat 2024)
GCA_042037765.1_HG00639_pat_hprc_f2	human (HG00639 pat 2024)
GCA_042028155.1_HG00642_mat_hprc_f2	human (HG00642 mat 2024)
GCA_042028805.1_HG00642_pat_hprc_f2	human (HG00642 pat 2024)
GCA_042037715.1_HG00658_mat_hprc_f2	human (HG00658 mat 2024)
GCA_042037975.1_HG00658_pat_hprc_f2	human (HG00658 pat 2024)
GCA_018472565.2_HG00673_mat_hprc_f2	human (HG00673 mat 2024)
GCA_018472585.2_HG00673_pat_hprc_f2	human (HG00673 pat 2024)
GCA_046116005.1_HG00706_mat_hprc_f2	human (HG00706 mat 2024)
GCA_046116065.1_HG00706_pat_hprc_f2	human (HG00706 pat 2024)
GCA_018506975.2_HG00733_mat_hprc_f2	human (HG00733 mat 2024)
GCA_018506955.2_HG00733_pat_hprc_f2	human (HG00733 pat 2024)
GCA_018472765.3_HG00735_mat_hprc_f2	human (HG00735 mat 2024)
GCA_018472715.2_HG00735_pat_hprc_f2	human (HG00735 pat 2024)
GCA_042028935.1_HG00738_mat_hprc_f2	human (HG00738 mat 2024)
GCA_042028835.1_HG00738_pat_hprc_f2	human (HG00738 pat 2024)
GCA_018471095.2_HG00741_mat_hprc_f2	human (HG00741 mat 2024)
GCA_018471105.2_HG00741_pat_hprc_f2	human (HG00741 pat 2024)
GCA_018472685.2_HG01071_mat_hprc_f2	human (HG01071 mat 2024)
GCA_018472725.2_HG01071_pat_hprc_f2	human (HG01071 pat 2024)
GCA_042037735.1_HG01074_mat_hprc_f2	human (HG01074 mat 2024)
GCA_042037995.1_HG01074_pat_hprc_f2	human (HG01074 pat 2024)
GCA_042037225.1_HG01081_mat_hprc_f2	human (HG01081 mat 2024)
GCA_042037825.1_HG01081_pat_hprc_f2	human (HG01081 pat 2024)
GCA_042026525.1_HG01099_mat_hprc_f2	human (HG01099 mat 2024)
GCA_042027475.1_HG01099_pat_hprc_f2	human (HG01099 pat 2024)
GCA_018471345.2_HG01106_mat_hprc_f2	human (HG01106 mat 2024)
GCA_018471075.2_HG01106_pat_hprc_f2	human (HG01106 pat 2024)
GCA_018504365.2_HG01109_mat_hprc_f2	human (HG01109 mat 2024)
GCA_018504645.2_HG01109_pat_hprc_f2	human (HG01109 pat 2024)
GCA_018469665.2_HG01123_mat_hprc_f2	human (HG01123 mat 2024)
GCA_018469695.2_HG01123_pat_hprc_f2	human (HG01123 pat 2024)
GCA_042037355.1_HG01150_mat_hprc_f2	human (HG01150 mat 2024)
GCA_042037855.1_HG01150_pat_hprc_f2	human (HG01150 pat 2024)
GCA_044167135.1_HG01167_hap1_hprc_f2	human (HG01167 hap1 2024)
GCA_044166785.1_HG01167_hap2_hprc_f2	human (HG01167 hap2 2024)
GCA_018471085.2_HG01175_mat_hprc_f2	human (HG01175 mat 2024)
GCA_018471065.2_HG01175_pat_hprc_f2	human (HG01175 pat 2024)
GCA_041900275.1_HG01192_mat_hprc_rel2	human (HG01192 mat 2024)
GCA_041900145.1_HG01192_pat_hprc_rel2	human (HG01192 pat 2024)
GCA_018504375.2_HG01243_mat_hprc_f2	human (HG01243 mat 2024)
GCA_018504045.2_HG01243_pat_hprc_f2	human (HG01243 pat 2024)
GCA_042038095.1_HG01252_mat_hprc_f2	human (HG01252 mat 2024)
GCA_042038865.1_HG01252_pat_hprc_f2	human (HG01252 pat 2024)
GCA_042028895.1_HG01255_mat_hprc_f2	human (HG01255 mat 2024)
GCA_042029915.1_HG01255_pat_hprc_f2	human (HG01255 pat 2024)
GCA_018469405.2_HG01258_mat_hprc_f2	human (HG01258 mat 2024)
GCA_018469675.2_HG01258_pat_hprc_f2	human (HG01258 pat 2024)
GCA_041899995.1_HG01261_mat_hprc_rel2	human (HG01261 mat 2024)
GCA_041900235.1_HG01261_pat_hprc_rel2	human (HG01261 pat 2024)
GCA_042028165.1_HG01346_mat_hprc_f2	human (HG01346 mat 2024)
GCA_042028795.1_HG01346_pat_hprc_f2	human (HG01346 pat 2024)
GCA_018469865.2_HG01358_mat_hprc_f2	human (HG01358 mat 2024)
GCA_018469965.2_HG01358_pat_hprc_f2	human (HG01358 pat 2024)
GCA_018469685.2_HG01361_mat_hprc_f2	human (HG01361 mat 2024)
GCA_018469705.2_HG01361_pat_hprc_f2	human (HG01361 pat 2024)
GCA_042027645.1_HG01433_mat_hprc_f2	human (HG01433 mat 2024)
GCA_042028645.1_HG01433_pat_hprc_f2	human (HG01433 pat 2024)
GCA_042027145.1_HG01496_mat_hprc_f2	human (HG01496 mat 2024)
GCA_042027595.1_HG01496_pat_hprc_f2	human (HG01496 pat 2024)
GCA_042034285.1_HG01530_hap1_hprc_f2	human (HG01530 hap1 2024)
GCA_042034145.1_HG01530_hap2_hprc_f2	human (HG01530 hap2 2024)
GCA_042034305.1_HG01784_hap1_hprc_f2	human (HG01784 hap1 2024)
GCA_042034175.1_HG01784_hap2_hprc_f2	human (HG01784 hap2 2024)
GCA_042076995.1_HG01786_hap1_hprc_f2	human (HG01786 hap1 2024)
GCA_042076735.1_HG01786_hap2_hprc_f2	human (HG01786 hap2 2024)
GCA_042027665.1_HG01884_mat_hprc_f2	human (HG01884 mat 2024)
GCA_042028275.1_HG01884_pat_hprc_f2	human (HG01884 pat 2024)
GCA_018467155.2_HG01891_mat_hprc_f2	human (HG01891 mat 2024)
GCA_018467165.2_HG01891_pat_hprc_f2	human (HG01891 pat 2024)
GCA_018472695.2_HG01928_mat_hprc_f2	human (HG01928 mat 2024)
GCA_018472705.2_HG01928_pat_hprc_f2	human (HG01928 pat 2024)
GCA_042038345.1_HG01934_mat_hprc_f2	human (HG01934 mat 2024)
GCA_042038875.1_HG01934_pat_hprc_f2	human (HG01934 pat 2024)
GCA_042037435.1_HG01940_mat_hprc_f2	human (HG01940 mat 2024)
GCA_042037875.1_HG01940_pat_hprc_f2	human (HG01940 pat 2024)
GCA_042076535.1_HG01943_mat_hprc_f2	human (HG01943 mat 2024)
GCA_042076525.1_HG01943_pat_hprc_f2	human (HG01943 pat 2024)
GCA_018471545.2_HG01952_mat_hprc_f2	human (HG01952 mat 2024)
GCA_018471555.2_HG01952_pat_hprc_f2	human (HG01952 pat 2024)
GCA_042037445.1_HG01960_mat_hprc_f2	human (HG01960 mat 2024)
GCA_042037895.1_HG01960_pat_hprc_f2	human (HG01960 pat 2024)
GCA_042037555.1_HG01969_mat_hprc_f2	human (HG01969 mat 2024)
GCA_042037885.1_HG01969_pat_hprc_f2	human (HG01969 pat 2024)
GCA_045999905.1_HG01975_mat_hprc_f2	human (HG01975 mat 2024)
GCA_046000135.1_HG01975_pat_hprc_f2	human (HG01975 pat 2024)
GCA_018472845.2_HG01978_mat_hprc_f2	human (HG01978 mat 2024)
GCA_018472865.2_HG01978_pat_hprc_f2	human (HG01978 pat 2024)
GCA_042027065.1_HG01981_mat_hprc_f2	human (HG01981 mat 2024)
GCA_042027505.1_HG01981_pat_hprc_f2	human (HG01981 pat 2024)
GCA_042027655.1_HG01993_mat_hprc_f2	human (HG01993 mat 2024)
GCA_042028705.1_HG01993_pat_hprc_f2	human (HG01993 pat 2024)
GCA_042027105.1_HG02004_mat_hprc_f2	human (HG02004 mat 2024)
GCA_042027455.1_HG02004_pat_hprc_f2	human (HG02004 pat 2024)
GCA_041900105.1_HG02015_mat_hprc_rel2	human (HG02015 mat 2024)
GCA_041900165.1_HG02015_pat_hprc_rel2	human (HG02015 pat 2024)
GCA_042030185.1_HG02027_mat_hprc_f2	human (HG02027 mat 2024)
GCA_042030215.1_HG02027_pat_hprc_f2	human (HG02027 pat 2024)
GCA_042032555.1_HG02040_hap1_hprc_f2	human (HG02040 hap1 2024)
GCA_042031805.1_HG02040_hap2_hprc_f2	human (HG02040 hap2 2024)
GCA_018506125.2_HG02055_mat_hprc_f2	human (HG02055 mat 2024)
GCA_018505855.2_HG02055_pat_hprc_f2	human (HG02055 pat 2024)
GCA_041900015.1_HG02056_mat_hprc_rel2	human (HG02056 mat 2024)
GCA_041900085.1_HG02056_pat_hprc_rel2	human (HG02056 pat 2024)
GCA_042036105.1_HG02071_mat_hprc_f2	human (HG02071 mat 2024)
GCA_042036435.1_HG02071_pat_hprc_f2	human (HG02071 pat 2024)
GCA_042036205.1_HG02074_mat_hprc_f2	human (HG02074 mat 2024)
GCA_042036445.1_HG02074_pat_hprc_f2	human (HG02074 pat 2024)
GCA_018504085.2_HG02080_mat_hprc_f2	human (HG02080 mat 2024)
GCA_018504055.2_HG02080_pat_hprc_f2	human (HG02080 pat 2024)
GCA_042030175.1_HG02083_mat_hprc_f2	human (HG02083 mat 2024)
GCA_042030135.1_HG02083_pat_hprc_f2	human (HG02083 pat 2024)
GCA_018505825.2_HG02109_mat_hprc_f2	human (HG02109 mat 2024)
GCA_018505865.2_HG02109_pat_hprc_f2	human (HG02109 pat 2024)
GCA_041900385.1_HG02129_mat_hprc_rel2	human (HG02129 mat 2024)
GCA_041899985.1_HG02129_pat_hprc_rel2	human (HG02129 pat 2024)
GCA_042029645.1_HG02132_mat_hprc_f2	human (HG02132 mat 2024)
GCA_042030125.1_HG02132_pat_hprc_f2	human (HG02132 pat 2024)
GCA_042036245.1_HG02135_mat_hprc_f2	human (HG02135 mat 2024)
GCA_042036495.1_HG02135_pat_hprc_f2	human (HG02135 pat 2024)
GCA_018852585.2_HG02145_mat_hprc_f2	human (HG02145 mat 2024)
GCA_018852595.2_HG02145_pat_hprc_f2	human (HG02145 pat 2024)
GCA_018471535.2_HG02148_mat_hprc_f2	human (HG02148 mat 2024)
GCA_018471525.2_HG02148_pat_hprc_f2	human (HG02148 pat 2024)
GCA_043304525.1_HG02155_hap1_hprc_f2	human (HG02155 hap1 2024)
GCA_043304655.1_HG02155_hap2_hprc_f2	human (HG02155 hap2 2024)
GCA_042032565.1_HG02165_hap1_hprc_f2	human (HG02165 hap1 2024)
GCA_042032115.1_HG02165_hap2_hprc_f2	human (HG02165 hap2 2024)
GCA_042077705.1_HG02178_hap1_hprc_f2	human (HG02178 hap1 2024)
GCA_042077755.1_HG02178_hap2_hprc_f2	human (HG02178 hap2 2024)
GCA_018466835.2_HG02257_mat_hprc_f2	human (HG02257 mat 2024)
GCA_018466845.2_HG02257_pat_hprc_f2	human (HG02257 pat 2024)
GCA_041900135.1_HG02258_mat_hprc_rel2	human (HG02258 mat 2024)
GCA_041899975.1_HG02258_pat_hprc_rel2	human (HG02258 pat 2024)
GCA_042031155.1_HG02273_hap1_hprc_f2	human (HG02273 hap1 2024)
GCA_042030225.1_HG02273_hap2_hprc_f2	human (HG02273 hap2 2024)
GCA_042026465.1_HG02280_mat_hprc_f2	human (HG02280 mat 2024)
GCA_042027485.1_HG02280_pat_hprc_f2	human (HG02280 pat 2024)
GCA_042026455.1_HG02293_mat_hprc_f2	human (HG02293 mat 2024)
GCA_042027495.1_HG02293_pat_hprc_f2	human (HG02293 pat 2024)
GCA_042027635.1_HG02300_mat_hprc_f2	human (HG02300 mat 2024)
GCA_042028475.1_HG02300_pat_hprc_f2	human (HG02300 pat 2024)
GCA_042034315.1_HG02391_hap1_hprc_f2	human (HG02391 hap1 2024)
GCA_042034155.1_HG02391_hap2_hprc_f2	human (HG02391 hap2 2024)
GCA_046043155.1_HG02392_hap1_hprc_f2	human (HG02392 hap1 2024)
GCA_046043145.1_HG02392_hap2_hprc_f2	human (HG02392 hap2 2024)
GCA_042026475.1_HG02451_mat_hprc_f2	human (HG02451 mat 2024)
GCA_042027135.1_HG02451_pat_hprc_f2	human (HG02451 pat 2024)
GCA_018467015.2_HG02486_mat_hprc_f2	human (HG02486 mat 2024)
GCA_018467005.2_HG02486_pat_hprc_f2	human (HG02486 pat 2024)
GCA_045524175.1_HG02514_mat_hprc_f2	human (HG02514 mat 2024)
GCA_045523115.1_HG02514_pat_hprc_f2	human (HG02514 pat 2024)
GCA_042029905.1_HG02523_mat_hprc_f2	human (HG02523 mat 2024)
GCA_042030115.1_HG02523_pat_hprc_f2	human (HG02523 pat 2024)
GCA_018466985.2_HG02559_mat_hprc_f2	human (HG02559 mat 2024)
GCA_018466855.2_HG02559_pat_hprc_f2	human (HG02559 pat 2024)
GCA_018470445.2_HG02572_mat_hprc_f2	human (HG02572 mat 2024)
GCA_018470435.2_HG02572_pat_hprc_f2	human (HG02572 pat 2024)
GCA_042076985.1_HG02583_hap1_hprc_f2	human (HG02583 hap1 2024)
GCA_042076715.1_HG02583_hap2_hprc_f2	human (HG02583 hap2 2024)
GCA_046000055.1_HG02602_mat_hprc_f2	human (HG02602 mat 2024)
GCA_046000095.1_HG02602_pat_hprc_f2	human (HG02602 pat 2024)
GCA_042028975.1_HG02615_mat_hprc_f2	human (HG02615 mat 2024)
GCA_042029935.1_HG02615_pat_hprc_f2	human (HG02615 pat 2024)
GCA_018469875.2_HG02622_mat_hprc_f2	human (HG02622 mat 2024)
GCA_018469925.2_HG02622_pat_hprc_f2	human (HG02622 pat 2024)
GCA_018469955.2_HG02630_mat_hprc_f2	human (HG02630 mat 2024)
GCA_018469945.2_HG02630_pat_hprc_f2	human (HG02630 pat 2024)
GCA_042028065.1_HG02647_mat_hprc_f2	human (HG02647 mat 2024)
GCA_042028775.1_HG02647_pat_hprc_f2	human (HG02647 pat 2024)
GCA_042038585.1_HG02668_mat_hprc_f2	human (HG02668 mat 2024)
GCA_042038895.1_HG02668_pat_hprc_f2	human (HG02668 pat 2024)
GCA_042029495.1_HG02698_mat_hprc_f2	human (HG02698 mat 2024)
GCA_042030045.1_HG02698_pat_hprc_f2	human (HG02698 pat 2024)
GCA_018469935.2_HG02717_mat_hprc_f2	human (HG02717 mat 2024)
GCA_018470425.2_HG02717_pat_hprc_f2	human (HG02717 pat 2024)
GCA_018504065.2_HG02723_mat_hprc_f2	human (HG02723 mat 2024)
GCA_018504075.2_HG02723_pat_hprc_f2	human (HG02723 pat 2024)
GCA_042076555.1_HG02735_mat_hprc_f2	human (HG02735 mat 2024)
GCA_042076445.1_HG02735_pat_hprc_f2	human (HG02735 pat 2024)
GCA_046056425.1_HG02738_mat_hprc_f2	human (HG02738 mat 2024)
GCA_046056435.1_HG02738_pat_hprc_f2	human (HG02738 pat 2024)
GCA_042036255.1_HG02809_mat_hprc_f2	human (HG02809 mat 2024)
GCA_042036525.1_HG02809_pat_hprc_f2	human (HG02809 pat 2024)
GCA_018503585.2_HG02818_mat_hprc_f2	human (HG02818 mat 2024)
GCA_018503575.2_HG02818_pat_hprc_f2	human (HG02818 pat 2024)
GCA_045524615.1_HG02841_mat_hprc_f2	human (HG02841 mat 2024)
GCA_045523135.1_HG02841_pat_hprc_f2	human (HG02841 pat 2024)
GCA_018470455.2_HG02886_mat_hprc_f2	human (HG02886 mat 2024)
GCA_018470465.2_HG02886_pat_hprc_f2	human (HG02886 pat 2024)
GCA_042031165.1_HG02922_hap1_hprc_f2	human (HG02922 hap1 2024)
GCA_042030255.1_HG02922_hap2_hprc_f2	human (HG02922 hap2 2024)
GCA_042032535.1_HG02965_hap1_hprc_f2	human (HG02965 hap1 2024)
GCA_042031845.1_HG02965_hap2_hprc_f2	human (HG02965 hap2 2024)
GCA_042031255.1_HG02976_hap1_hprc_f2	human (HG02976 hap1 2024)
GCA_042030695.1_HG02976_hap2_hprc_f2	human (HG02976 hap2 2024)
GCA_045524165.1_HG02984_mat_hprc_f2	human (HG02984 mat 2024)
GCA_045524125.1_HG02984_pat_hprc_f2	human (HG02984 pat 2024)
GCA_042038595.1_HG03017_mat_hprc_f2	human (HG03017 mat 2024)
GCA_042038885.1_HG03017_pat_hprc_f2	human (HG03017 pat 2024)
GCA_042037625.1_HG03041_mat_hprc_f2	human (HG03041 mat 2024)
GCA_042037905.1_HG03041_pat_hprc_f2	human (HG03041 pat 2024)
GCA_045524515.1_HG03050_mat_hprc_f2	human (HG03050 mat 2024)
GCA_045524245.1_HG03050_pat_hprc_f2	human (HG03050 pat 2024)
GCA_018506165.2_HG03098_mat_hprc_f2	human (HG03098 mat 2024)
GCA_018506155.2_HG03098_pat_hprc_f2	human (HG03098 pat 2024)
GCA_042032345.1_HG03130_hap1_hprc_f2	human (HG03130 hap1 2024)
GCA_042031485.1_HG03130_hap2_hprc_f2	human (HG03130 hap2 2024)
GCA_043304645.1_HG03139_hap1_hprc_f2	human (HG03139 hap1 2024)
GCA_043304535.1_HG03139_hap2_hprc_f2	human (HG03139 hap2 2024)
GCA_042031175.1_HG03195_hap1_hprc_f2	human (HG03195 hap1 2024)
GCA_042030635.1_HG03195_hap2_hprc_f2	human (HG03195 hap2 2024)
GCA_042032445.1_HG03209_hap1_hprc_f2	human (HG03209 hap1 2024)
GCA_042031355.1_HG03209_hap2_hprc_f2	human (HG03209 hap2 2024)
GCA_042076455.1_HG03225_hap1_hprc_f2	human (HG03225 hap1 2024)
GCA_042076465.1_HG03225_hap2_hprc_f2	human (HG03225 hap2 2024)
GCA_042037705.1_HG03239_mat_hprc_f2	human (HG03239 mat 2024)
GCA_042037925.1_HG03239_pat_hprc_f2	human (HG03239 pat 2024)
GCA_042077695.1_HG03270_hap1_hprc_f2	human (HG03270 hap1 2024)
GCA_042077465.1_HG03270_hap2_hprc_f2	human (HG03270 hap2 2024)
GCA_044165925.1_HG03369_hap1_hprc_f2	human (HG03369 hap1 2024)
GCA_044166625.1_HG03369_hap2_hprc_f2	human (HG03369 hap2 2024)
GCA_018472855.2_HG03453_mat_hprc_f2	human (HG03453 mat 2024)
GCA_018473305.2_HG03453_pat_hprc_f2	human (HG03453 pat 2024)
GCA_043305115.1_HG03470_hap1_hprc_f2	human (HG03470 hap1 2024)
GCA_043304965.1_HG03470_hap2_hprc_f2	human (HG03470 hap2 2024)
GCA_042034215.1_HG03471_hap1_hprc_f2	human (HG03471 hap1 2024)
GCA_042034105.1_HG03471_hap2_hprc_f2	human (HG03471 hap2 2024)
GCA_018503525.2_HG03486_mat_hprc_f2	human (HG03486 mat 2024)
GCA_018503245.2_HG03486_pat_hprc_f2	human (HG03486 pat 2024)
GCA_018469415.2_HG03516_mat_hprc_f2	human (HG03516 mat 2024)
GCA_018469425.2_HG03516_pat_hprc_f2	human (HG03516 pat 2024)
GCA_044166285.1_HG03521_hap1_hprc_f2	human (HG03521 hap1 2024)
GCA_044166645.1_HG03521_hap2_hprc_f2	human (HG03521 hap2 2024)
GCA_018473295.2_HG03540_mat_hprc_f2	human (HG03540 mat 2024)
GCA_018473315.2_HG03540_pat_hprc_f2	human (HG03540 pat 2024)
GCA_018472825.2_HG03579_mat_hprc_f2	human (HG03579 mat 2024)
GCA_018472835.2_HG03579_pat_hprc_f2	human (HG03579 pat 2024)
GCA_042077635.1_HG03583_hap1_hprc_f2	human (HG03583 hap1 2024)
GCA_042077425.1_HG03583_hap2_hprc_f2	human (HG03583 hap2 2024)
GCA_042029535.1_HG03654_mat_hprc_f2	human (HG03654 mat 2024)
GCA_042030035.1_HG03654_pat_hprc_f2	human (HG03654 pat 2024)
GCA_042028875.1_HG03669_mat_hprc_f2	human (HG03669 mat 2024)
GCA_042029925.1_HG03669_pat_hprc_f2	human (HG03669 pat 2024)
GCA_042029545.1_HG03688_mat_hprc_f2	human (HG03688 mat 2024)
GCA_042030025.1_HG03688_pat_hprc_f2	human (HG03688 pat 2024)
GCA_042026535.1_HG03704_mat_hprc_f2	human (HG03704 mat 2024)
GCA_042027445.1_HG03704_pat_hprc_f2	human (HG03704 pat 2024)
GCA_042029485.1_HG03710_mat_hprc_f2	human (HG03710 mat 2024)
GCA_042030055.1_HG03710_pat_hprc_f2	human (HG03710 pat 2024)
GCA_042034325.1_HG03742_hap1_hprc_f2	human (HG03742 hap1 2024)
GCA_042034195.1_HG03742_hap2_hprc_f2	human (HG03742 hap2 2024)
GCA_044166095.1_HG03784_hap1_hprc_f2	human (HG03784 hap1 2024)
GCA_044165595.1_HG03784_hap2_hprc_f2	human (HG03784 hap2 2024)
GCA_042036285.1_HG03804_mat_hprc_f2	human (HG03804 mat 2024)
GCA_042036515.1_HG03804_pat_hprc_f2	human (HG03804 pat 2024)
GCA_046116015.1_HG03816_mat_hprc_f2	human (HG03816 mat 2024)
GCA_046116025.1_HG03816_pat_hprc_f2	human (HG03816 pat 2024)
GCA_042028025.1_HG03831_mat_hprc_f2	human (HG03831 mat 2024)
GCA_042028725.1_HG03831_pat_hprc_f2	human (HG03831 pat 2024)
GCA_041900115.1_HG03834_mat_hprc_rel2	human (HG03834 mat 2024)
GCA_041899965.1_HG03834_pat_hprc_rel2	human (HG03834 pat 2024)
GCA_042076925.1_HG03874_hap1_hprc_f2	human (HG03874 hap1 2024)
GCA_042076685.1_HG03874_hap2_hprc_f2	human (HG03874 hap2 2024)
GCA_042028145.1_HG03927_mat_hprc_f2	human (HG03927 mat 2024)
GCA_042028845.1_HG03927_pat_hprc_f2	human (HG03927 pat 2024)
GCA_042036275.1_HG03942_mat_hprc_f2	human (HG03942 mat 2024)
GCA_042036505.1_HG03942_pat_hprc_f2	human (HG03942 pat 2024)
GCA_042028945.1_HG04115_mat_hprc_f2	human (HG04115 mat 2024)
GCA_042029955.1_HG04115_pat_hprc_f2	human (HG04115 pat 2024)
GCA_042036305.1_HG04157_mat_hprc_f2	human (HG04157 mat 2024)
GCA_042036535.1_HG04157_pat_hprc_f2	human (HG04157 pat 2024)
GCA_042036395.1_HG04160_mat_hprc_f2	human (HG04160 mat 2024)
GCA_042036805.1_HG04160_pat_hprc_f2	human (HG04160 pat 2024)
GCA_042027765.1_HG04184_mat_hprc_f2	human (HG04184 mat 2024)
GCA_042028635.1_HG04184_pat_hprc_f2	human (HG04184 pat 2024)
GCA_045999925.1_HG04187_mat_hprc_f2	human (HG04187 mat 2024)
GCA_046000115.1_HG04187_pat_hprc_f2	human (HG04187 pat 2024)
GCA_042029385.1_HG04199_mat_hprc_f2	human (HG04199 mat 2024)
GCA_042030015.1_HG04199_pat_hprc_f2	human (HG04199 pat 2024)
GCA_042036425.1_HG04204_mat_hprc_f2	human (HG04204 mat 2024)
GCA_042036795.1_HG04204_pat_hprc_f2	human (HG04204 pat 2024)
GCA_042036915.1_HG04228_mat_hprc_f2	human (HG04228 mat 2024)
GCA_042036925.1_HG04228_pat_hprc_f2	human (HG04228 pat 2024)
GCA_046332005.1_PAN027_mat_v1.0	human (HG06807 mat 2024)
GCA_046332035.1_PAN027_pat_v1.0	human (HG06807 pat 2024)
GCA_042077605.1_NA18505_hap1_hprc_f2	human (NA18505 hap1 2024)
GCA_042077345.1_NA18505_hap2_hprc_f2	human (NA18505 hap2 2024)
GCA_042077095.1_NA18508_hap1_hprc_f2	human (NA18508 hap1 2024)
GCA_042077155.1_NA18508_hap2_hprc_f2	human (NA18508 hap2 2024)
GCA_042031325.1_NA18522_hap1_hprc_f2	human (NA18522 hap1 2024)
GCA_042030975.1_NA18522_hap2_hprc_f2	human (NA18522 hap2 2024)
GCA_044166395.1_NA18565_hap1_hprc_f2	human (NA18565 hap1 2024)
GCA_044165725.1_NA18565_hap2_hprc_f2	human (NA18565 hap2 2024)
GCA_042034345.1_NA18570_hap1_hprc_f2	human (NA18570 hap1 2024)
GCA_042034465.1_NA18570_hap2_hprc_f2	human (NA18570 hap2 2024)
GCA_042077625.1_NA18608_hap1_hprc_f2	human (NA18608 hap1 2024)
GCA_042077335.1_NA18608_hap2_hprc_f2	human (NA18608 hap2 2024)
GCA_042077615.1_NA18620_hap1_hprc_f2	human (NA18620 hap1 2024)
GCA_042077305.1_NA18620_hap2_hprc_f2	human (NA18620 hap2 2024)
GCA_042031315.1_NA18747_hap1_hprc_f2	human (NA18747 hap1 2024)
GCA_042031405.1_NA18747_hap2_hprc_f2	human (NA18747 hap2 2024)
GCA_046000005.1_NA18879_hap1_hprc_f2	human (NA18879 hap1 2024)
GCA_045999895.1_NA18879_hap2_hprc_f2	human (NA18879 hap2 2024)
GCA_018503255.2_NA18906_mat_hprc_f2	human (NA18906 mat 2024)
GCA_018503285.2_NA18906_pat_hprc_f2	human (NA18906 pat 2024)
GCA_046332455.1_ASM4633245v1	human (NA18940 2024)
GCA_046332495.1_ASM4633249v1	human (NA18940 2024)
GCA_046332475.1_ASM4633247v1	human (NA18943 2024)
GCA_046332485.1_ASM4633248v1	human (NA18943 2024)
GCA_046332355.1_ASM4633235v1	human (NA18944 2024)
GCA_046332435.1_ASM4633243v1	human (NA18944 2024)
GCA_046332365.1_ASM4633236v1	human (NA18945 2024)
GCA_046332375.1_ASM4633237v1	human (NA18945 2024)
GCA_046332305.1_ASM4633230v1	human (NA18948 2024)
GCA_046332325.1_ASM4633232v1	human (NA18948 2024)
GCA_042077595.1_NA18952_hap1_hprc_f2	human (NA18952 hap1 2024)
GCA_042077325.1_NA18952_hap2_hprc_f2	human (NA18952 hap2 2024)
GCA_046332235.1_ASM4633223v1	human (NA18959 2024)
GCA_046332285.1_ASM4633228v1	human (NA18959 2024)
GCA_046332185.1_ASM4633218v1	human (NA18960 2024)
GCA_046332225.1_ASM4633222v1	human (NA18960 2024)
GCA_046332145.1_ASM4633214v1	human (NA18967 2024)
GCA_046332195.1_ASM4633219v1	human (NA18967 2024)
GCA_046332065.1_ASM4633206v1	human (NA18970 2024)
GCA_046332135.1_ASM4633213v1	human (NA18970 2024)
GCA_042032395.1_NA18971_hap1_hprc_f2	human (NA18971 hap1 2024)
GCA_042031415.1_NA18971_hap2_hprc_f2	human (NA18971 hap2 2024)
GCA_042077575.1_NA18974_hap1_hprc_f2	human (NA18974 hap1 2024)
GCA_042077285.1_NA18974_hap2_hprc_f2	human (NA18974 hap2 2024)
GCA_042077505.1_NA18976_hap1_hprc_f2	human (NA18976 hap1 2024)
GCA_042077165.1_NA18976_hap2_hprc_f2	human (NA18976 hap2 2024)
GCA_046332015.1_ASM4633201v1	human (NA18982 2024)
GCA_046332025.1_ASM4633202v1	human (NA18982 2024)
GCA_042032545.1_NA18983_hap1_hprc_f2	human (NA18983 hap1 2024)
GCA_042031955.1_NA18983_hap2_hprc_f2	human (NA18983 hap2 2024)
GCA_042077495.1_NA19036_hap1_hprc_f2	human (NA19036 hap1 2024)
GCA_042077135.1_NA19036_hap2_hprc_f2	human (NA19036 hap2 2024)
GCA_042031205.1_NA19043_hap1_hprc_f2	human (NA19043 hap1 2024)
GCA_042030595.1_NA19043_hap2_hprc_f2	human (NA19043 hap2 2024)
GCA_042034335.1_NA19087_hap1_hprc_f2	human (NA19087 hap1 2024)
GCA_042034505.1_NA19087_hap2_hprc_f2	human (NA19087 hap2 2024)
GCA_046056445.1_NA19159_hap1_hprc_f2	human (NA19159 hap1 2024)
GCA_046056495.1_NA19159_hap2_hprc_f2	human (NA19159 hap2 2024)
GCA_042035275.1_NA19185_hap1_hprc_f2	human (NA19185 hap1 2024)
GCA_042034525.1_NA19185_hap2_hprc_f2	human (NA19185 hap2 2024)
GCA_018503275.2_NA19240_mat_hprc_f2	human (NA19240 mat 2024)
GCA_018503265.2_NA19240_pat_hprc_f2	human (NA19240 pat 2024)
GCA_042035195.1_NA19338_hap1_hprc_f2	human (NA19338 hap1 2024)
GCA_042034585.1_NA19338_hap2_hprc_f2	human (NA19338 hap2 2024)
GCA_042035185.1_NA19391_hap1_hprc_f2	human (NA19391 hap1 2024)
GCA_042034575.1_NA19391_hap2_hprc_f2	human (NA19391 hap2 2024)
GCA_042076855.1_NA19443_hap1_hprc_f2	human (NA19443 hap1 2024)
GCA_042076705.1_NA19443_hap2_hprc_f2	human (NA19443 hap2 2024)
GCA_042035225.1_NA19468_hap1_hprc_f2	human (NA19468 hap1 2024)
GCA_042035175.1_NA19468_hap2_hprc_f2	human (NA19468 hap2 2024)
GCA_044165125.1_NA19682_hap1_hprc_f2	human (NA19682 hap1 2024)
GCA_044164665.1_NA19682_hap2_hprc_f2	human (NA19682 hap2 2024)
GCA_042077085.1_NA19700_hap1_hprc_f2	human (NA19700 hap1 2024)
GCA_042076885.1_NA19700_hap2_hprc_f2	human (NA19700 hap2 2024)
GCA_044165085.1_NA19776_hap1_hprc_f2	human (NA19776 hap1 2024)
GCA_044165205.1_NA19776_hap2_hprc_f2	human (NA19776 hap2 2024)
GCA_044164705.1_NA19835_hap1_hprc_f2	human (NA19835 hap1 2024)
GCA_044165335.1_NA19835_hap2_hprc_f2	human (NA19835 hap2 2024)
GCA_044164695.1_NA19909_hap1_hprc_f2	human (NA19909 hap1 2024)
GCA_044165395.1_NA19909_hap2_hprc_f2	human (NA19909 hap2 2024)
GCA_018504635.2_NA20129_mat_hprc_f2	human (NA20129 mat 2024)
GCA_018504625.2_NA20129_pat_hprc_f2	human (NA20129 pat 2024)
GCA_044166585.1_NA20282_hap1_hprc_f2	human (NA20282 hap1 2024)
GCA_044166065.1_NA20282_hap2_hprc_f2	human (NA20282 hap2 2024)
GCA_044166545.1_NA20346_hap1_hprc_f2	human (NA20346 hap1 2024)
GCA_044166135.1_NA20346_hap2_hprc_f2	human (NA20346 hap2 2024)
GCA_046629205.1_NA20503_hap1_hprc_f2	human (NA20503 hap1 2025)
GCA_046629565.1_NA20503_hap2_hprc_f2	human (NA20503 hap2 2025)
GCA_046000145.1_NA20752_hap1_hprc_f2	human (NA20752 hap1 2024)
GCA_045999885.1_NA20752_hap2_hprc_f2	human (NA20752 hap2 2024)
GCA_046629215.1_NA20762_hap1_hprc_f2	human (NA20762 hap1 2025)
GCA_046629575.1_NA20762_hap2_hprc_f2	human (NA20762 hap2 2025)
GCA_045523085.1_NA20799_hap1_hprc_f2	human (NA20799 hap1 2024)
GCA_045524135.1_NA20799_hap2_hprc_f2	human (NA20799 hap2 2024)
GCA_043304975.1_NA20805_hap1_hprc_f2	human (NA20805 hap1 2024)
GCA_043304515.1_NA20805_hap2_hprc_f2	human (NA20805 hap2 2024)
GCA_046629235.1_NA20806_hap1_hprc_f2	human (NA20806 hap1 2025)
GCA_046629225.1_NA20806_hap2_hprc_f2	human (NA20806 hap2 2025)
GCA_044166435.1_NA20809_hap1_hprc_f2	human (NA20809 hap1 2024)
GCA_044166615.1_NA20809_hap2_hprc_f2	human (NA20809 hap2 2024)
GCA_046629585.1_NA20827_hap1_hprc_f2	human (NA20827 hap1 2025)
GCA_046629265.1_NA20827_hap2_hprc_f2	human (NA20827 hap2 2025)
GCA_044166535.1_NA20850_hap1_hprc_f2	human (NA20850 hap1 2024)
GCA_044165565.1_NA20850_hap2_hprc_f2	human (NA20850 hap2 2024)
GCA_042077485.1_NA20870_hap1_hprc_f2	human (NA20870 hap1 2024)
GCA_042077145.1_NA20870_hap2_hprc_f2	human (NA20870 hap2 2024)
GCA_042032625.1_NA20905_hap1_hprc_f2	human (NA20905 hap1 2024)
GCA_042032335.1_NA20905_hap2_hprc_f2	human (NA20905 hap2 2024)
GCA_042077025.1_NA21093_hap1_hprc_f2	human (NA21093 hap1 2024)
GCA_042076875.1_NA21093_hap2_hprc_f2	human (NA21093 hap2 2024)
GCA_044166315.1_NA21102_hap1_hprc_f2	human (NA21102 hap1 2024)
GCA_044166635.1_NA21102_hap2_hprc_f2	human (NA21102 hap2 2024)
GCA_042077005.1_NA21106_hap1_hprc_f2	human (NA21106 hap1 2024)
GCA_042076865.1_NA21106_hap2_hprc_f2	human (NA21106 hap2 2024)
GCA_042077475.1_NA21110_hap1_hprc_f2	human (NA21110 hap1 2024)
GCA_042077185.1_NA21110_hap2_hprc_f2	human (NA21110 hap2 2024)
GCA_044164725.1_NA21144_hap1_hprc_f2	human (NA21144 hap1 2024)
GCA_044165025.1_NA21144_hap2_hprc_f2	human (NA21144 hap2 2024)
GCA_018504655.2_NA21309_mat_hprc_f2	human (NA21309 mat 2024)
GCA_018504665.2_NA21309_pat_hprc_f2	human (NA21309 pat 2024)
GCA_018852615.3_hg002v1.1.mat	human (NA24385 mat 2024)
GCA_018852605.3_hg002v1.1.pat	human (NA24385 pat 2024)
GCA_018506965.2_HG005_mat_hprc_f2	human (NA24631 mat 2024)
GCA_018506945.2_HG005_pat_hprc_f2	human (NA24631 pat 2024)
