GCA_043250625.1_fSebFas1.pri	Acadian redfish (fSebFas1 primary hap 2024)
GCF_019802595.1_ASM1980259v1	alligator pipefish (LvHL_M 2021)
GCF_017589495.1_AALO_Geno_1.1	allis shad
GCF_000485575.1_Poecilia_formosa-5.1.2	Amazon molly
GCF_021018895.1_ASM2101889v1	amberjack S.aureovittata (China HTS-2021-v1 2021)
GCA_018492705.1_fAloSap1.alt	American shad (fAloSap1 alternate hap 2021)
GCF_018492685.1_fAloSap1.pri	American shad (primary hap 2021)
GCA_030014385.1_fTriRos1.hap1	Andian cavefish (hap1 2023 genbank)
GCF_030014385.1_fTriRos1.hap1	Andian cavefish (hap1 2023 refseq)
GCF_001266775.1_Austrofundulus_limnaeus-1.0	annual killifish
GCA_963971535.1_fNotCoa1.1	Antarctic jonasfish (primary hap 2024)
GCA_951214905.1_fEleAnt2.1_alternate_haplotype	Antarctic lanternfish (alternate hap 2023)
GCA_951216825.1_fEleAnt2.1	Antarctic lanternfish (primary hap 2023)
GCA_902827135.1_fHarAnt1.1	Antarctic spiny plunderfish (primary hap 2020)
GCF_045679555.1_SLU_Salpinus.1	Arctic char (2024)
GCA_036784965.1_fSalAlp2_p1.0	Arctic char (CBP00131 primary hap 2024)
GCF_002910315.2_ASM291031v2	Arctic char (IW2-2015 2018)
GCA_946807865.1_fSilAri3.1_alternate_haplotype	Aristotle's catfish (alternate hap 2022)
GCA_946808225.1_fSilAri3.1	Aristotle's catfish (primary hap 2022)
GCF_013103735.1_CSU_Ecrag_1.0	Arkansas darter
GCA_026230005.1_fGilOrc1.0.hap1	arroyo chub (AC-1 alternate hap 2022)
GCA_026230025.1_fGilOrc1.0.hap2	arroyo chub (AC-1 primary hap 2022)
GCF_900964775.1_fSclFor1.1	Asian bonytongue (2019)
GCA_900964985.2_fSclFor1.1_alternate_haplotype	Asian bonytongue (alternate hap)
GCF_019097595.1_SWU_Hwy_1.0	Asian redtail catfish (EC202008001 2021)
GCA_963924715.1_fThuThy2.1	Atlantic bluefin tuna (primary hap 2024 genbank)
GCF_963924715.1_fThuThy2.1	Atlantic bluefin tuna (primary hap 2024 refseq)
GCF_902167405.1_gadMor3.0	Atlantic cod (2019)
GCA_902167395.1_gadMor3.0_alternate_haplotype	Atlantic cod (alternate hap)
GCF_009819705.1_fHipHip1.pri	Atlantic halibut (2019 refseq)
GCA_009819745.1_fHipHip1.alt	Atlantic halibut (alternate hap 2019)
GCF_900700415.2_Ch_v2.0.2	Atlantic herring (v2)
GCA_905171655.2_fTraTra1.2_alternate_haplotype	Atlantic horse mackerel (alternate hap 2021)
GCA_905171665.2_fTraTra1.2	Atlantic horse mackerel (primary hap 2021)
GCA_963691925.1_fScoSco1.1	Atlantic mackerel (primary hap 2023 genbank)
GCF_963691925.1_fScoSco1.1	Atlantic mackerel (primary hap 2023 refseq)
GCF_905237065.1_Ssal_v3.1	Atlantic salmon (refseq 2021)
GCF_000233375.1_ICSASG_v2	Atlantic salmon (Sally 2015)
GCA_048628825.1_ASM4862882v1	Atlantic silverside (fMenMen1 hap1 2025)
GCA_048544195.1_ASM4854419v1	Atlantic silverside (fMenMen1 hap2 2025)
GCF_013347765.1_ASM1334776v1	Atlantic turbot (AOZZmale01 2020)
GCA_042242115.1_fArrGeo1.hap1	Australian ruff (RE-2024a hap1 2024)
GCA_042242135.1_fArrGeo1.hap2	Australian ruff (RE-2024a hap2 2024)
GCF_900080235.1_BallGen_V1	ballan wrasse (2016)
GCA_963930695.1_fLabBer1.1	ballan wrasse (primary hap 2024 genbank)
GCF_963930695.1_fLabBer1.1	ballan wrasse (primary hap 2024 refseq)
GCA_017976295.1_fToxJac2.alt	banded archerfish (alternate hap 2021)
GCF_017976425.1_fToxJac2.pri	banded archerfish (primary hap 2021 refseq)
GCA_037039145.1_fFunDia1.hap1	banded killifish (hap1 2024)
GCA_037038625.1_fFunDia1.hap2	banded killifish (hap2 2024)
GCA_936446605.1_fBarBab1.1_alternate_haplotype	barbel (alternate hap 2022)
GCA_936440315.1_fBarBab1.1	barbel (primary hap 2022)
GCF_001640805.2_TLL_Latcal_v3	barramundi perch (ASB-BC8 2022)
GCA_047511565.1_fPolLow2.hap1	beardfish (hap1 2025)
GCA_047511595.1_fPolLow2.hap2	beardfish (hap2 2025)
GCA_048537225.1_ASM4853722v1	Bermuda beardfish (OG660 hap1 2025)
GCA_048537235.1_ASM4853723v1	Bermuda beardfish (OG660 hap2 2025)
GCF_000690725.1_Stegastes_partitus-1.0.2	bicolor damselfish
GCA_048128805.1_fCenGer3.hap1.cur.20231027	bight redfish (hap1 2025)
GCA_048129085.1_fCenGer3.hap2.cur.20231027	bight redfish (hap2 2025)
GCF_026898505.1_AGI_CSIRO_Cger_v1	bight redfish (2022)
GCA_951799965.1_fGobNig1.1_alternate_haplotype	black goby (alternate hap 2023)
GCA_951799975.1_fGobNig1.1	black goby (primary hap 2023)
GCA_022578405.1_fEmbJac1.0.a	black perch (LCO1_2020_lvr alternate hap 2022)
GCF_022577435.1_fEmbJac1.0.p	black perch (LCO1_2020_lvr primary hap 2022 refseq)
GCA_041753875.1_ASM4175387v1	black porgy (SG-2024 2024)
GCF_000735185.1_NC01	black rockcod
GCF_030273125.1_C.striata_1.0	black seabass (Rhode Island RG_2023a  2023)
GCA_028021495.1_fLycPai1.hap1	blackbelly eelpout (fLycPai1 haplotype 1 2023)
GCA_028022725.1_fLycPai1.hap2	blackbelly eelpout (fLycPai1 haplotype 2 2023)
GCA_047301625.1_ASM4730162v1	blackspot tuskfish (SL-2024 2025)
GCF_027474105.1_Auburn_PproV2	blackstripe livebearer (line A6 2022)
GCA_038021265.1_fCypVen1.hap1	blacktail shiner (hap1 2024)
GCA_038024135.1_fCypVen1.hap2	blacktail shiner (hap2 2024)
GCF_023375685.1_Billie_1.0	blue catfish (D&B 2022)
GCF_005870065.1_ASM587006v1	blue tilapia (BGI-SZ)
GCF_013358895.1_ZZ_aureus	blue tilapia (Guangdong)
GCA_964030765.1_fMicPou1.1	blue whiting (primary hap 2024)
GCA_030710495.1_ASM3071049v1	bluestreak cleaner wrasse (JK-2023 2023)
GCF_030265055.1_RoL_Dexc_1.0	bluestripe pipefish (RoL2022-K1 2023)
GCA_900650505.1_fGouWil2.1_alternate_haplotype	blunt-snouted clingfish (alternate hap)
GCA_900634775.2_fGouWil2.2	blunt-snouted clingfish (v2 2020 genbank)
GCA_017639755.1_fMelBoe1.alt	Boeseman's rainbowfish (fMelBoe1 alternate hap 2021)
GCF_017639745.1_fMelBoe1.pri	Boeseman's rainbowfish (primary hap 2021)
GCA_963924005.1_fProBol1.1	Bolin's lanternfish (primary hap 2024)
GCA_933228925.1_fTelBon1.1_alternate_haplotype	bonti-bonti (fTelBon1 alternate hap 2022)
GCA_933228915.1_fTelBon1.1	bonti-bonti (primary hap 2022)
GCF_040956055.1_CSIRO-AGI_Bhir_v1	bony fish B.hirsutus (HB-005 2024)
GCF_030506205.1_PD_contigs_1.0	bony fish P.dabryanus (BB 2023)
GCA_048301585.1_ASM4830158v1	bony fish R.nasutus (DBWJ_T2T 2025)
GCF_022749685.1_fSemPul1.0.p	bony fish S.pulcher (SPU_LCO1_2020_fin primary hap 2022)
GCF_030014155.1_HZAU_Pvac_v1	bony fish T.vachellii (PV-2020 2023)
GCF_036373705.1_fAmiCal2.hap1	bowfin (hap1 2024 refseq)
GCA_036365475.1_fAmiCal2.hap2	bowfin (hap2 2024)
GCA_963281105.1_fGymBra2.1_alternate_haplotype	Brauer's lanternfish (alternate hap 2023)
GCA_963280865.1_fGymBra2.1	Brauer's lanternfish (primary hap 2023)
GCA_048301445.1_SynTyp1_v1.hap1	broad-nosed pipefish (SK-2024d hap1 2025)
GCA_048301605.1_SynTyp1_v1.hap2	broad-nosed pipefish (SK-2024d hap2 2025)
GCF_033458585.1_RoL_Styp_1.0	broad-nosed pipefish (Sweden RoL2023-S1 2023)
GCF_029448725.1_ASM2944872v1	brook trout (EN_2023a 2023)
GCF_011397635.1_E.fuscoguttatus.final_Chr_v1	brown-marbled grouper (2020)
GCF_000239415.1_AstBur1.0	Burton's mouthbrooder (Broad 2011)
GCF_018398535.1_NCSU_Asbu1	Burton's mouthbrooder (NCSU 2021)
GCA_020382915.1_fScaArg1.alt	butterfish (fScaArg1 alternate hap 2021)
GCF_020382885.2_fScaArg1.pri	butterfish (primary hap 2021)
GCA_963422515.1_fBleOce1.1	butterfly blenny (primary hap 2023)
GCF_036924035.1_fLeuTen1.0.hap1	California grunion (hap1 2024)
GCA_022749735.1_fSemPul1.0.a	California sheephead (SPU_LCO1_2020_fin alternate hap 2022)
GCA_022749685.1_fSemPul1.0.p	California sheephead (SPU_LCO1_2020_fin primary hap 2022)
GCF_900634415.1_fCotGob3.1	channel bull blenny (2019 refseq)
GCA_900634435.1_fCotGob3.1_alternate_haplotype	channel bull blenny (alternate hap 2019)
GCF_001660625.3_Coco_2.0	channel catfish (USDA103 v2.0 2022)
GCF_036934945.1_UVic_Omas_1.1	cherry salmon (Uvic2021 2024)
GCF_039877785.1_fChaTrf1.hap1	chevron butterflyfish (hap1 2024 refseq)
GCA_039877575.1_fChaTrf1.hap2	chevron butterflyfish (hap2 2024)
GCF_900408965.1_fSimDia1.1	chichlid (S. diagramma)
GCA_048128725.1_fSymNem1.1_haplotype_1	chinamanfish (OG11 2025)
GCA_048128715.1_fSymNem1.1_haplotype_2	chinamanfish (OG11 2025)
GCF_024868665.1_Trosa_1v2	Chinese cavefish (2022)
GCF_014805685.1_ASM1480568v1	Chinese large-mouth catfish (SWU-2019-XX 2020)
GCF_019703515.2_UBuf_Myxa_2	Chinese sucker (Aquarium Trade MX2 2022)
GCF_002872995.1_Otsh_v1.0	Chinook salmon (v1 2018 female)
GCF_018296145.1_Otsh_v2.0	Chinook salmon (v2 Ot180627B 2021 male rfseq)
GCA_027409835.1_fScoJap1.alt	chub mackerel (fScoJap1 alternate hap 2022)
GCF_027409825.1_fScoJap1.pri	chub mackerel (primary hap 2022 refseq)
GCF_012931545.1_Oket_V1	chum salmon (Oke142-1_Chum_Gynogen 2020)
GCF_023373465.1_Oket_V2	chum salmon (PuntledgeMale-10-30-2019 2022)
GCA_900650485.1_fAnaTes1.2_alternate_haplotype	climbing perch (alternate hap 2019)
GCA_900324465.3_fAnaTes1.3	climbing perch (v1.3 2021)
GCF_002776465.1_AmpOce1.0	clown anemonefish (DU_AmpOce 2017)
GCF_022539595.1_ASM2253959v1	clown anemonefish (Okinawa individual 3 2022)
GCF_002021735.2_Okis_V2	coho salmon (150728-3 2019)
GCA_963993115.1_fAbrBra2.1	common bream (primary hap 2024)
GCA_905221575.1_Cypcar_WagV4.0	common carp (R8XR3 2021)
GCF_018340385.1_ASM1834038v1	common carp (SPL01 2021)
GCF_963576545.1_fLimLim1.1	common dab (primary hap 2023)
GCA_965113295.1_fLeuLeu2.hap1.1	common dace (hap1.1 2025)
GCA_965113325.1_fLeuLeu2.hap2.1	common dace (hap2.1 2025)
GCA_965226575.1_fPagPag1.hap1.1	common seabream (hap1.1 2025)
GCA_965225695.1_fPagPag1.hap2.1	common seabream (hap2.1 2025)
GCF_024500385.1_UOR_Ptae_1.2	common seadragon (TA_2022b 2022)
GCA_958295035.1_fSolSol10.1_alternate_haplotype	common sole (alternate hap 2023)
GCF_958295425.1_fSolSol10.1	common sole (primary hap 2023 refseq)
GCA_964263955.1_fCorLav1.hap1.1	common whitefish (fCorLav1.hap1.1 2024)
GCA_964263835.1_fCorLav1.hap2.1	common whitefish (fCorLav1.hap2.1 2024)
GCA_020510965.1_fPhoLeu1.alt	convict blenny (fPhoLeu1 alternate hap 2021)
GCA_020510985.1_fPhoLeu1.pri	convict blenny (primary hap 2021)
GCA_017976315.1_fCheRos1.alt	copperband butterflyfish (fCheRos1 alternate hap 2021)
GCF_017976325.1_fCheRos1.pri	copperband butterflyfish (primary hap 2021)
GCA_947650265.1_fSymMel2.1	corkwing wrasse (primary hap 2022)
GCA_019802505.1_Lin1PacBio.ctg.fa.r3p3_pilon_3_oneline.fasta	Corydoras catfish unclassified (C115 2021)
GCA_964638095.1_fPorCra3.hap1.1	crested bigscale (hap1.1 2025)
GCA_964638665.1_fPorCra3.hap2.1	crested bigscale (hap2.1 2025)
GCA_049082185.1_fCriAus1.1_haplotype_1	crested weedfish (hap1 OG76 2025)
GCA_049082045.1_fCriAus1.1_haplotype_2	crested weedfish (hap2 OG76 2025)
GCA_963082795.1_fCarCar2.1_alternate_haplotype	crucian carp (alternate hap 2023)
GCF_963082965.1_fCarCar2.1	crucian carp (primary hap 2023 refseq)
GCF_963584025.1_fLabMix1.1	cuckoo wrasse (primary hap 2023)
GCA_020745675.1_fTauAds1.alt.cur	cunner (fTauAds1 alternate hap 2021)
GCA_020745685.1_fTauAds1.pri.cur	cunner (primary hap 2021)
GCF_015846415.1_ASM1584641v1	Dalai köbertrulling (WHDGS20190420 2020)
GCA_007224835.1_ASM722483v1	Danionella translucida (Bolton 2019)
GCA_903798025.1_fDanTra1.1	Danionella translucida (fDanTra1 2020)
GCF_021462225.1_DD_fGirMul_XY1	dark-edged splitfin (DD_20200921_A 2022 refseq)
GCF_021917145.1_fHypTra1	delta smelt
GCA_900700345.2_fDenClu1.1_alternate_haplotype	denticle herring (alternate hap 2019)
GCA_900700375.2_fDenClu1.2	denticle herring (v2 2020)
GCA_030448965.1_fSalBra1.hap1	dorado (hap1 2023)
GCF_030463535.1_fSalBra1.hap2	dorado (hap2 2023 refseq)
GCA_004026145.2_XU_Tbim_1.0	double-spotted pufferfish T.bimaculatus (TB-2018 2019)
GCF_025434085.1_ASM2543408v3	dwarf seahorse (Florida 2022)
GCA_900246225.5_fAstCal1.3	eastern happy (v3 2021)
GCA_964374335.1_fAstCal68.1	eastern happy (primary hap 2024)
GCA_013347915.1_fEleEle1.alt	electric eel (alternate hap 2020)
GCF_003665695.1_Ee_SOAP_WITH_SSPACE	electric eel (MRS-EE1 2018 U Wisconsin)
GCF_013358815.1_fEleEle1.pri	electric eel (primary hap 2020 refseq)
GCA_041902795.1_ASM4190279v1	electric eel (QZ-2024a 2024)
GCF_023856365.1_BBRACH_0.4	elephant fish B.brachyistius (T26 2022)
GCF_902827165.1_fTreBer1.1	emerald rockcod
GCA_949152275.1_fPhoPho1.1_alternate_haplotype	Eurasian minnow (alternate hap 2023)
GCA_949152265.1_fPhoPho1.1	Eurasian minnow (primary hap 2023)
GCF_034702125.1_IST_EnEncr_1.0	European anchovy (BLACKSEA-1 2023)
GCA_949319155.1_fSquCep2.1_alternate_haplotype	European chub (alternate hap 2023)
GCA_949319135.1_fSquCep2.1	European chub (primary hap 2023)
GCF_963514075.1_fConCon1.1	European conger (primary hap 2023 refseq)
GCA_949316195.1_fPlaFle2.1_alternate_haplotype	European flounder (alternate hap 2023)
GCA_949316205.1_fPlaFle2.1	European flounder (primary hap 2023 genbank)
GCF_949316205.1_fPlaFle2.1	European flounder (primary hap 2023 refseq)
GCF_010015445.1_GENO_Pfluv_1.0	European perch
GCA_947347695.1_fPlePla1.1_alternate_haplotype	European plaice (alternate hap 2022)
GCF_947347685.1_fPlePla1.1	European plaice (primary hap 2022 refseq)
GCF_905237075.1_dlabrax2021	European seabass (2021)
GCA_963692335.1_fOsmEpe2.1	European smelt (primary hap 2023 genbank)
GCF_963692335.1_fOsmEpe2.1	European smelt (primary hap 2023 refseq)
GCA_963457725.1_fSprSpr1.1	European sprat (primary hap 2023)
GCF_016745375.1_EPA_FHM_2.0	fathead minnow
GCF_022458985.1_CIBA_Mcephalus_1.1	flathead mullet
GCA_965226115.1_fAulStu2.1	flavescent peacock cichlid (primary hap 2025)
GCA_007364235.1_fArcCen1_v1.h	flier cichlid (alternate hap MPI-CPG 2019)
GCF_007364275.1_fArcCen1	flier cichlid (MPI-CPG 2019 refseq)
GCA_014839645.1_fXenCan1.alt	freshwater garfish (fXenCan1 alternate hap 2020)
GCA_014839995.1_fXenCan1.pri	freshwater garfish (primary hap 2020)
GCF_005281545.1_ASM528154v1	giant grouper (Andai001 2019)
GCA_041903045.1_ASM4190304v1	giant grouper (andai-2023 2024)
GCA_900880695.1_fSpaAur1.1_alternate_haplotype	gilthead seabream (alternate hap 2019)
GCA_900880675.2_fSpaAur1.2	gilthead seabream (v2 2021)
GCF_001515645.1_SAMN03320097.WGS_v1.1	golden-line barbel
GCF_003368295.1_ASM336829v1	goldfish
GCF_019924925.1_HZGC01	grass carp (HZGC_01 2021)
GCF_026225935.1_ASM2622593v1	great blue-spotted mudskipper (Guang Dong 2022)
GCF_000788275.1_BP.fa	great blue-spotted mudskipper (pooled male+femail 2014 BGI)
GCF_002260705.1_Sdu_1.0	greater amberjack
GCA_951799415.1_fArgSil1.1_alternate_haplotype	greater argentine (alternate hap 2023)
GCA_951799395.1_fArgSil1.1	greater argentine (primary hap 2023)
GCA_901709685.1_fSynAcu1.1_alternate_haplotype	greater pipefish (v1 alternate hap 2019)
GCF_901709675.1_fSynAcu1.2	greater pipefish (v1.2 2020 refseq)
GCA_948146105.1_fSynAcu2.1	greater pipefish (v2 2023 genbank)
GCA_948146095.1_fSynAcu2.1_alternate_haplotype	greater pipefish (v2 alternate haplotype 2023)
GCA_949358355.1_fHypImm3.1_alternate_haplotype	greater sand-eel (alternate hap 2023)
GCA_949357725.1_fHypImm3.1	greater sand-eel (primary hap 2023)
GCF_003331165.1_Xiphophorus_hellerii-4.1	green swordtail
GCA_963514095.1_fEutGur1.1	grey gurnard (primary hap 2023)
GCA_949357705.1_fGobGob1.1_alternate_haplotype	gudgeon (alternate hap 2023)
GCA_949357685.1_fGobGob1.1	gudgeon (primary hap 2023)
GCF_024217435.2_RoL_Ssco_1.2	Gulf pipefish (Florida 2022)
GCF_024217435.1_RoL_Ssco_1.1	Gulf pipefish (RoL_Ssco_1.1 Florida 2022 refseq)
GCA_024217435.4_RoL_Ssco_1.2	Gulf pipefish (RoL_Ssco_1.2 Florida 2022 genbank)
GCF_000633615.1_Guppy_female_1.0_MT	guppy
GCA_015220095.1_fSebUmb1.alt	honeycomb rockfish (fSebUmb1 alternate hap 2020)
GCF_015220745.1_fSebUmb1.pri	honeycomb rockfish (primary hap 2020)
GCF_001515625.1_SAMN03320098_v1.1	horned golden-line barbel
GCF_018320785.1_ASM1832078v1	humphead wrasse
GCA_900651595.1_fParRan2.1_alternate_haplotype	Indian glassy fish (alternate hap 2019)
GCA_900634625.2_fParRan2.2	Indian glassy fish (v2 2020)
GCF_002922805.2_ASM292280v2	Indian medaka
GCF_013368585.1_fMegCyp1.pri	Indo-Pacific tarpon (2020)
GCF_001970005.1_Flounder_ref_guided_V1.0	Japanese flounder
GCF_024713975.1_ASM2471397v2	Japanese flounder (ysfri-2021 2022)
GCF_002234675.1_ASM223467v1	Japanese medaka
GCF_902148845.1_fSalaFa1.1	jewelled blenny (2019)
GCA_902148835.1_fSalaFa1.1_alternate_haplotype	jewelled blenny (alternate hap 2019)
GCA_960530785.1_fZeuFab8.1_alternate_haplotype	John dory (alternate hap 2023)
GCA_960531495.1_fZeuFab8.1	John dory (primary hap 2023)
GCF_006386435.1_YSFRI_EMoa_1.0	kelp grouper (mb 2019)
GCF_029030835.1_ASM2903083v1	kelp perch (BFR_SWC_R1_liver_20210118 2023)
GCA_009829135.1_fPerMag1.alt	Korean giant-fin mudskipper (v1 alternate hap 2020 genbank)
GCF_009829125.3_fPerMag1.2.pri	Korean giant-fin mudskipper (v1.2 primary hap 2023)
GCF_016432855.1_SaNama_1.0	lake trout
GCF_018398675.1_ASM1839867v1	lake whitefish (EN20210322 male 2021 Laval U)
GCF_020615455.1_ASM2061545v1	lake whitefish (EN_2021a female 2021 Laval U)
GCA_963921795.1_fNanAch1.1	lantern fish (primary hap 2024)
GCF_000972845.2_L_crocea_2.0	large yellow croaker
GCA_949987545.1_fBorAnt1.1_alternate_haplotype	large-eye snaggletooth (alternate hap 2023)
GCA_949987555.1_fBorAnt1.1	large-eye snaggletooth (primary hap 2023)
GCA_019677235.1_HNU_Msal_1.0	largemouth bass (2-A1 2021)
GCF_014851395.1_ASM1485139v1	largemouth bass (LMB-PRFRI aquatic 2020)
GCA_014839705.1_fAnaAna1.alt	largescale foureyes (fAnaAna1 alternate hap 2020)
GCA_014839685.1_fAnaAna1.pri	largescale foureyes (primary hap 2020)
GCF_024500275.1_UOR_Pequ_1.1	leafy seadragon (BA_2022a 2022)
GCA_964266715.1_fMicKit1.1	lemon sole (primary hap 2024)
GCF_008729295.1_YSFRI_Pleo_2.0	leopard coralgrouper
GCA_027579805.1_fNeoGra1.alt	lesser salmon catfish (fNeoGra1 alternate hap 2023)
GCF_027579695.1_fNeoGra1.pri	lesser salmon catfish (primary hap 2023 refseq)
GCA_950004245.1_fAmmMar1.1_alternate_haplotype	lesser sand-eel (alternate hap 2023)
GCA_949987685.1_fAmmMar1.1	lesser sand-eel (primary hap 2023)
GCA_963691815.1_fEchVip8.1	lesser weever (primary hap 2023)
GCA_949748265.1_fMelGel1.1_alternate_haplotype	limp eelpout (alternate hap 2023)
GCA_949748355.1_fMelGel1.1	limp eelpout (primary hap 2023)
GCA_900963505.1_fEcheNa1.1_alternate_haplotype	live sharksucker (alternate hap 2019)
GCA_900963305.2_fEcheNa1.2	live sharksucker (v2 2021)
GCA_910589615.1_fTauBub2.1	longspined bullhead (.1 primary hap 2021)
GCA_910589325.1_fTauBub2.1_alternate_haplotype	longspined bullhead (fTauBub2.1 alternate hap 2021)
GCA_009769515.1_fCycLum1.alt	lumpfish (alternate hap 2019)
GCA_963457625.1_fCycLum2.1	lumpfish (primary hap v2.1 2023 genbank)
GCF_009769545.1_fCycLum1.pri	lumpfish (v1 primary hap 2019 refseq)
GCF_000239395.1_NeoBri1.0	lyretail cichlid
GCA_963969265.1_fRhaChi2.1	Malawi cichlid R.sp.'chilingali' (2024)
GCF_020085105.1_ASM2008510v1	mandarin fish (FFG_IHB_CAS 2021)
GCF_027744825.2_RoL_Sspl_1.0	mandarin fish (RoL2022-P1 2023)
GCF_001649575.2_ASM164957v2	mangrove rivulus
GCA_949606865.1_fNotRos5.1_alternate_haplotype	marbled rockcod (alternate hap 2023)
GCA_949606895.1_fNotRos5.1	marbled rockcod (primary hap 2023)
GCF_029220125.1_NWPU_hadal_v1	Mariana snailfish (Mariana Trench HS2019 2023)
GCF_000372685.2_Astyanax_mexicanus-2.0	Mexican tetra (2017 WashU)
GCF_023375975.1_AstMex3_surface	Mexican tetra (ESR-SI-001 2022)
GCA_019721115.1_AMEX_1.1	Mexican tetra (Pach_M1 Pachon cave 2021)
GCF_902362185.1_fChaCha1.1	milkfish (2019)
GCA_902362175.1_fChaCha1.1_alternate_haplotype	milkfish (alternate hap 2019)
GCA_963454915.1_fGymMic1.1	minispotted lanternfish (primary hap 2023)
GCA_023349535.1_fCebVio1.0.a	monkeyface prickleback (CVI_PGR_0920_01 alternate hap 2022)
GCA_023349555.1_fCebVio1.0.p	monkeyface prickleback (CVI_PGR_0920_01 primary hap 2022)
GCF_023349555.1_fCebVio1.0.p	monkeyface prickleback (CVI_PGR_0920_01 primary hap 2022)
GCF_001444195.1_X_couchianus-1.0	Monterrey platyfish
GCF_048594095.1_PKINGS_0.4	mormyrid electric fish (MSU_618 2025)
GCF_000826765.1_Fundulus_heteroclitus-3.0.2	mummichog (Maine)
GCF_011125445.2_MU-UCD_Fhet_4.1	mummichog (U. Missouri)
GCA_009762545.1_fNotCel1.alt	New Zealand spotty (alternate hap 2019 genbank)
GCA_009762535.1_fNotCel1.pri	New Zealand spotty (primary hap 2019 genbank)
GCF_009762535.1_fNotCel1.pri	New Zealand spotty (primary hap refseq)
GCF_001858045.2_O_niloticus_UMD_NMBU	Nile tilapia
GCA_949316245.1_fPunPun2.1_alternate_haplotype	ninespine stickleback (alternate hap 2023)
GCF_902500615.1_NSP_V7	ninespine stickleback (NSP_V7 2020)
GCA_949316345.1_fPunPun2.1	ninespine stickleback (primary hap 2023 genbank)
GCF_949316345.1_fPunPun2.1	ninespine stickleback (primary hap 2023 refseq)
GCF_024256425.1_CGAR_prim_01v2	North African catfish (Netherlands MV-2021 2022)
GCA_024256465.1_CGAR_Hap2	North African catfish (Netherlands MV-2021 alternate hap 2022)
GCA_024256435.1_CGAR_Hap1	North African catfish (Netherlands MV-2021 primary hap 2022)
GCA_046255685.1_fAmbSpe1.hap1	northern cavefish (hap1 2024)
GCA_046255725.1_fAmbSpe1.hap2	northern cavefish (hap2 2024)
GCF_004634155.1_Eluc_v4	northern pike
GCA_011004835.1_fEsoLuc1.alt	northern pike (alternate hap 2020)
GCF_011004845.1_fEsoLuc1.pri	northern pike (primary hap 2020 refseq)
GCF_033026475.1_Channa_argus_male_v1.0	northern snakehead (prfri 2023)
GCA_044231665.1_SynOce1_v1.hap1	ocellated dragonet (captive hap1 2024)
GCA_044231645.1_SynOce1_v1.hap2	ocellated dragonet (captive hap2 2024)
GCF_002872115.1_PKINGS_0.1	Old Calabar mormyrid (PKING1 2018)
GCF_043641665.1_fEnoArm2.hap1	old wife E.armatus (hap1 2024)
GCA_043640875.1_fEnoArm2.hap2	old wife E.armatus (hap2 2024)
GCF_008692095.1_UIUC_Espe_1.0	orangethroat darter
GCF_902148855.1_fSphaOr1.1	orbiculate cardinalfish (2019)
GCA_902148825.1_fSphaOr1.1_alternate_haplotype	orbiculate cardinalfish (alternate hap 2019)
GCF_027580225.1_HAU_Mang_1.0	oriental weatherfish (BS_2022a 2023)
GCA_048544215.1_fCoiMys1.hap1	Osbeck's grenadier anchovy (Shantou hap1 2025)
GCA_048544225.1_fCoiMys1.hap2	Osbeck's grenadier anchovy (Shantou hap2 2025)
GCF_046630095.1_CSIRO_AGI_Tana_v1	oyster pompano (Australia AG129_WGS33_773 2025)
GCF_000239375.1_PunNye1.0	P.nyererei 1_Seehausen
GCF_031168955.1_ASM3116895v1	Pacific cod (2023)
GCF_013339905.1_IPHC_HiSten_1.0	Pacific halibut (PH-IPHC-18 2020)
GCF_022539355.2_HSTE1.2	Pacific halibut (QCI-W04-F060 2022)
GCF_033807715.1_fColSai1.1	Pacific saury (AMF1-May2022 2023)
GCF_903798145.1_fDanAes4.1	panther danio (primary hap 2020)
GCA_964188415.1_fProPar1.1_alternate_haplotype	parallel lanternfish (alternate hap 2024)
GCA_964188405.1_fProPar1.1	parallel lanternfish (primary hap 2024)
GCF_036324505.1_JC_Emac_rtc_rv5	Patagonian blennie (Puerto Natales JMC-PN-2008 2024)
GCA_027942865.1_fOdoBon6.hap1	pejerrey (fOdoBon6 haplotype 1 2023)
GCA_027942885.1_fOdoBon6.hap2	pejerrey (fOdoBon6 haplotype 2 2023)
GCA_017639685.1_fAplTae1.alt	peladilla (fAplTae1 alternate hap 2021)
GCA_017639675.1_fAplTae1.pri	peladilla (primary hap 2021)
GCA_963989245.1_fNanAnt1.1	pencil smelt N.antarctica (primary hap 2024)
GCA_044231685.1_ASM4423168v1	picturesque dragonet (SynPic1 hap1 2024)
GCA_044231675.1_ASM4423167v1	picturesque dragonet (SynPic1 hap2 2024)
GCF_008315115.2_SLUC_FBN_1.2	pike-perch
GCF_902150065.1_fMyrMur1.1	pinecone soldierfish (2019)
GCA_902148815.1_fMyrMur1.1_alternate_haplotype	pinecone soldierfish (alternate hap 2019)
GCF_021184085.1_OgorEven_v1.0	pink salmon
GCF_902827175.1_fGymAcu1.1	ploughfish
GCA_949987605.1_fPolPol2.1_alternate_haplotype	pollack (alternate hap 2023)
GCA_949987615.1_fPolPol2.1	pollack (primary hap 2023)
GCF_024489055.1_ASM2448905v1	predatory carp (Z2021 2022)
GCF_902500255.1_fThaAma1.1	prehistoric monster fish (2019 refseq)
GCA_902500245.1_fThaAma1.1_alternate_haplotype	prehistoric monster fish (alternate hap 2019)
GCA_038355195.1_fOsmMor3.pri	rainbow smelt (fOsmMor3 primary hap 2024)
GCF_038355195.1_fOsmMor3.pri	rainbow smelt (fOsmMor3 primary hap 2024)
GCF_013265735.2_USDA_OmykA_1.1	rainbow trout (Arlee)
GCF_002163495.1_Omyk_1.0	rainbow trout (Swanson)
GCA_048129235.1_fEpiMut1.hap1.cur.20240206	Rankin cod (hap1 2025)
GCA_048129065.1_fEpiMut1.hap2.cur.20240206	Rankin cod (hap2 2025)
GCF_025860055.1_RBS_HiC_50CHRs	razorback sucker (HMW12.3.18 2022)
GCA_014183145.1_ASM1418314v1	red drum (XU1910 2020)
GCA_015220065.1_fPygNat1.alt	red-bellied piranha (fPygNat1 alternate hap 2020)
GCF_001682695.1_Pygocentrus_nattereri-1.0.2	red-bellied piranha (Pna-1 2016)
GCF_015220715.1_fPygNat1.pri	red-bellied piranha (primary hap 2020)
GCF_046629955.1_CSIRO-AGI_Caff_v1	redfish (Tasmania AG114_WGS23_722 - 3 2025)
GCF_900747795.2_fErpCal1.3	reedfish (2021)
GCA_900700845.2_fErpCal1.1_alternate_haplotype	reedfish (v1 alternate hap 2019)
GCF_027744805.1_RoL_Ddac_1.1	ringed pipefish (RoL2022-P2 2023)
GCF_014905685.2_NemWhi1	Rio pearlfish (Nwh7 v2 2021)
GCA_901001165.2_fSalTru1.2	river trout (v2 2021)
GCA_951802655.1_fRutRut2.1_alternate_haplotype	roach minnow (alternate hap 2023)
GCA_951802725.1_fRutRut2.1	roach minnow (primary hap 2023)
GCA_910591705.2_fPhoGun1.2_alternate_haplotype	rock gunnel (alternate hap 2021)
GCA_910591455.2_fPhoGun1.2	rock gunnel (primary hap 2021)
GCF_022985175.1_IGBB_LRoh.1.0	rohu (BAU-BD-2019 2022)
GCA_030015355.1_fTriRos1.hap2	Rosablanca catfish (hap2 2023)
GCF_042242105.1_fPemKlu1.hap1	rouch bullseye (RE-2024b hap1 2024 refseq)
GCA_042242125.1_fPemKlu1.hap2	rough bullseye (RE-2024b hap2 2024)
GCA_024453875.1_ASM2445387v1	rudd (Europe DD20220513a primary hap 2022)
GCA_964197995.1_fScaEry2.hap1.1	rudd (fScaEry2.hap1.1 2024)
GCF_027596085.1_Afim_UVic_2022	sablefish (Golden Eagle Sablefish UVic2021 2023)
GCF_001443285.1_P_latipinna-1.0	sailfin molly
GCA_049190665.1_fLepSal2.hap1	salamanderfish (hap1 2025)
GCA_049190655.1_fLepSal2.hap2	salamanderfish (hap2 2025)
GCF_003711565.1_ASM371156v2	sansaifugu (HTHZ2018 2019)
GCA_963854185.1_fSarPil1.1	sardine (primary hap 2023 genbank)
GCF_963854185.1_fSarPil1.1	sardine (primary hap 2023 refseq)
GCF_030265065.1_ASM3026506v1	scribbled pipefish (RoL2023-P3 2023)
GCA_048126635.1_SpiSpi1_v1.hap1	sea stickleback (SK-2024b hap1 2025)
GCA_048127205.1_SpiSpi1_v1.hap2	sea stickleback (SK-2024b hap2 2025)
GCF_019176455.1_IFAPA_SoseM_1	Senegalese sole
GCA_963383635.1_fLipPho2.1_alternate_haplotype	shanny (alternate hap 2023)
GCA_963383615.1_fLipPho2.1	shanny (primary hap 2023)
GCA_045363895.1_fPriTyp1.hap1	sharptooth jobfish (hap1 2024)
GCA_045363885.1_fPriTyp1.hap2	sharptooth jobfish (hap2 2024)
GCF_000732505.1_C_variegatus-1.0	sheepshead minnow
GCF_001443325.1_P_mexicana-1.0	shortfin molly
GCA_900651605.1_fBetSpl5.1_alternate_haplotype	Siamese fighting fish (v1 alternate hap 2019)
GCF_900634795.4_fBetSpl5.4	Siamese fighting fish (v4 primary hap 2023)
GCA_900651605.2_fBetSpl5.4_alternate_haplotype	Siamese fighting fish (v5.4 alternate hap 2023)
GCF_023724105.1_carGib1.2-hapl.c	silver crucian carp (wild population from Czech Republic Cgi1373 2022)
GCA_048569125.1_fDirArg3.hap1	silver spinyfin (hap1 2025)
GCA_048569135.1_fDirArg3.hap2	silver spinyfin (hap2 2025)
GCA_029633845.1_fLamInc1.hap1	smalleye Pacific opah (hap1 2023)
GCF_029633865.1_fLamInc1.hap2	smalleye Pacific opah (hap2 2023 refseq)
GCF_021292245.1_ASM2129224v1	smallmouth bass
GCF_033978785.1_RoL_Eaeq_v1.1	snake pipefish (RoL-2023_Sb 2023)
GCF_006149115.2_Oner_1.1	sockeye salmon (On170113-E2 v2 2019)
GCF_034236695.1_Oner_Uvic_2.0	sockeye salmon (Pitt River 2024)
GCF_902827115.2_fPseGeo1.2	South Georgia icefish (v2 primary hap 2022)
GCA_910596085.1_fThuMac1.1_alternate_haplotype	southern bluefin tuna (alternate hap 2021)
GCF_910596095.1_fThuMac1.1	southern bluefin tuna (primary hap 2021 refseq)
GCF_002775205.1_X_maculatus-5.0-male	southern platyfish
GCF_001515605.1_SAMN03320099.WGS_v1.1	Southwestern China cavefish
GCA_045362495.1_fLetNeb1.hap1	spangled emperor (hap1 2024)
GCA_045362485.1_fLetNeb1.hap2	spangled emperor (hap2 2024)
GCF_021347895.1_KAUST_Apoly_ChrSc	spiny chromis (Palm Island Apoly-LR-REF 2022)
GCF_002109545.1_ASM210954v1	spiny chromis (Palm Islands 2017)
GCA_000180735.1_ASM18073v1	spotted green pufferfish (2004)
GCA_031216445.1_YSFRI_Lmacu_1.1	spotted sea bass (ZS-2023 2023)
GCF_036321145.1_Pm_UMD_F	spotted tilapia (v1 MD_Pm_ZW 2024)
GCF_036321145.2_Pm_UMD_F_2	spotted tilapia (v2 MD_Pm_ZW 2024)
GCF_902713425.1_fAciRut3.2_maternal_haplotype	sterlet (maternal hap 2022 refseq)
GCA_902713435.2_fAciRut3.2_paternal_haplotype	sterlet (v2 paternal hap 2022)
GCA_947034905.1_fBarBar1.1_alternate_haplotype	stone loach (alternate hap 2022)
GCA_947034865.1_fBarBar1.1	stone loach (primary hap 2022)
GCF_024679245.1_ASM2467924v1	stone moroko (DD20220531a primary hap 2022)
GCF_033978795.1_RoL_Noph_v1.0	straightnose pipefish (RoL-2023_Sa 2023)
GCF_040054535.1_ASM4005453v1	striated frogfish (MH-2024 2024)
GCA_027382375.1_fPanHyp1.alt	striped catfish (fPanHyp1 alternate hap 2022)
GCF_027358585.1_fPanHyp1.pri	striped catfish (primary hap 2022 refseq)
GCF_009078355.1_GENO_Phyp_1.0	striped catfish Indonesia
GCF_003671635.1_VN_pangasius	striped catfish Vietnam
GCF_004916995.1_NCSU_SB_2.0	striped sea-bass
GCF_018831695.1_ASM1883169v1	Sumatra barb
GCF_001952655.1_M_albus_1.0	swamp eel
GCF_016859285.1_ASM1685928v1	swordfish
GCF_904425465.1_Colossoma_macropomum	tambaqui
GCA_963457635.1_fMicVar1.1	thickback sole (primary hap 2023)
GCA_963514085.1_fCheLab1.1	thicklip grey mullet (primary hap 2023)
GCF_016920845.1_GAculeatus_UGA_version5	three-spined stickleback
GCA_964276395.1_fGasAcu3.hap1.1	three-spined stickleback (hap1 2024)
GCA_964276385.1_fGasAcu3.hap2.1	three-spined stickleback (hap2 2024)
GCA_026437355.1_fEucNew1.0.hap2	tidewater goby (DKJ021-1_F 2022)
GCF_026437365.1_fEucNew1.0.hap1	tidewater goby (DKJ021-1_Fhap1 2022 refseq)
GCF_001891065.2_H_comes_QL1_v1.1	tiger tail seahorse (QL1 v2 2016)
GCF_000523025.1_Cse_v1.0	tongue sole
GCA_901000745.3_fTakRub1.2_alternate_haplotype	torafugu (alternate hap 2019)
GCF_901000725.2_fTakRub1.2	torafugu (fTakRub1.2 2019 refseq)
GCA_901000725.3_fTakRub1.3	torafugu (fTakRub1.3 2021 genbank)
GCA_029633875.2_fHopMal1.hap2	trahira (v2 hap2 2024)
GCF_029633855.1_fHopMal1.hap1	trahira (v1 hap1 2024 refseq)
GCA_029633855.2_fHopMal1.hap1	trahira (v2 hap1 2024 genbank)
GCA_048301465.1_ASM4830146v1	trumpetfish (SK-2024c 2025)
GCA_048301475.1_ASM4830147v1	trumpetfish (SK-2024c 2025)
GCA_963854745.1_fScoMax1.1	turbot (primary hap 2023)
GCF_022379125.1_ASM2237912v1	turbot (ysfricsl-2021 2022)
GCF_001465895.1_Nfu_20140520	turquoise killifish (GRZ 2015)
GCF_043380555.1_NfurGRZ-RIMD1	turquoise killifish (GRZ-AD 2024)
GCF_027789165.1_UI_Nfuz_MZM_1.0	turquoise killifish (MZM-0403 2023)
GCA_013621035.1_C_magur1.0	walking catfish (CIFAMagur01 2020)
GCF_026213295.1_NIFS_Gcha_1.0	walleye pollock (NIFS_2021 2022)
GCA_013347815.1_fAntMac1.alt	warty frogfish (fAntMac1 alternate hap 2020)
GCA_013358685.1_fAntMac1.pri	warty frogfish (primary hap 2020)
GCF_019740435.1_SWU_Gaff_1.0	western mosquitofish
GCF_029890125.1_OSU_Roscu_1.1	western speckled dace (OS25496 2023)
GCF_045791955.1_UVic_Ocla_1.0	westslope cutthroat trout (Uvic-CL-2024 2024)
GCF_016077235.1_ASM1607723v1	White Sands pupfish
GCF_004355925.1_GSC_Weel_1.0	wolf-eel
GCA_023055415.1_fCliAna1.0.a	woolly sculpin (alternate hap CAN_PGR_092001 2022)
GCA_023055335.1_fCliAna1.0.p	woolly sculpin (CAN_PGR_092001 2022)
GCF_023055335.1_fCliAna1.0.p	woolly sculpin (CAN_PGR_092001 primary hap 2022)
GCF_033978685.3_RoL_Nlum_v2.1	worm pipefish (v2.1 RoL_2023-P12025)
GCF_018812025.1_ASM1881202v1	Wuchang bream
GCF_012432095.1_ASM1243209v1	Yangtze koukloug (SWU-2019 2020)
GCA_048129025.1_fCaeTer1.1_haplotype_2	yellow and blueback fusilier (OG672 2025)
GCA_048129055.1_fCaeTer1.1_haplotype_1	yellow and blueback fusilier (OG672 2025)
GCF_022655615.1_HZAU_PFXX_2.0	yellow catfish (hzauxx_2018 2022)
GCF_003724035.1_ASM372403v1	yellow catfish (Tf-2017 2018)
GCF_004354835.1_PFLA_1.0	yellow perch (YP-PL-M2 2019)
GCA_904848175.1_fAcaLat1.1_alternate_haplotype	yellowfin seabream (v.2019 alternate hap 2020)
GCF_904848185.1_fAcaLat1.1	yellowfin seabream (v.2019 primary hap 2020)
GCA_914744365.1_fThuAlb1.1_alternate_haplotype	yellowfin tuna (alternate hap 2021)
GCF_914725855.1_fThuAlb1.1	yellowfin tuna (primary hap 2021)
GCF_002814215.2_Sedor1	yellowtail amberjack (v2 SW California HSWRI2012SDOR001 2017)
GCF_000238955.4_M_zebra_UMD2a	zebra mbuna
GCA_944039255.1_fDanRer4.1_alternate_haplotype	zebrafish (fDanRer4 alternate hap 2022)
GCA_018400075.1_ASM1840007v1	zebrafish (T5D 2021)
GCF_049306965.1_GRCz12tu	zebrafish (GRCz12tu Tuebingen 2025)
GCA_903684865.1_fDreABH1.1	zebrafish (WGS:CAHPTA01 2020)
GCA_903684855.2_fDreTuH1.2	zebrafish (WGS:CAHPTB02 2020)
GCA_944039275.1_fDanRer4.1	zebrafish (WGS:CALUEM01 primary hap 2022)
GCF_000002035.6_GRCz11	zebrafish GRCz11
GCA_900700395.1_fMasArm1.2_alternate_haplotype	zig-zag eel (alternate hap)
GCF_900324485.2_fMasArm1.2	zig-zag eel (v1.2 2019 refseq)
GCA_900324485.3_fMasArm1.3	zig-zag eel (v1.3 2021 genbank)
