GCF_009729015.1_ASM972901v1	Acidianus ambivalens (LEI 10 2019)
GCF_003201835.2_ASM320183v2	Acidianus brierleyi (DSM 1651 2020)
GCF_000213215.1_ASM21321v1	Acidianus hospitalis (W1 2011)
GCF_009729545.1_ASM972954v1	Acidianus infernus (DSM 3191 2019)
GCF_002116695.1_ASM211669v1	Acidianus manzaensis (YN-25 2017)
GCF_003201765.2_ASM320176v2	Acidianus sulfidivorans (JP7 2020)
GCF_000144915.1_ASM14491v1	Acidilobus saccharovorans (345-15 2010)
GCF_001402945.1_ASM140294v1	Acidiplasma aeolicum (VT 2015)
GCF_001402935.1_ASM140293v1	Acidiplasma cupricumulans (BH2 2015)
GCF_027563145.1_ASM2756314v1	Actinarchaeum halophilum (YIM 93972 2023)
GCF_000591035.1_ASM59103v1	Aeropyrum camini JCM 12091 (SY1 2013)
GCF_000011125.1_ASM1112v1	Aeropyrum pernix (K1 2006)
GCF_000008665.1_ASM866v1	Archaeoglobus fulgidus (DSM 4304 2000)
GCF_016757965.1_ASM1675796v1	Archaeoglobus neptunius (SE56 2021)
GCF_000025285.1_ASM2528v1	Archaeoglobus profundus (DSM 5631 2010)
GCF_000385565.1_ASM38556v1	Archaeoglobus sulfaticallidus (PM70-1 2013)
GCF_000194625.1_ASM19462v1	Archaeoglobus veneficus (SNP6 2011)
GCF_000317795.1_ASM31779v1	Caldisphaera lagunensis (DSM 15908 2012)
GCF_000018305.1_ASM1830v1	Caldivirga maquilingensis (IC-167 2007)
GCF_000632495.1_AciCop1.0	Candidatus Acidianus copahuensis (ALE1 2014)
GCF_000495475.1_Htyrrel1.0	Candidatus Halobonum tyrrellensis (G22 2013)
GCF_000019605.1_ASM1960v1	Candidatus Korarchaeum cryptofilum (OPF8 2008)
GCF_002214165.1_ASM221416v1	Candidatus Mancarchaeum acidiphilum (Mia14 2017)
GCF_964305265.1_EST-A-0151_MX-02-sp006954405	Candidatus Methanarcanum hacksteinii (EST-A-0151 2024)
GCF_029167205.1_ASM2916720v1	Candidatus Methanocrinis alkalitolerans (M04Ac 2023)
GCF_029167045.1_ASM2916704v1	Candidatus Methanocrinis natronophilus (Mx 2023)
GCF_902383905.1_UHGG_MGYG-HGUT-02160	Candidatus Methanomassiliicoccus intestinalis (MGYG-HGUT-02160 2019)
GCF_000685155.1_ANME2D_V10	Candidatus Methanoperedens nitroreducens (ANME-2d 2014)
GCF_000800805.1_ASM80080v1	Candidatus Methanoplasma termitum (MpT1 2014)
GCF_028890305.1_ASM2889030v1	Candidatus Methanosphaera massiliense (Vir-13MRS 2023)
GCF_003086415.1_ASM308641v2	Candidatus Nanobsidianus stetteri (SCGC AB-777_F03 2021)
GCF_009617975.1_ASM961797v1	Candidatus Nanohalobium constans (LC1Nh 2019)
GCF_029207735.1_ASM2920773v1	Candidatus Nanohalococcus occultus (SVXNc 2023)
GCF_029232205.1_ASM2923220v1	Candidatus Nanohalovita haloferacivicina (BNXNv 2023)
GCF_920984865.1_Q6268	Candidatus Nanopusillus massiliensis (Marseille-2021)
GCF_000241145.1_ASM24114v2	Candidatus Nitrosarchaeum limnium (BG20 2012)
GCF_900248165.1_Nitrosocaldus_cavascurensis_SCU2_chromosome	Candidatus Nitrosocaldus cavascurensis (SCU2 2018)
GCF_002906215.1_ASM290621v1	Candidatus Nitrosocaldus islandicus (3F 2018)
GCF_002156965.1_ASM215696v1	Candidatus Nitrosomarinus catalina (SPOT01 2017)
GCF_000812185.1_ASM81218v1	Candidatus Nitrosopelagicus brevis (CN25 2014)
GCF_000299365.1_ASM29936v1	Candidatus Nitrosopumilus koreensis (AR1 2012)
GCF_000242875.2_ASM24287v3	Candidatus Nitrosopumilus salarius (BD31 2012)
GCF_000299395.1_ASM29939v1	Candidatus Nitrosopumilus sediminis (AR2 2012)
GCF_000730285.1_ASM73028v1	Candidatus Nitrososphaera evergladensis (SR1 2014)
GCF_000303155.1_ASM30315v1	Candidatus Nitrososphaera gargensis (enrichment culture Ga9.2 2012)
GCF_900167955.1_ASM90016795v1	Candidatus Nitrosotalea bavarica (SBT1 2017)
GCF_900177045.1_Candidatus_Nitrosotalea_koreensis_CS_whole_genome	Candidatus Nitrosotalea okcheonensis (NCS1 2017)
GCF_002787055.1_ASM278705v1	Candidatus Nitrosotenuis aquarius (AQ6F 2017)
GCF_000685395.1_NKMY2	Candidatus Nitrosotenuis chungbukensis (MY2 2014)
GCF_000955905.1_ASM95590v3	Candidatus Nitrosotenuis cloacae (SAT1 2015)
GCF_000723185.1_APF_1883_PRJEB4650	Candidatus Nitrosotenuis uzonensis (N4 2013)
GCF_013340765.1_NAS2_1.0	Conexivisphaera calida (NAS-02 2019)
GCF_900083515.1_ASM90008351v1	Cuniculiplasma divulgatum (S5T =JCM 30642; =VKM B-2941 2016)
GCF_000231015.2_ASM23101v3	Desulfurococcus amylolyticus (DSM 16532 2012)
GCF_000186365.1_ASM18636v1	Desulfurococcus mucosus (DSM 2162 2011)
GCF_000025505.1_ASM2550v1	Ferroglobus placidus (DSM 10642 2010)
GCF_000152265.2_ASM15226v2	Ferroplasma acidarmanus (Fer1 2013)
GCF_002078355.1_ASM207835v1	Ferroplasma acidiphilum (Y 2017)
GCF_000258425.1_ASM25842v1	Fervidicoccus fontis (Kam940 2012)
GCF_039641995.1_ASM3964199v1	Geoglobus acetivorans (SBH6 2024)
GCF_001006045.1_ASM100604v1	Geoglobus ahangari (234 2015)
GCF_026248685.1_ASM2624868v1	Haladaptatus caseinilyticus (ZJ1 2022)
GCF_000710615.1_HAPD43.1	Haladaptatus cibarius (D43 2014)
GCF_020618475.1_ASM2061847v1	Haladaptatus halobius (PSR5 2021)
GCF_900156425.1_IMG-taxon_2681812914_annotated_assembly	Haladaptatus litoreus (CGMCC 1.7737 2017)
GCF_020700235.1_ASM2070023v1	Haladaptatus pallidirubidus (YIM 93656 2021)
GCF_900142335.1_IMG-taxon_2698536698_annotated_assembly	Haladaptatus paucihalophilus (DX253 2016)
GCF_020614375.1_ASM2061437v1	Haladaptatus salinisoli (PSR8 2021)
GCF_002952775.1_ASM295277v1	Halalkaliarchaeum desulfuricum (AArc-Sl 2018)
GCF_000196895.1_ASM19689v1	Halalkalicoccus jeotgali (B3 2010)
GCF_037081715.1_ASM3708171v1	Halalkalicoccus ordinarius (CG83 2024)
GCF_001593955.1_ASM159395v1	Halalkalicoccus paucihalophilus (DSM 24557 2016)
GCF_036584055.1_ASM3658405v1	Halalkalicoccus salilacus (FCH27 2024)
GCF_003697815.1_ASM369781v1	Halalkalicoccus subterraneus (GSM28 2018)
GCF_037996645.1_ASM3799664v1	Halalkalicoccus tibetensis (CGMCC 1.3240 2024)
GCF_005543295.1_ASM554329v1	Halalkalirubrum salinum (N1521 2019)
GCF_001011115.1_ASM101111v1	Halanaeroarchaeum sulfurireducens (HSR2 2015)
GCF_017094525.1_ASM1709452v1	Halapricum desulfuricans (HSR12-2 2021)
GCF_025517535.1_ASM2551753v1	Halapricum hydrolyticum (HArc-curdl5-1 2022)
GCF_004799665.1_ASM479966v1	Halapricum salinum (CBA1105 2019)
GCF_000474235.1_ASM47423v1	Halarchaeum acidiphilum MH1-52-1 (JCM 16109 2013)
GCF_014647455.2_ASM1464745v2	Halarchaeum grantii (JCM 19585 2020)
GCF_014647155.1_ASM1464715v1	Halarchaeum nitratireducens (JCM 16331 2020)
GCF_014647115.1_ASM1464711v1	Halarchaeum rubridurum (JCM 16108 2020)
GCF_039520965.1_ASM3952096v1	Halarchaeum salinum (JCM 16330 2024)
GCF_017874695.1_ASM1787469v1	Halarchaeum solikamskense (DSM 26612 2021)
GCF_002844195.1_ASM284419v1	Halegenticoccus soli (SYSU A9-0 2017)
GCF_004116405.1_ASM411640v1	Halegenticoccus tardaugens (SYSU A00711 2019)
GCF_026616195.1_ASM2661619v1	Haloarchaeobius amylolyticus (XD48 2022)
GCF_042683225.1_ASM4268322v1	Haloarchaeobius iranensis (IBRC-M 10013 2024)
GCF_024495425.1_ASM2449542v1	Haloarchaeobius litoreus (GX1 2022)
GCF_024464185.1_ASM2446418v1	Haloarchaeobius salinus (YC82 2022)
GCF_000336615.1_ASM33661v1	Haloarcula amylolytica (JCM 13557 2013)
GCF_004681185.1_ASM468118v1	Haloarcula amylovorans (LR21 2019)
GCF_031624295.1_ASM3162429v1	Haloarcula argentinensis (JCM 15760 2023)
GCF_037078405.1_ASM3707840v1	Haloarcula brevis (DT43 2024)
GCF_029338255.1_ASM2933825v1	Haloarcula halobia (XH51 2023)
GCF_029278565.1_ASM2927856v1	Haloarcula halophila (DFY41 2023)
GCF_000223905.1_ASM22390v1	Haloarcula hispanica ATCC 33960 (CGMCC 1.2049 2011)
GCF_039545195.1_ASM3954519v1	Haloarcula japonica (NBRC 101032 2024)
GCF_025457605.1_ASM2545760v1	Haloarcula laminariae (LYG-108 2022)
GCF_010119205.1_ASM1011920v1	Haloarcula limicola (YGHS32 2020)
GCF_029338195.1_ASM2933819v1	Haloarcula litorea (GDY20 2023)
GCF_005406125.1_ASM540612v1	Haloarcula mannanilytica (MD-130 2019)
GCF_024218775.1_ASM2421877v1	Haloarcula marina (DT1 2022)
GCF_000011085.1_ASM1108v1	Haloarcula marismortui (ATCC 43049 2004)
GCF_035666295.1_ASM3566629v1	Haloarcula montana (GH36 2024)
GCF_019599505.1_ASM1959950v1	Haloarcula nitratireducens (F27 2021)
GCF_031624605.1_ASM3162460v1	Haloarcula onubensis (S3CR25-11 2023)
GCF_029338275.1_ASM2933827v1	Haloarcula ordinaria (ZS-22-S1 2023)
GCF_030127105.1_ASM3012710v1	Haloarcula pelagica (YJ-61-S 2023)
GCF_019599515.1_ASM1959951v1	Haloarcula pellucida (CECT 7537 2021)
GCF_003634715.1_ASM363471v1	Haloarcula quadrata (DSM 11927 2018)
GCF_029338235.1_ASM2933823v1	Haloarcula rara (SHR3 2023)
GCF_029338315.1_ASM2933831v1	Haloarcula regularis (SYNS111 2023)
GCF_019599465.1_ASM1959946v1	Haloarcula rubra (F13 2021)
GCF_001280425.1_ASM128042v1	Haloarcula rubripromontorii (SL3 2015)
GCF_010119195.1_ASM1011919v1	Haloarcula salina (YGHS18 2020)
GCF_019599405.1_ASM1959940v1	Haloarcula salinisoli (F24A 2021)
GCF_031624395.1_ASM3162439v1	Haloarcula saliterrae (S1CR25-12 2023)
GCF_014647415.1_ASM1464741v1	Haloarcula sebkhae (JCM 19018 2020)
GCF_035656455.1_ASM3565645v1	Haloarcula sediminis (CK38 2024)
GCF_031624315.1_ASM3162431v1	Haloarcula terrestris (S1AR25-5A 2023)
GCF_900106715.1_IMG-taxon_2693429892_annotated_assembly	Haloarcula vallismortis (DSM 3756 2016)
GCF_009831555.1_ASM983155v1	Halobacterium bonnevillei (PCN9 2020)
GCF_001488575.1_Halobacterium_hubeiense_JI20-1	Halobacterium hubeiense (JI20-1 2015)
GCF_900110535.1_IMG-taxon_2617270915_annotated_assembly	Halobacterium jilantaiense (CGMCC 1.5337 2016)
GCF_021233415.1_ASM2123341v1	Halobacterium litoreum (ZS-54-S2 2021)
GCF_021233435.1_ASM2123343v1	Halobacterium noricense (JCM 15102 2021)
GCF_029872365.1_ASM2987236v1	Halobacterium rubrum (R9-3 2023)
GCF_004799605.1_ASM479960v1	Halobacterium salinarum (91-R6 2019)
GCF_021249345.1_ASM2124934v1	Halobacterium wangiae (Gai3-17 2021)
GCF_037031165.1_ASM3703116v1	Halobacterium yunchengense (YCN1 2024)
GCF_021249405.1_ASM2124940v1	Halobacterium zhouii (XZYJT26 2021)
GCF_900129775.1_IMG-taxon_2695420988_annotated_assembly	Halobaculum gomorrense (DSM 9297 2016)
GCF_030127145.1_ASM3012714v1	Halobaculum halobium (SYNS20 2023)
GCF_029490015.1_ASM2949001v1	Halobaculum limi (YSMS11 2023)
GCF_030127165.1_ASM3012716v1	Halobaculum lipolyticum (DT31 2023)
GCF_030127125.1_ASM3012712v1	Halobaculum litoreum (DT92 2023)
GCF_019823105.1_ASM1982310v1	Halobaculum magnesiiphilum (NBRC 109044 2021)
GCF_029338555.1_ASM2933855v1	Halobaculum marinum (DT55 2023)
GCF_040025155.1_ASM4002515v1	Halobaculum rarum (QDC11 2024)
GCF_019880245.1_ASM1988024v1	Halobaculum roseum (CGMCC 1.15501 2021)
GCF_019880225.1_ASM1988022v1	Halobaculum rubrum (C46 2021)
GCF_009831625.1_ASM983162v1	Halobaculum saliterrae (WSA2 2020)
GCF_007655485.1_ASM765548v1	Halobellus captivus (ZY21 2019)
GCF_900107195.1_IMG-taxon_2617270777_annotated_assembly	Halobellus clavatus (CGMCC 1.10118 2016)
GCF_024498335.1_ASM2449833v1	Halobellus inordinatus (DSM 26177 2022)
GCF_900108165.1_IMG-taxon_2619618869_annotated_assembly	Halobellus limi (CGMCC 1.10331 2016)
GCF_024464595.1_ASM2446459v1	Halobellus litoreus (GX31 2022)
GCF_032113415.1_ASM3211341v1	Halobellus marinus (DFY28 2023)
GCF_031823395.1_ASM3182339v1	Halobellus ordinarius (ZY16 2023)
GCF_024494595.1_ASM2449459v1	Halobellus rarus (YC21 2022)
GCF_014212355.1_ASM1421235v1	Halobellus ruber (MBLA0160 2020)
GCF_041477585.1_ASM4147758v1	Halobellus rubicundus (MBLA0158 2024)
GCF_000739575.1_ASM73957v1	Halobellus rufus (CBA1103 2014)
GCF_037031285.1_ASM3703128v1	Halobellus salinisoli (LT62 2024)
GCF_014646875.1_ASM1464687v1	Halobellus salinus (JCM 14359 2020)
GCF_000337895.1_ASM33789v1	Halobiforma nitratireducens (JCM 10879 2013)
GCF_026586625.1_ASM2658662v1	Halobium salinum (YJ-8-S 2022)
GCF_014647475.1_ASM1464747v1	Halocalculus aciditolerans (JCM 19596 2020)
GCF_023276375.1_ASM2327637v1	Halocatena marina (DFN5 2022)
GCF_003862495.1_ASM386249v1	Halocatena pleomorpha (SPP-AMP-1 2018)
GCF_023115355.1_ASM2311535v1	Halocatena salina (AD-1 2022)
GCF_003058365.1_ASM305836v1	Halococcoides cellulosivorans (HArcel1T 2018)
GCF_000334895.1_ASM33489v1	Halococcus agarilyticus (197A 2013)
GCF_022870485.1_ASM2287048v1	Halococcus dombrowskii (H4 2022)
GCF_000336675.1_ASM33667v1	Halococcus hamelinensis (100A6 2013)
GCF_000336695.1_ASM33669v1	Halococcus morrhuae (DSM 1307 2013)
GCF_024508235.1_ASM2450823v1	Halococcus qingdaonensis (CGMCC 1.4243 2022)
GCF_000336915.1_ASM33691v1	Halococcus saccharolyticus (DSM 5350 2013)
GCF_000336935.1_ASM33693v1	Halococcus salifodinae (DSM 8989 2013)
GCF_009900715.1_ASM990071v1	Halococcus salsus (ZJ1 2020)
GCF_000755245.1_ASM75524v1	Halococcus sediminicola (CBA1101 2014)
GCF_000336715.1_ASM33671v1	Halococcus thailandensis (JCM 13552 2013)
GCF_001886955.1_ASM188695v1	Halodesulfurarchaeum formicicum (HSR6 2016)
GCF_042663345.1_ASM4266334v1	Haloferax chudinovii (DSM 26526 2024)
GCF_000337795.1_ASM33779v1	Haloferax denitrificans (ATCC 35960 2013)
GCF_000336755.1_ASM33675v1	Haloferax elongans (ATCC BAA-1513 2013)
GCF_001190965.1_ASM119096v1	Haloferax gibbonsii (ARA6 2015)
GCF_024730625.1_ASM2473062v1	Haloferax larsenii (NCIM 5678 2022)
GCF_009674605.1_ASM967460v1	Haloferax litoreum (MBLA0076 2019)
GCF_009674585.1_ASM967458v1	Haloferax marinisediminis (MBLA0077 2019)
GCF_009674625.1_ASM967462v1	Haloferax marinum (MBLA0078 2019)
GCF_001469875.2_ASM146987v2	Haloferax marisrubri (SB3 2018)
GCF_001368915.1_PRJEB5949_assembly_1	Haloferax massiliensis (Arc-Hr 2015)
GCF_005406325.1_ASM540632v1	Haloferax mediterranei (ATCC 33500 2019)
GCF_000337815.1_ASM33781v1	Haloferax mucosum (ATCC BAA-1512 2013)
GCF_042663225.1_ASM4266322v1	Haloferax namakaokahaiae (DSM 29988 2024)
GCF_000025685.1_ASM2568v1	Haloferax phenon K (DS2 2010)
GCF_000723845.1_PRJEB5511_assembly_1	Haloferax prahovense (Arc-Hr 2014)
GCF_001469865.1_ASM146986v1	Haloferax profundi (SB29 2015)
GCF_014635105.1_ASM1463510v1	Haloferax sulfurifontis (CCM 7217 2020)
GCF_000172995.2_ASM17299v2	Halogeometricum borinquense (DSM 11551 2010)
GCF_900115785.1_IMG-taxon_2617270895_annotated_assembly	Halogeometricum limi (CGMCC 1.8711 2016)
GCF_031624635.1_ASM3162463v1	Halogeometricum luteum (S3BR25-2 2023)
GCF_000337095.1_ASM33709v1	Halogeometricum pallidum (JCM 14848 2013)
GCF_900112175.1_IMG-taxon_2617270920_annotated_assembly	Halogeometricum rufum (CGMCC 1.7736 2016)
GCF_031624495.1_ASM3162449v1	Halogeometricum salsisoli (S1BR25-6 2023)
GCF_024298885.1_ASM2429888v1	Haloglomus halophilum (ZY41 2022)
GCF_007421925.1_ASM742192v1	Haloglomus irregulare (F16-60 2019)
GCF_029338515.1_ASM2933851v1	Haloglomus litoreum (DT116 2023)
GCF_024298825.1_ASM2429882v1	Haloglomus salinum (ZY58 2022)
GCF_900110465.1_IMG-taxon_2617270928_annotated_assembly	Halogranum amylolyticum (CGMCC 1.10121 2016)
GCF_900103715.1_IMG-taxon_2617270902_annotated_assembly	Halogranum gelatinilyticum (CGMCC 1.10119 2016)
GCF_900114455.1_IMG-taxon_2619618990_annotated_assembly	Halogranum rubrum (CGMCC 1.7738 2016)
GCF_002788215.1_ASM278821v1	Halohasta litchfieldiae (tADL 2017)
GCF_024494645.1_ASM2449464v1	Halohasta litorea (R30 2022)
GCF_024178165.1_ASM2417816v1	Halohasta salina (GSL13 2022)
GCF_026616205.1_ASM2661620v1	Halolamina litorea (YJ-41 2022)
GCF_900115675.1_IMG-taxon_2663762745_annotated_assembly	Halolamina pelagica (CGMCC 1.10329 2016)
GCF_000739555.1_ASM73955v1	Halolamina rubra (CBA1107 2014)
GCF_017874235.1_ASM1787423v1	Halolamina salifodinae (DSM 26232 2021)
GCF_042678005.1_ASM4267800v1	Halolamina salina (CGMCC 1.12285 2024)
GCF_001282785.1_halo7	Halolamina sediminis (2015)
GCF_029338575.1_ASM2933857v1	Halomarina halobia (PSR21 2023)
GCF_024227715.1_ASM2422771v1	Halomarina litorea (BCD28 2022)
GCF_030553305.1_ASM3055330v1	Halomarina ordinaria (PSRA2 2023)
GCF_009791395.1_ASM979139v1	Halomarina oriensis (JCM 16495 2019)
GCF_024228315.1_ASM2422831v1	Halomarina pelagica (BND7 2022)
GCF_023699475.1_ASM2369947v1	Halomarina rubra (ZS-47-S 2022)
GCF_023074835.1_ASM2307483v1	Halomarina salina (ZS-57-S 2022)
GCF_000379085.1_ASM37908v1	Halomicrobium katesii (DSM 19301 2013)
GCF_000023965.1_ASM2396v1	Halomicrobium mukohataei (DSM 12286 2009)
GCF_020405185.1_ASM2040518v1	Halomicrobium salinisoli (LT50 2021)
GCF_020217425.1_ASM2021742v1	Halomicrobium urmianum (IBRC-M: 10911 2021)
GCF_900114435.1_IMG-taxon_2667527389_annotated_assembly	Halomicrobium zhouii (CGMCC 1.10457 2016)
GCF_024227995.1_ASM2422799v1	Halomicrococcus gelatinilyticus (GSLN9 2022)
GCF_029338335.1_ASM2933833v1	Halomontanus rarus (TS33 2023)
GCF_003605575.1_ASM360557v1	Halonotius aquaticus (F13-13 2018)
GCF_003605635.1_ASM360563v1	Halonotius pteroides (CECT 7525 2018)
GCF_006861655.1_ASM686165v1	Halonotius roseus (F9-27 2019)
GCF_006861665.1_ASM686166v1	Halonotius terrestris (F15B 2019)
GCF_050122995.1_ASM5012299v1	Haloparvum alkalitolerans (MK62-1 2025)
GCF_001462205.1_HalopeDYS1.0	Haloparvum sedimenti (DYS4 2015)
GCF_042662625.1_ASM4266262v1	Halopelagius fulvigenes (YIM 94188 2024)
GCF_900113245.1_IMG-taxon_2617270917_annotated_assembly	Halopelagius inordinatus (CGMCC 1.7739 2016)
GCF_900100875.1_IMG-taxon_2671180169_annotated_assembly	Halopelagius longus (CGMCC 1.12397 2016)
GCF_900108505.1_IMG-taxon_2651870118_annotated_assembly	Halopenitus malekzadehii (IBRC-M10418 2016)
GCF_002355635.1_ASM235563v1	Halopenitus persicus (CBA1233 2016)
GCF_042662125.1_ASM4266212v1	Halopenitus salinus (SKJ47 2024)
GCF_003610195.1_ASM361019v1	Halopiger aswanensis (DSM 13151 2018)
GCF_000455365.1_HdjelfamassiliensisIIH2	Halopiger djelfimassiliensis (IIH2 2013)
GCF_000455345.1_Halgo	Halopiger goleimassiliensis (IIH3 2013)
GCF_000217715.1_ASM21771v1	Halopiger xanaduensis (SH-6 2011)
GCF_003856835.1_ASM385683v1	Haloplanus aerogenes (JCM 16430 2018)
GCF_023276355.1_ASM2327635v1	Haloplanus halobius (XH21 2022)
GCF_023703775.1_ASM2370377v1	Haloplanus halophilus (GDY1 2022)
GCF_042663605.1_ASM4266360v1	Haloplanus litoreus (GX21 2024)
GCF_000427685.1_ASM42768v1	Haloplanus natans (DSM 17983 2013)
GCF_023703795.1_ASM2370379v1	Haloplanus pelagicus (HW8-1 2022)
GCF_009762275.1_ASM976227v1	Haloplanus rallus (MBLA0036 2019)
GCF_024494725.1_ASM2449472v1	Haloplanus ruber (R35 2022)
GCF_003342675.1_ASM334267v1	Haloplanus rubicundus (CBA1112 2018)
GCF_037201915.1_ASM3720191v1	Haloplanus salilacus (CK5-1 2024)
GCF_024498175.1_ASM2449817v1	Haloplanus salinarum (JCM 31424 2022)
GCF_003336245.1_ASM333624v1	Haloplanus salinus (JCM 18368 2018)
GCF_900107665.1_IMG-taxon_2617270898_annotated_assembly	Haloplanus vescus (CGMCC 1.8712 2016)
GCF_020097835.1_ASM2009783v1	Haloprofundus halobius (SEDH52 2021)
GCF_003439925.1_ASM343992v1	Haloprofundus halophilus (NK23 2018)
GCF_001469955.1_ASM146995v1	Haloprofundus marisrubri (SB9 2015)
GCF_020150815.1_ASM2015081v1	Haloprofundus salilacus (Gai1-5 2021)
GCF_020097815.1_ASM2009781v1	Haloprofundus salinisoli (SQT7-1 2021)
GCF_000009185.1_ASM918v1	Haloquadratum walsbyi (DSM 16790 = HBSQ001 2006)
GCF_024298865.1_ASM2429886v1	Halorarius halobius (ZY10 2022)
GCF_024362405.1_ASM2436240v1	Halorarius litoreus (BND22 2022)
GCF_032116555.1_ASM3211655v1	Halorarum halobium (XH14 2023)
GCF_013401515.1_ASM1340151v1	Halorarum halophilum (Gai3-2 2020)
GCF_013402875.1_ASM1340287v1	Halorarum salinum (NJ-3-1 2020)
GCF_004944975.1_ASM494497v1	Halorhabdus amylolytica (H27 2019)
GCF_900880625.1_WSM64	Halorhabdus rudnickae (2019)
GCF_013839425.1_ASM1383942v1	Halorhabdus salina (FL145 2020)
GCF_000470655.1_HATI1	Halorhabdus tiamatea (type strain: SARL4B 2013)
GCF_000023945.1_ASM2394v1	Halorhabdus utahensis (DSM 12940 2009)
GCF_023077655.1_ASM2307765v1	Halorientalis brevis (YC89 2022)
GCF_037031225.1_ASM3703122v1	Halorientalis halophila (LT38 2024)
GCF_023028225.1_ASM2302822v1	Halorientalis litorea (ZY14 2022)
GCF_023028345.1_ASM2302834v1	Halorientalis marina (GDY88 2022)
GCF_004118325.1_ASM411832v1	Halorientalis pallida (F13-25 2019)
GCF_900110215.1_IMG-taxon_2654588107_annotated_assembly	Halorientalis persicus (IBRC-M 10043 2016)
GCF_023698535.1_ASM2369853v1	Halorientalis regularis (TNN28 2022)
GCF_005049285.1_ASM504928v1	Halorientalis salina (NEN8 2019)
GCF_037081675.1_ASM3708167v1	Halorubellus litoreus (GX26 2024)
GCF_020567525.1_ASM2056752v1	Halorubellus salinus (GX3 2021)
GCF_001542905.1_ASM154290v1	Halorubrum aethiopicum (SAH-A6 2016)
GCF_000336995.1_ASM33699v1	Halorubrum aidingense (JCM 13560 2013)
GCF_017873815.1_ASM1787381v1	Halorubrum alkaliphilum (DSM 23564 2021)
GCF_004114995.1_ASM411499v1	Halorubrum amylolyticum (ZC67 2019)
GCF_900113615.1_IMG-taxon_2617270873_annotated_assembly	Halorubrum aquaticum (CGMCC 1.6377 2019)
GCF_000336875.1_ASM33687v1	Halorubrum californiense (DSM 19288 2013)
GCF_900182635.1_IMG-taxon_2724679794_annotated_assembly	Halorubrum cibi (DSM 19504 2019)
GCF_000337035.1_ASM33703v1	Halorubrum coriense (DSM 10284 2013)
GCF_007671725.1_ASM767172v1	Halorubrum depositum (Y78 2019)
GCF_000337395.1_ASM33739v1	Halorubrum distributum (JCM 13561 2013)
GCF_039522565.1_ASM3952256v1	Halorubrum ejinorense (JCM 14265 2024)
GCF_004126515.1_ASM412651v1	Halorubrum ezzemoulense (Fb21 2019)
GCF_042657325.1_ASM4265732v1	Halorubrum glutamatedens (CGMCC 1.16026 2024)
GCF_002252985.1_ASM225298v1	Halorubrum halodurans (Cb34 2017)
GCF_000739595.1_ASM73959v1	Halorubrum halophilum (B8 2014)
GCF_023702125.1_ASM2370212v1	Halorubrum hochsteinianum (1-13-28 2022)
GCF_000337355.1_ASM33735v1	Halorubrum kocurii (JCM 14978 2013)
GCF_000022205.1_ASM2220v1	Halorubrum lacusprofundi (ATCC 49239 2009)
GCF_024494655.1_ASM2449465v1	Halorubrum laminariae (R60 2022)
GCF_000337375.1_ASM33737v1	Halorubrum lipolyticum (DSM 21995 2013)
GCF_041379815.1_ASM4137981v1	Halorubrum miltondacostae (RMP-11 2024)
GCF_002727125.1_ASM272712v1	Halorubrum persicum (C49 2017)
GCF_018228765.1_ASM1822876v1	Halorubrum ruber (MBLA0099 2021)
GCF_024494685.1_ASM2449468v1	Halorubrum rubrum (YC87 2022)
GCF_024494565.1_ASM2449456v1	Halorubrum rutilum (YJ-18-S1 2022)
GCF_000337915.1_ASM33791v1	Halorubrum saccharovorum (DSM 1137 2013)
GCF_013267195.1_ASM1326719v1	Halorubrum salinarum (RHB-C 2020)
GCF_024494575.1_ASM2449457v1	Halorubrum salinum (GX71 2022)
GCF_002286985.1_ASM228698v1	Halorubrum salipaludis (WN019 2017)
GCF_007671685.1_ASM767168v1	Halorubrum salsamenti (Y69 2019)
GCF_900111935.1_IMG-taxon_2617270732_annotated_assembly	Halorubrum sodomense (RD 26 2016)
GCF_000337415.1_ASM33741v1	Halorubrum tebenquichense (DSM 14210 2013)
GCF_042661865.1_ASM4266186v1	Halorubrum tibetense (CGMCC 1.3239 2024)
GCF_017873555.1_ASM1787355v1	Halorubrum trapanicum (DSM 12287 2021)
GCF_001280455.1_ASM128045v1	Halorubrum tropicale (5 2015)
GCF_042662525.1_ASM4266252v1	Halorubrum trueperi (Y73 2024)
GCF_900188065.1_IMG-taxon_2724679803_annotated_assembly	Halorubrum vacuolatum (DSM 8800 2017)
GCF_900102375.1_IMG-taxon_2617270761_annotated_assembly	Halorubrum xinjiangense (CGMCC 1.3527 2019)
GCF_026586675.1_ASM2658667v1	Halorubrum yunnanense (Q85 2022)
GCF_004143485.2_ASM414348v2	Halorussus amylolyticus (YC93 2020)
GCF_024218795.1_ASM2421879v1	Halorussus aquaticus (XZYJ18 2022)
GCF_029338395.1_ASM2933839v1	Halorussus caseinilyticus (DT72 2023)
GCF_023238445.1_ASM2323844v1	Halorussus gelatinilyticus (XZYJT40 2022)
GCF_004765805.1_ASM476580v1	Halorussus halobius (HD8-83 2019)
GCF_008831545.1_ASM883154v1	Halorussus halophilus (ZS-3 2019)
GCF_023238205.1_ASM2323820v1	Halorussus limi (XZYJT49 2022)
GCF_029338375.1_ASM2933837v1	Halorussus lipolyticus (DT80 2023)
GCF_003382685.1_ASM338268v1	Halorussus litoreus (HD8-51 2018)
GCF_004521895.1_ASM452189v1	Halorussus marinus (DLLS-82 2019)
GCF_004087835.1_ASM408783v1	Halorussus pelagicus (RC-68 2019)
GCF_003369835.1_ASM336983v1	Halorussus rarus (TBN4 2018)
GCF_004765785.1_ASM476578v1	Halorussus ruber (YC25 2019)
GCF_024138125.1_ASM2413812v1	Halorussus salilacus (YCN54 2022)
GCF_005239435.1_ASM523943v1	Halorussus salinisoli (LT46 2019)
GCF_004765815.2_ASM476581v2	Halorussus salinus (YJ-37-H 2020)
GCF_024138165.1_ASM2413816v1	Halorussus vallis (XZYJT10 2022)
GCF_026242195.1_ASM2624219v1	Halorutilus salinus (F3-133 2022)
GCF_009663395.1_ASM966339v1	Halosegnis longus (F12-1 2019)
GCF_029338355.1_ASM2933835v1	Halosegnis marinus (DT85 2023)
GCF_009184545.1_ASM918454v1	Halosegnis rubeus (F17-44 2019)
GCF_028747785.1_ASM2874778v1	Halosimplex aquaticum (XZYJT29 2023)
GCF_000337455.1_ASM33745v1	Halosimplex carlsbadense 2-9-1 (2/9/2001 2013)
GCF_004698125.1_ASM469812v1	Halosimplex halophilum (TH32 2019)
GCF_016065055.1_ASM1606505v1	Halosimplex litoreum (YGH94 2020)
GCF_013415905.1_ASM1341590v1	Halosimplex pelagicum (R2 2020)
GCF_047715405.1_ASM4771540v1	Halosimplex rarum (TS25 2025)
GCF_013415885.1_ASM1341588v1	Halosimplex rubrum (R27 2020)
GCF_003730195.1_ASM373019v1	Halosimplex salinum (YPL4 2018)
GCF_023566055.1_ASM2356605v1	Halosolutus amylolyticus (WLHS5 2022)
GCF_023028105.1_ASM2302810v1	Halosolutus gelatinilyticus (SQT-29-1 2022)
GCF_022869805.1_ASM2286980v1	Halosolutus halophilus (LT55 2022)
GCF_029814175.1_ASM2981417v1	Halospeciosus flavus (XZGYJ-43 2023)
GCF_900116205.1_IMG-taxon_2639762563_annotated_assembly	Halostagnicola kamekurae (DSM 22427 2016)
GCF_000517625.1_ASM51762v1	Halostagnicola larsenii (XH-48 2014)
GCF_003675875.1_ASM367587v1	Halostella limicola (LT12 2018)
GCF_004785955.1_ASM478595v1	Halostella litorea (DLLS-108 2019)
GCF_004762015.1_ASM476201v1	Halostella pelagica (LYG-109 2019)
GCF_003675855.1_ASM367585v1	Halostella salina (CBA1114 2018)
GCF_017352155.2_ASM1735215v2	Haloterrigena alkaliphila (KZCA68 2021)
GCF_013342135.1_ASM1334213v1	Haloterrigena gelatinilytica (SYSU A121-1 2020)
GCF_016906025.1_ASM1690602v1	Haloterrigena salifodinae (BOL5-1 2021)
GCF_000337495.1_ASM33749v1	Haloterrigena salina (JCM 13891 2013)
GCF_037914945.1_ASM3791494v1	Haloterrigena salinisoli (KLK7 2024)
GCF_000025325.1_ASM2532v1	Haloterrigena turkmenica (DSM 5511 2010)
GCF_031852275.1_ASM3185227v1	Halovalidus salilacus (CCL63 2023)
GCF_004015825.1_ASM401582v1	Halovenus amylolytica (SHR40 2019)
GCF_900100385.1_IMG-taxon_2651870124_annotated_assembly	Halovenus aranensis (IBRC-M10015 2016)
GCF_009831575.1_ASM983157v1	Halovenus carboxidivorans (WSH3 2020)
GCF_026586665.1_ASM2658666v1	Halovenus rubra (R28 2022)
GCF_026410925.1_ASM2641092v1	Halovenus salina (JCM 30072 2022)
GCF_000337515.1_ASM33751v1	Halovivax asiaticus (JCM 14624 2013)
GCF_024498195.1_ASM2449819v1	Halovivax cerinus (IBRC-M 10256 2022)
GCF_024300625.1_ASM2430062v1	Halovivax gelatinilyticus (CGA30 2022)
GCF_023093535.1_ASM2309353v1	Halovivax limisalsi (IBRC-M 10022 2022)
GCF_000328525.1_ASM32852v1	Halovivax ruber (XH-70 2012)
GCF_000015145.1_ASM1514v1	Hyperthermus butylicus (DSM 5456 2007)
GCF_000017945.1_ASM1794v1	Ignicoccus hospitalis (KIN4/I 2007)
GCF_001481685.1_ASM148168v1	Ignicoccus islandicus (DSM 13165 2015)
GCF_030186535.1_ASM3018653v1	Ignisphaera cupida (4213-co 2023)
GCF_014876775.1_ASM1487677v1	Infirmifilum lucidum (3507LT 2020)
GCF_000993805.1_ASM99380v1	Infirmifilum uzonense (1807-2 2015)
GCF_000204925.1_ASM20492v1	Metallosphaera cuprina (Ar-4 2011)
GCF_003201675.2_ASM320167v2	Metallosphaera hakonensis JCM 8857 DSM 7519 (HO1-1 2020)
GCF_005222525.1_ASM522252v1	Metallosphaera prunae (Ron 12/II 2019)
GCF_000016605.1_ASM1660v1	Metallosphaera sedula (DSM 5348 2007)
GCF_013343295.1_ASM1334329v1	Metallosphaera tengchongensis (Ric-A 2020)
GCF_000243315.1_ASM24331v1	Metallosphaera yellowstonensis (MK1 2012)
GCF_004363215.1_ASM436321v1	Methanimicrococcus blatticola (DSM 13328 2019)
GCF_032714515.1_ASM3271451v1	Methanimicrococcus hacksteinii (At1 2023)
GCF_032594095.1_ASM3259409v1	Methanimicrococcus hongohii (Hf6 2023)
GCF_032594435.1_ASM3259443v1	Methanimicrococcus stummii (Es2 2023)
GCF_017874455.1_ASM1787445v1	Methanobacterium aggregans (DSM 29428 2021)
GCF_023227715.1_ASM2322771v1	Methanobacterium alcaliphilum (DSM 3459 2022)
GCF_018141185.1_ASM1814118v1	Methanobacterium alkalithermotolerans (CAN 2021)
GCF_000746075.1_ASM74607v1	Methanobacterium arcticum (M2 2014)
GCF_030323845.1_ASM3032384v1	Methanobacterium aridiramus (CWC-01 2023)
GCF_002287175.1_ASM228717v1	Methanobacterium bryantii (M.o.H. 2017)
GCF_900095295.1_MCBB	Methanobacterium congolense (Buetzberg 2016)
GCF_030296715.1_ASM3029671v1	Methanobacterium ferruginis (NBRC 105197 2023)
GCF_001458655.1_Mb9	Methanobacterium formicicum (2015)
GCF_000191585.1_ASM19158v1	Methanobacterium lacus (AL-21 2011)
GCF_050433505.1_ASM5043350v1	Methanobacterium oryzae (DSM 11106 2025)
GCF_000214725.1_ASM21472v1	Methanobacterium paludis (SWAN1 2011)
GCF_017873625.1_ASM1787362v1	Methanobacterium petrolearium (DSM 22353 2021)
GCF_019931065.1_ASM1993106v1	Methanobacterium spitsbergense (VT 2021)
GCF_002813695.1_ASM281369v1	Methanobacterium subterraneum (A8p 2017)
GCF_000745485.1_ASM74548v1	Methanobacterium veterum (MK4 2014)
GCF_046197875.1_117775	Methanobrevibacter acididurans (DSM 15163 2024)
GCF_002072215.1_ASM207221v1	Methanobrevibacter arboriphilus JCM 13429 DSM 1125 (DH1 2017)
GCF_029007355.1_ASM2900735v1	Methanobrevibacter boviskoreani (SUG2185 2023)
GCF_001639295.1_ASM163929v1	Methanobrevibacter curvatus (DSM 11111 2016)
GCF_001639285.1_ASM163928v1	Methanobrevibacter cuticularis (DSM 11139 2016)
GCF_001639265.1_ASM163926v1	Methanobrevibacter filiformis (DSM 11501 2016)
GCF_003814835.1_ASM381483v1	Methanobrevibacter gottschalkii (DSM 11977 2018)
GCF_002252585.1_ASM225258v1	Methanobrevibacter intestini (WWM1085 2017)
GCF_900103415.1_IMG-taxon_2593339167_annotated_assembly	Methanobrevibacter millerae (DSM 16643 2019)
GCF_001563245.1_ASM156324v1	Methanobrevibacter olleyae (YLM1 2016)
GCF_912073625.1_PRJEB46774	Methanobrevibacter oralis (YH 2021)
GCF_000024185.1_ASM2418v1	Methanobrevibacter ruminantium (M1 2010)
GCF_000016525.1_ASM1652v1	Methanobrevibacter smithii 35061 (ATCC 35061; PS; DSMZ 861 2007)
GCF_003111625.1_ASM311162v1	Methanobrevibacter thaueri (DSM 11995 2018)
GCF_003111605.1_ASM311160v1	Methanobrevibacter woesei (DSM 11979 2018)
GCF_000621965.1_ASM62196v1	Methanobrevibacter wolinii (SH 2014)
GCF_024170505.1_ASM2417050v1	Methanocalculus alkaliphilus (AMF2 2022)
GCF_018132105.1_ASM1813210v1	Methanocalculus chunghsingensis (K1F9705b 2021)
GCF_038751955.1_ASM3875195v1	Methanocalculus natronophilus (Z-7105 2024)
GCF_024372745.1_ASM2437274v1	Methanocalculus taiwanensis (P2F9704a 2022)
GCF_000739065.1_ASM73906v1	Methanocaldococcus bathoardescens (JH146 2014)
GCF_000023985.1_ASM2398v1	Methanocaldococcus fervens (AG86 2009)
GCF_049554935.1_ASM4955493v1	Methanocaldococcus indicus (SL43 2025)
GCF_000092305.1_ASM9230v1	Methanocaldococcus infernus (ME 2010)
GCF_000091665.1_ASM9166v1	Methanocaldococcus jannaschii (DSM 2661 1999)
GCF_902827225.1_Methanocaldococcus_lauensis_SG7	Methanocaldococcus lauensis (SG7 2021)
GCF_000371805.1_ASM37180v1	Methanocaldococcus villosus (KIN24-T80 2013)
GCF_000024625.1_ASM2462v1	Methanocaldococcus vulcanius (M7 2009)
GCF_000063445.1_ASM6344v1	Methanocella arvoryzae (MRE50 2006)
GCF_000251105.1_ASM25110v1	Methanocella conradii (HZ254 2012)
GCF_000011005.1_ASM1100v1	Methanocella paludicola (SANAE 2009)
GCF_032878975.1_ASM3287897v1	Methanochimaera problematica (FWC-SCC4 2023)
GCF_031454185.1_ASM3145418v1	Methanococcoides alaskense (DSM 17273 2023)
GCF_000013725.1_ASM1372v1	Methanococcoides burtonii (DSM 6242 2006)
GCF_038432375.1_ASM3843237v1	Methanococcoides cohabitans (LMO-2 2024)
GCF_000765475.1_Mmet_Version1	Methanococcoides methylutens (DSM 2657 2014)
GCF_021184045.1_ASM2118404v1	Methanococcoides orientis (LMO-1 2021)
GCF_023684405.1_ASM2368440v1	Methanococcoides seepicolus (LLY 2022)
GCF_900111645.1_IMG-taxon_2642422537_annotated_assembly	Methanococcoides vulcani (SLH 33 2016)
GCF_000017185.1_ASM1718v1	Methanococcus aeolicus (Nankai-3 2007)
GCF_002945325.1_ASM294532v1	Methanococcus maripaludis (DSM 2067 2018)
GCF_000017165.1_ASM1716v1	Methanococcus vannielii (SB 2007)
GCF_000006175.1_ASM617v2	Methanococcus voltae (A3 2010)
GCF_024807035.1_ASM2480703v1	Methanococcus voltae (PS 2022)
GCF_000430905.1_ASM43090v1	Methanocorpusculum bavaricum (DSM 4179 2013)
GCF_000015765.1_ASM1576v1	Methanocorpusculum labreanum (Z 2007)
GCF_002287215.1_ASM228721v1	Methanocorpusculum parvum (XII 2017)
GCF_026891975.1_ASM2689197v1	Methanocorpusculum petauri (MG 2022)
GCF_026891935.1_ASM2689193v1	Methanocorpusculum vombati (CW153 2022)
GCF_000304355.2_Mb_MS2	Methanoculleus bourgensis MS2 (type strain:MS2 2014)
GCF_032842345.1_ASM3284234v1	Methanoculleus caldifontis (Wushi-C6 2023)
GCF_019669965.1_ASM1966996v1	Methanoculleus chikugoensis (MG62 2021)
GCF_025384765.1_ASM2538476v1	Methanoculleus formosensis (Afa-1 2022)
GCF_030464345.1_ASM3046434v1	Methanoculleus frigidifontis (FWC-SCC1 2023)
GCF_001602375.1_ASM160237v1	Methanoculleus horonobensis (JCM 15517 2016)
GCF_000015825.1_ASM1582v1	Methanoculleus marisnigri (JR1 2007)
GCF_030464365.1_ASM3046436v1	Methanoculleus methanifontis (FWC-SCC3 2023)
GCF_032944295.1_ASM3294429v1	Methanoculleus nereidis (YWC-01 2023)
GCF_023702065.1_ASM2370206v1	Methanoculleus oceani (CWC-02 2022)
GCF_033472595.1_ASM3347259v1	Methanoculleus receptaculi (DSM 18860 2023)
GCF_001017125.1_ASM101712v1	Methanoculleus sediminis (S3Fa 2015)
GCF_025914035.1_ASM2591403v1	Methanoculleus submarinus (DSM 15122 2022)
GCF_004102725.1_ASM410272v1	Methanoculleus taiwanensis (CYW4 2019)
GCF_001571405.1_ASM157140v1	Methanoculleus thermophilus (CR-1 2016)
GCF_004310395.1_ASM431039v1	Methanofervidicoccus abyssi (HHB 2019)
GCF_017357525.1_ASM1735752v1	Methanofollis aquaemaris (N2F9704 2021)
GCF_001571385.1_ASM157138v1	Methanofollis ethanolicus (JCM 15103 2016)
GCF_004297185.1_ASM429718v1	Methanofollis fontis (FWC-SCC2 2019)
GCF_019633745.1_ASM1963374v1	Methanofollis formosanus (ML15 2021)
GCF_000275865.1_ASM27586v1	Methanofollis liminatans (DSM 4140 2012)
GCF_013377755.1_ASM1337775v1	Methanofollis tationis (DSM 2702 2020)
GCF_001315945.1_ASM131594v1	Methanogenium cariaci (JCM 10550 2015)
GCF_028912405.1_ASM2891240v1	Methanogenium marinum (DSM 15558 2023)
GCF_026684035.1_ASM2668403v1	Methanogenium organophilum (DSM 3596 2022)
GCF_000196655.1_ASM19665v1	Methanohalobium evestigatum (Z-7303 2010)
GCF_004340645.1_ASM434064v1	Methanohalophilus euhalobius (WG1_MB 2019)
GCF_001889405.1_ASM188940v1	Methanohalophilus halophilus (Z-7982 2016)
GCF_017874375.1_ASM1787437v1	Methanohalophilus levihalophilus (DSM 28452 2021)
GCF_000025865.1_ASM2586v1	Methanohalophilus mahii (DSM 5219 2010)
GCF_002761295.1_ASM276129v1	Methanohalophilus portucalensis (FDF-1T 2017)
GCF_004137855.1_ASM413785v1	Methanohalophilus profundi (SLHTYRO 2019)
GCF_000784355.1_Metpay	Methanolacinia paynteri (DSM 2545 2014)
GCF_000147875.1_ASM14787v1	Methanolacinia petrolearia (DSM 11571 2010)
GCF_032714475.1_ASM3271447v1	Methanolapillus africanus (Ag5 2023)
GCF_032594115.1_ASM3259411v1	Methanolapillus millepedarum (Ac7 2023)
GCF_032594355.1_ASM3259435v1	Methanolapillus ohkumae (Am2 2023)
GCF_017873855.1_ASM1787385v1	Methanolinea mesophila (DSM 23604 2021)
GCF_017873415.1_ASM1787341v1	Methanolobus bombayensis (DSM 7082 2021)
GCF_024500045.1_ASM2450004v1	Methanolobus chelungpuianus (St545Mb 2022)
GCF_004745425.1_ASM474542v1	Methanolobus halotolerans (SY-01 2019)
GCF_031312535.1_ASM3131253v1	Methanolobus mangrovi (FTZ2 2023)
GCF_900114835.1_IMG-taxon_2642422540_annotated_assembly	Methanolobus profundi (Mob M 2016)
GCF_002243045.1_ASM224304v1	Methanolobus psychrotolerans (YSF-03 2017)
GCF_031312595.1_ASM3131259v1	Methanolobus sediminis (FTZ6 2023)
GCF_000504205.1_ASM50420v1	Methanolobus tindarius (DSM 2278 2013)
GCF_900100715.1_IMG-taxon_2642422561_annotated_assembly	Methanolobus vulcani (PL 12/M 2016)
GCF_013388255.1_ASM1338825v1	Methanolobus zinderi (DSM 21339 2020)
GCF_000308215.1_ASM30821v1	Methanomassiliicoccus luminyensis (B10 2012)
GCF_003711245.1_ASM371124v1	Methanomethylophilus alvi (Mx-05 2018)
GCF_000328665.1_ASM32866v1	Methanomethylovorans hollandica (DSM 15978 2012)
GCF_029633915.1_ASM2963391v1	Methanomicrobium antiquum (DSM 21220 2023)
GCF_000711215.1_ASM71121v1	Methanomicrobium mobile (BP 2014)
GCF_002153915.1_ASM215391v1	Methanonatronarchaeum thermophilum (AMET1 2017)
GCF_021023085.1_ASM2102308v1	Methanooceanicella nereidis (CWC-04 2021)
GCF_024662215.1_ASM2466221v1	Methanoplanus endosymbiosus (DSM 3599 2022)
GCF_000243255.1_ASM24325v1	Methanoplanus limicola (DSM 2279 2012)
GCF_000007185.1_ASM718v1	Methanopyrus kandleri (AV19 2002)
GCF_032714615.1_ASM3271461v1	Methanorbis furvi (Ag1 2023)
GCF_032714495.1_ASM3271449v1	Methanorbis rubei (Cs1 2023)
GCF_000017625.1_ASM1762v1	Methanoregula boonei (6A8 2007)
GCF_000327485.1_ASM32748v1	Methanoregula formicica (SMSP 2012)
GCF_024808815.1_ASM2480881v1	Methanosalsum natronophilum (AME2 2022)
GCF_000217995.1_ASM21799v1	Methanosalsum zhilinae (DSM 4017 2011)
GCF_000007345.1_ASM734v1	Methanosarcina acetivorans (C2A 2002)
GCF_031461075.1_ASM3146107v1	Methanosarcina baikalica (Z-7115 2023)
GCF_000970025.1_ASM97002v1	Methanosarcina barkeri (MS 2015)
GCF_001304615.2_ASM130461v2	Methanosarcina flavescens (E03.2 2018)
GCF_046529725.1_TD41E1-1	Methanosarcina hadiensis (2025)
GCF_000970285.1_ASM97028v1	Methanosarcina horonobensis JCM 15518 (HB-1 2015)
GCF_000970265.1_ASM97026v1	Methanosarcina lacustris (Z-7289 2015)
GCF_000970205.1_ASM97020v1	Methanosarcina mazei (S-6 2015)
GCF_000970085.1_ASM97008v1	Methanosarcina siciliae (T4/M 2015)
GCF_000744315.1_ASM74431v1	Methanosarcina soligelidi (SMA-21 2014)
GCF_002287235.1_ASM228723v1	Methanosarcina spelaei (MC-15 2017)
GCF_000969885.1_ASM96988v1	Methanosarcina thermophila (TM-1 2015)
GCF_000969905.1_ASM96990v1	Methanosarcina vacuolata (Z-761 2015)
GCF_002287195.1_ASM228719v1	Methanosphaera cuniculi (1R-7 2017)
GCF_000012545.1_ASM1254v1	Methanosphaera stadtmanae (DSM 3091 2006)
GCF_000021965.1_ASM2196v1	Methanosphaerula palustris (E1-9c 2009)
GCF_000013445.1_ASM1344v1	Methanospirillum hungatei (JF-1 2006)
GCF_046195335.1_ASM4619533v1	Methanospirillum lacunae (Ki8-1 2024)
GCF_018502485.1_ASM1850248v1	Methanospirillum purgamenti (J.3.6.1-F.2.7.3 2021)
GCF_046244385.1_ASM4624438v1	Methanospirillum stamsii (Pt1 2024)
GCF_003385755.1_ASM338575v1	Methanothermobacter defluvii (DSM 7466 2018)
GCF_000145295.1_ASM14529v1	Methanothermobacter marburgensis str. (Marburg 2010)
GCF_023167465.1_ASM2316746v1	Methanothermobacter tenebrarum (RMAS 2022)
GCF_027554905.1_ASM2755490v1	Methanothermobacter thermautotrophicus (Delta H 2023)
GCF_025397995.1_ASM2539799v1	Methanothermobacter wolfeii (DSM 2970 2022)
GCF_946463545.1_Mth-DSM-2095-CCS-WG	Methanothermococcus (M. thermolithotrophicus DSM 2095 2022)
GCF_000179575.2_ASM17957v2	Methanothermococcus okinawensis (IH1 2011)
GCF_000235565.1_ASM23556v1	Methanothrix harundinacea (6Ac 2011)
GCF_000204415.1_ASM20441v1	Methanothrix soehngenii (GP6 2011)
GCF_000014945.1_ASM1494v1	Methanothrix thermoacetophila (PT 2006)
GCF_047915675.1_ASM4791567v1	Methanotorris formicicus (Mc-S-70 2025)
GCF_000214415.1_ASM21441v1	Methanotorris igneus (Kol 5 2011)
GCF_018687785.1_ASM1868778v1	Methanovulcanius yangii (CYW5 2021)
GCF_000711905.1_ASM71190v1	Methermicoccus shengliensis (DSM 18856 2014)
GCF_023169545.1_ASM2316954v1	Nanobdella aerobiophila (MJ1 2022)
GCF_023638055.1_ASM2363805v1	Natranaeroarchaeum aerophilus (AArc-St1-1 2022)
GCF_017094485.1_ASM1709448v1	Natranaeroarchaeum sulfidigenes (AArc-S 2021)
GCF_002156705.1_ASM215670v1	Natrarchaeobaculum aegyptiacum (JW/NM-HA 15 2017)
GCF_003430825.1_ASM343082v1	Natrarchaeobaculum sulfurireducens (AArc1 2018)
GCF_003841505.1_ASM384150v1	Natrarchaeobius chitinivorans (AArcht4T 2018)
GCF_003841485.1_ASM384148v1	Natrarchaeobius halalkaliphilus (AArcht-Sl 2018)
GCF_000337535.1_ASM33753v1	Natrialba aegyptia (DSM 13077 2013)
GCF_000337555.1_ASM33755v1	Natrialba asiatica (DSM 12278 2013)
GCF_000337135.1_ASM33713v1	Natrialba chahannaoensis (JCM 10990 2013)
GCF_000337575.1_ASM33757v1	Natrialba hulunbeirensis (JCM 10989 2013)
GCF_000025625.1_ASM2562v1	Natrialba magadii (ATCC 43099 2010)
GCF_008245225.1_ASM824522v1	Natrialba swarupiae (ESP3B_9 2019)
GCF_000337595.1_ASM33759v1	Natrialba taiwanensis (DSM 12281 2013)
GCF_023008545.1_ASM2300854v1	Natribaculum luteum (IBRC-M 10912 2022)
GCF_000731985.1_ASM73198v1	Natrinema altunense (AJ2 2014)
GCF_020515625.1_ASM2051562v1	Natrinema amylolyticum (LT61 2021)
GCF_024227435.1_ASM2422743v1	Natrinema caseinilyticum (ZJ2 2022)
GCF_002494345.1_ASM249434v1	Natrinema ejinorense (JCM 13890 2017)
GCF_000337175.1_ASM33717v1	Natrinema gari (JCM 14663 2013)
GCF_024266705.1_ASM2426670v1	Natrinema gelatinilyticum (BND6 2022)
GCF_013402815.2_ASM1340281v2	Natrinema halophilum (YPL8 2021)
GCF_004217335.1_ASM421733v1	Natrinema hispanicum (DSM 18328 2019)
GCF_000337475.1_ASM33747v1	Natrinema limicola (JCM 13563 2013)
GCF_017352095.1_ASM1735209v1	Natrinema longum (ABH32 2021)
GCF_024296685.1_ASM2429668v1	Natrinema marinum (DT87 2022)
GCF_005890195.1_ASM589019v1	Natrinema pallidum (BOL6-1 2019)
GCF_000230735.2_ASM23073v3	Natrinema pellirubrum (DSM 15624 2012)
GCF_001953745.1_ASM195374v1	Natrinema saccharevitans (AB14 2017)
GCF_900110865.1_IMG-taxon_2639762573_annotated_assembly	Natrinema salaciae (DSM 25055 2016)
GCF_900110455.1_IMG-taxon_2671180170_annotated_assembly	Natrinema salifodinae (CGMCC 1.12284 2016)
GCF_020405205.1_ASM2040520v1	Natrinema salinisoli (SLN56 2021)
GCF_029502005.1_ASM2950200v1	Natrinema salsiterrestre (S1CR25-10 2023)
GCF_028618695.1_ASM2861869v1	Natrinema soli (LMG 29247 2023)
GCF_031165565.1_ASM3116556v1	Natrinema thermotolerans (A29 2023)
GCF_000337195.1_ASM33719v1	Natrinema versiforme (JCM 10478 2013)
GCF_013456555.2_ASM1345655v2	Natrinema zhouii (YPL30 2021)
GCF_039522665.1_ASM3952266v1	Natronoarchaeum mannanilyticum (JCM 16328 2024)
GCF_900215575.1_IMG-taxon_2728369221_annotated_assembly	Natronoarchaeum philippinense (DSM 27208 2017)
GCF_024494695.1_ASM2449469v1	Natronoarchaeum rubrum (GX48 2022)
GCF_000230715.2_ASM23071v3	Natronobacterium gregoryi (SP2 2012)
GCF_900112205.1_IMG-taxon_2693429869_annotated_assembly	Natronobacterium haloterrestre (DSM 13078 2016)
GCF_000226975.2_ASM22697v3	Natronobacterium lacisalsi (AJ5 2017)
GCF_900104065.1_IMG-taxon_2636416047_annotated_assembly	Natronobacterium texcoconense (DSM 24767 2016)
GCF_024362485.1_ASM2436248v1	Natronobeatus ordinarius (WLHSJ27 2022)
GCF_025629245.1_ASM2562924v1	Natronobiforma cellulositropha (JCM 31939 2022)
GCF_023638035.1_ASM2363803v1	Natronocalculus amylovorans (AArc-St2 2022)
GCF_000337675.1_ASM33767v1	Natronococcus amylolyticus (DSM 10524 2013)
GCF_000337695.1_ASM33769v1	Natronococcus jeotgali (DSM 18795 2013)
GCF_000328685.1_ASM32868v1	Natronococcus occultus (SP4 2012)
GCF_008122205.1_ASM812220v1	Natronococcus pandeyae (LS1_42 2019)
GCF_043677095.1_ASM4367709v1	Natronococcus roseus (CGMCC 1.38198 2024)
GCF_030734285.1_ASM3073428v1	Natronococcus wangiae (AD-5 2023)
GCF_023913515.1_ASM2391351v1	Natronococcus zhouii (CG52 2022)
GCF_025517485.1_ASM2551748v1	Natronoglomus mannanivorans (AArc-m2/3/4 2022)
GCF_002177135.1_ASM217713v1	Natronolimnobius baerhuensis (CGMCC 1.3597 2017)
GCF_000337215.1_ASM33721v1	Natronolimnohabitans innermongolicus (JCM 12255 2013)
GCF_037031205.1_ASM3703120v1	Natronomonas amylolytica (YCN58 2024)
GCF_024449025.1_ASM2444902v1	Natronomonas aquatica (F2-12 2022)
GCF_024300825.1_ASM2430082v1	Natronomonas gomsonensis (KCTC 4088 2022)
GCF_013391085.1_ASM1339108v1	Natronomonas halophila (C90 2020)
GCF_024298905.1_ASM2429890v1	Natronomonas marina (ZY43 2022)
GCF_000591055.1_ASM59105v1	Natronomonas moolapensis (8.8.11 2013)
GCF_000026045.1_ASM2604v1	Natronomonas pharaonis DSM 2160 (Gabara 2005)
GCF_013391105.1_ASM1339110v1	Natronomonas salina (YPL13 2020)
GCF_005239135.1_ASM523913v1	Natronomonas salsuginis (F20-122 2019)
GCF_024362525.1_ASM2436252v1	Natrononativus amylolyticus (CGA73 2022)
GCF_036429475.1_ASM3642947v1	Natronorarus salvus (CGA53 2024)
GCF_009392895.1_ASM939289v1	Natronorubrum aibiense (7-3 2019)
GCF_004799645.1_ASM479964v1	Natronorubrum bangense (JCM 10635 2019)
GCF_001971705.1_ASM197170v1	Natronorubrum daqingense (JX313 2017)
GCF_009834785.1_ASM983478v1	Natronorubrum halalkaliphilum (JWXQ-INN-674 2020)
GCF_005239425.1_ASM523942v1	Natronorubrum halophilum (NEN6 2019)
GCF_900108095.1_IMG-taxon_2617270925_annotated_assembly	Natronorubrum sediminis (CGMCC 1.8981 2016)
GCF_000337735.1_ASM33773v1	Natronorubrum sulfidifaciens (JCM 14089 2013)
GCF_900100335.1_IMG-taxon_2636416021_annotated_assembly	Natronorubrum texcoconense (B4,CECT 8067,JCM 17497 2016)
GCF_900156475.1_IMG-taxon_2681812919_annotated_assembly	Natronorubrum thiooxidans (HArc-T 2017)
GCF_000383975.1_ASM38397v1	Natronorubrum tibetense (GA33 2013)
GCF_024298845.1_ASM2429884v1	Natronosalvus amylolyticus (WLHSJ1 2022)
GCF_017357105.1_ASM1735710v2	Natronosalvus caseinilyticus (KZCA101 2022)
GCF_024138145.1_ASM2413814v1	Natronosalvus halobius (AGai3-5 2022)
GCF_025517525.1_ASM2551752v1	Natronosalvus hydrolyticus (AArc-curdl1 2022)
GCF_024204665.1_ASM2420466v1	Natronosalvus rutilus (WLHS1 2022)
GCF_023973145.1_ASM2397314v1	Natronosalvus vescus (CGA3 2022)
GCF_000220175.1_ASM22017v1	Nitrosarchaeum koreense (MY1 2011)
GCF_000956175.1_ASM95617v1	Nitrosopumilus adriaticus (NF5 2015)
GCF_013407145.1_ASM1340714v1	Nitrosopumilus cobalaminigenes (HCA1 2020)
GCF_000018465.1_ASM1846v1	Nitrosopumilus maritimus (SCM1 2007)
GCF_013407165.1_ASM1340716v1	Nitrosopumilus oxyclinae (HCE1 2020)
GCF_000875775.1_ASM87577v1	Nitrosopumilus piranensis (D3C 2015)
GCF_013407185.1_ASM1340718v1	Nitrosopumilus ureiphilus (PS0 2020)
GCF_025998175.1_ASM2599817v1	Nitrosopumilus zosterae (NM25 2022)
GCF_000698785.1_ASM69878v1	Nitrososphaera viennensis (EN76 2014)
GCF_900143675.1_Candidatus_Nitrosotalea_sinensis_Nd2_whole_genome	Nitrosotalea sinensis (NSIN 2017)
GCF_038024865.1_Omer_M1	Oxyplasma meridianum (M1 2024)
GCF_000966265.1_ASM96626v1	Palaeococcus ferrophilus (DSM 13482 2015)
GCF_000725425.1_ASM72542v1	Palaeococcus pacificus (DY20341 2014)
GCF_000008265.1_ASM826v1	Picrophilus oshimae 9789 (DSM 9790 2004)
GCF_008000775.2_ASM800077v2	Promethearchaeum syntrophicum (MK-D1 2024)
GCF_000007225.1_ASM722v1	Pyrobaculum aerophilum str. (IM2 2002)
GCF_000016385.1_ASM1638v1	Pyrobaculum arsenaticum (DSM 13514 2007)
GCF_000015805.1_ASM1580v1	Pyrobaculum calidifontis (JCM 11548 2007)
GCF_000234805.1_ASM23480v1	Pyrobaculum ferrireducens (1860 2011)
GCF_000015205.1_ASM1520v1	Pyrobaculum islandicum (DSM 4184 2006)
GCF_000019805.1_ASM1980v1	Pyrobaculum neutrophilum (V24Sta 2008)
GCF_000195935.2_ASM19593v2	Pyrococcus abyssi GE5 (Orsay 2003)
GCF_008245085.1_ASM824508v1	Pyrococcus furiosus (DSM 3638 2019)
GCF_000011105.1_ASM1110v1	Pyrococcus horikoshii (OT3 2001)
GCF_001577775.1_ASM157777v1	Pyrococcus kukulkanii (NCB100 2016)
GCF_050496105.1_ASM5049610v1	Pyrococcus woesei (DSM 3773 2025)
GCF_000215995.1_ASM21599v1	Pyrococcus yayanosii (CH1 2011)
GCF_036323395.1_ASM3632339v1	Pyrodictium abyssi (AV2 2023)
GCF_001412615.1_ASM141261v1	Pyrodictium delaneyi (Su06 2015)
GCF_001462395.1_ASM146239v1	Pyrodictium occultum (PL-19 2015)
GCF_033097485.1_ASM3309748v1	Pyrofollis japonicus (YC29 2023)
GCF_000223395.1_ASM22339v1	Pyrolobus fumarii (1A 2011)
GCF_020886315.1_ASM2088631v1	Saccharolobus caldissimus (JCM 32116 2021)
GCF_019175345.1_ASM1917534v1	Saccharolobus shibatae (B12 2021)
GCF_003852155.1_ASM385215v1	Saccharolobus solfataricus (SULM 2018)
GCF_020614395.1_ASM2061439v1	Salarchaeum japonicum (JCM 16327 2021)
GCF_006543045.1_ASM654304v1	Salinadaptatus halalkaliphilus (XQ-INN 246 2019)
GCF_023204835.1_ASM2320483v1	Salinarchaeum laminariae (R26 2022)
GCF_037338445.1_ASM3733844v1	Salinibaculum marinum (SYNS191 2024)
GCF_030505615.1_ASM3050561v1	Salinibaculum rarum (KK48 2023)
GCF_037645885.1_ASM3764588v1	Salinibaculum salinum (YCN56 2024)
GCF_007004735.1_ASM700473v1	Salinigranum halophilum (YJ-53 2019)
GCF_024228675.1_ASM2422867v1	Salinigranum marinum (ZS-10 2022)
GCF_002906575.1_ASM290657v1	Salinigranum rubrum (GX10 2018)
GCF_009176545.1_ASM917654v1	Salinigranum salinum (YJ-50-S2 2019)
GCF_024296665.1_ASM2429666v1	Salinilacihabitans rarus (AD-4 2022)
GCF_030734185.1_ASM3073418v1	Salinirarus marinus (XH8 2023)
GCF_037335815.1_ASM3733581v1	Salinirubellus litoreus (SYNS196 2024)
GCF_025231485.1_ASM2523148v1	Salinirubellus salinus (ZS-35-S2 2022)
GCF_020567425.1_ASM2056742v1	Salinirubrum litoreum (XD46 2021)
GCF_009831455.1_ASM983145v1	Salinirussus salinus (YGH44 2020)
GCF_020177375.1_ASM2017737v1	Saliphagus infecundisoli (YIM 93745 2021)
GCF_000092465.1_ASM9246v1	Staphylothermus hellenicus (DSM 12710 2010)
GCF_000015945.1_ASM1594v1	Staphylothermus marinus (F1 2007)
GCF_009729035.1_ASM972903v1	Stygiolobus azoricus (FC6 2019)
GCF_019704315.1_ASM1970431v1	Stygiolobus caldivivus (KN-1 2021)
GCF_014648235.1_ASM1464823v1	Sulfodiicoccus acidiphilus (JCM 31740 2020)
GCF_000012285.1_ASM1228v1	Sulfolobus acidocaldarius (DSM 639 2005)
GCF_000022445.1_ASM2244v1	Sulfolobus islandicus (M.16.4 2009)
GCF_036967215.1_ASM3696721v1	Sulfolobus tengchongensis (RT2 2024)
GCF_009729515.1_ASM972951v1	Sulfuracidifex metallicus JCM 9184 (DSM 6482 2019)
GCF_008326425.1_SulIC006_1.0	Sulfuracidifex tepidarius (IC-006 2019)
GCF_041154675.1_ASM4115467v1	Sulfurisphaera javensis (KD-1 2024)
GCF_009729055.1_ASM972905v1	Sulfurisphaera ohwakuensis (TA-1 2019)
GCF_000011205.1_ASM1120v1	Sulfurisphaera tokodaii str. (7 2002)
GCF_014646535.1_ASM1464653v1	Thermocladium modestius (JCM 10088 2020)
GCF_008152015.1_ASM815201v1	Thermococcus aciditolerans (SY113 2019)
GCF_024022995.1_ASM2402299v1	Thermococcus aggregans (TY 2022)
GCF_024054535.1_ASM2405453v1	Thermococcus alcaliphilus (AEDII12 2022)
GCF_023746595.1_ASM2374659v1	Thermococcus argininiproducens (IOH2 2022)
GCF_000151105.2_ASM15110v2	Thermococcus barophilus (MP 2010)
GCF_002214465.1_ASM221446v1	Thermococcus barossii (SHCK-94 2017)
GCF_020386975.1_ASM2038697v1	Thermococcus bergensis (T7324 2021)
GCF_904067545.1_T_caminus_IRI35c	Thermococcus camini (IRI35c 2020)
GCF_002214365.1_ASM221436v1	Thermococcus celer JCM 8558 (Vu 13 2017)
GCF_001484195.1_ASM148419v1	Thermococcus celericrescens (DSM 17994 2016)
GCF_002214605.1_ASM221460v1	Thermococcus chitonophagus (GC74 2017)
GCF_000265525.1_ASM26552v1	Thermococcus cleftensis (CL1 2012)
GCF_000769655.1_ASM76965v1	Thermococcus eurythermalis (A501 2014)
GCF_000022365.1_ASM2236v1	Thermococcus gammatolerans EJ3 (EJ3; DSM 15229 2009)
GCF_002214385.1_ASM221438v1	Thermococcus gorgonarius (W-12 2017)
GCF_000816105.1_ASM81610v1	Thermococcus guaymasensis (DSM 11113 2015)
GCF_900198835.1_chr_EXT12c	Thermococcus henrietii (EXT12c 2017)
GCF_006274605.1_ASM627460v1	Thermococcus indicus (IOH1 2019)
GCF_000009965.1_ASM996v1	Thermococcus kodakarensis (KOD1 2005)
GCF_000246985.2_ASM24698v3	Thermococcus litoralis (DSM 5473 2013)
GCF_000585495.1_ASM58549v1	Thermococcus nautili (30-1 2014)
GCF_000018365.1_ASM1836v1	Thermococcus onnurineus (NA1 2008)
GCF_002214485.1_ASM221448v1	Thermococcus pacificus (P-4 2017)
GCF_000517445.1_ASM51744v1	Thermococcus paralvinellae (ES1 2014)
GCF_001592435.1_ASM159243v1	Thermococcus peptonophilus (OG-1 2016)
GCF_001647085.1_ASM164708v1	Thermococcus piezophilus (CDGS 2016)
GCF_002214585.1_ASM221458v1	Thermococcus profundus (DT 5432 2017)
GCF_002214565.1_ASM221456v1	Thermococcus radiotolerans (EJ2 2017)
GCF_000022545.1_ASM2254v1	Thermococcus sibiricus (MM 739 2009)
GCF_002214505.1_ASM221450v1	Thermococcus siculi (RG-20 2017)
GCF_017873335.1_ASM1787333v1	Thermococcus stetteri (DSM 5262 2021)
GCF_024707485.1_ASM2470748v1	Thermococcus thermotolerans (813A4 2022)
GCF_900109425.1_IMG-taxon_2654588132_annotated_assembly	Thermococcus thioreducens (OGL-20P 2016)
GCF_032304395.1_ASM3230439v1	Thermococcus waiotapuensis (WT1 2023)
GCF_000258515.1_TheZil1.0	Thermococcus zilligii (AN1 2012)
GCF_000446015.1_ASM44601v1	Thermofilum adornatum (1910b 2013)
GCF_000015225.1_ASM1522v1	Thermofilum pendens (Hrk 5 2006)
GCF_000264495.1_ASM26449v1	Thermogladius calderae (1633 2012)
GCF_014646795.1_ASM1464679v1	Thermogymnomonas acidicola (JCM 13583 2020)
GCF_000195915.1_ASM19591v1	Thermoplasma acidophilum (DSM 1728 2003)
GCF_000011185.1_ASM1118v1	Thermoplasma volcanium (GSS1 2001)
GCF_000253055.1_ASM25305v1	Thermoproteus tenax (Kra 1 2011)
GCF_000193375.1_ASM19337v1	Thermoproteus uzoniensis (768-20 2011)
GCF_000092185.1_ASM9218v1	Thermosphaera aggregans (DSM 11486 2010)
GCF_014962245.1_ASM1496224v1	Thermosphaera chiliense (3507 2020)
GCF_000148385.1_ASM14838v1	Vulcanisaeta distributa (DSM 14429 2010)
GCF_000190315.1_ASM19031v1	Vulcanisaeta moutnovskia (768-28 2011)
GCF_026000775.1_ASM2600077v1	Vulcanisaeta souniana JCM 11219 (IC-059 2022)
GCF_001748385.1_ASM174838v1	Vulcanisaeta thermophila (CBA1501 2016)
