HLacaChl2	NCBI	GCA_016904835.1	Acanthisitta chloris
HLaccGen2	NCBI	GCA_929443795.1	Accipiter gentilis
HLaccGenAtr1	NCBI	GCA_017309825.1	Accipiter gentilis atricapillus
HLacrAru1	NCBI	GCA_013398685.1	Acrocephalus arundinaceus
HLacrFamKin1	NCBI	GCA_022441285.1	Acrocephalus familiaris kingi
HLacrJav1	NCBI	GCA_002849675.1	Acridotheres javanicus
HLacrSciSci1	NCBI	GCA_910950805.1	Acrocephalus scirpaceus scirpaceus
HLaegBen1	NCBI	GCA_013398125.1	Aegotheles bennettii
HLaegCau1	NCBI	GCA_013389925.1	Aegithalos caudatus
HLagaRos1	NCBI	GCA_002631895.1	Agapornis roseicollis
HLagePho1	NCBI	GCA_013398535.1	Agelaius phoeniceus
HLagePho2	NCBI	GCA_020745825.1	Agelaius phoeniceus
HLageTri1	NCBI	GCA_017165875.1	Agelaius tricolor
HLalaArv1	NCBI	GCA_902810485.1	Alauda arvensis
HLalaChe1	NCBI	GCA_013398995.1	Alaudala cheleensis
HLalcRuf1	NCBI	GCA_019345075.1	Alectoris rufa
HLalcTor1	NCBI	GCA_008658365.1	Alca torda
HLaleRuf1	NCBI	GCA_013397815.1	Aleadryas rufinucha
HLaloBec1	NCBI	GCA_013399365.1	Alopecoenas beccarii
HLamaAes1	NCBI	GCA_001420675.1	Amazona aestiva
HLamaCol1	NCBI	GCA_003947215.1	Amazona collaria
HLamaGui1	NCBI	GCA_013399615.1	Amazona guildingii
HLambSub1	NCBI	GCA_018881555.1	Amblyornis subalaris
HLammSavPra1	NCBI	GCA_020466415.1	Ammodramus savannarum pratensis
HLanaPla1	NCBI	GCA_008746955.1	Anas platyrhynchos
HLanaPla2	NCBI	GCA_002743455.1	Anas platyrhynchos platyrhynchos
HLanaZon1	NCBI	GCA_002224875.1	Anas zonorhyncha
HLanhAnh1	NCBI	GCA_013396435.1	Anhinga anhinga
HLanoHya1	NCBI	GCA_009936445.1	Anodorhynchus hyacinthinus
HLansBra1	NCBI	GCA_002592135.1	Anser brachyrhynchus
HLansCyg2	NCBI	GCA_013030995.1	Anser cygnoides
HLansInd1	NCBI	GCA_006229135.1	Anser indicus
HLansSem1	NCBI	GCA_013399115.1	Anseranas semipalmata
HLantMin1	NCBI	GCA_013399455.1	Anthoscopus minutus
HLaphCoe1	NCBI	GCA_013398375.1	Aphelocoma coerulescens
HLaptHaa1	NCBI	GCA_003342985.1	Apteryx haastii
HLaptOwe1	NCBI	GCA_003342965.1	Apteryx owenii
HLaptPat1	NCBI	GCA_010087175.1	Aptenodytes patagonicus
HLaptRow1	NCBI	GCA_003343035.1	Apteryx rowi
HLaquChrChr3	NCBI	GCA_900496995.3	Aquila chrysaetos chrysaetos
HLaraAra1	NCBI	GCA_010014805.1	Ara ararauna
HLaraChl1	NCBI	GCA_010014725.1	Ara chloropterus
HLaraGla2	NCBI	GCA_013433245.1	Ara glaucogularis
HLaraGua1	NCBI	GCA_013400195.1	Aramus guarauna
HLaraMil1	NCBI	GCA_010015965.1	Ara militaris
HLaraRub1	NCBI	GCA_917880015.2	Ara rubrogenys
HLaraWed1	NCBI	GCA_009867205.1	Aratinga weddellii
HLardKor1	NCBI	GCA_013396375.1	Ardeotis kori
HLareInt1	NCBI	GCA_013399435.1	Arenaria interpres
HLartBel1	NCBI	GCA_021963965.1	Artemisiospiza belli
HLasaScu1	NCBI	GCA_013398475.1	Asarcornis scutulata
HLathCun1	NCBI	GCA_003259725.1	Athene cunicularia
HLaytFul1	NCBI	GCA_009819795.1	Aythya fuligula
HLbalRegGib2	NCBI	GCA_011004875.1	Balearica regulorum gibbericeps
HLbarMar1	NCBI	GCA_013396935.1	Baryphthengus martii
HLbomGar1	NCBI	GCA_013400315.1	Bombycilla garrulus
HLbraAtr1	NCBI	GCA_013398615.1	Brachypodius atriceps
HLbraCan1	NCBI	GCA_006130075.1	Branta canadensis
HLbraLep1	NCBI	GCA_013401335.1	Brachypteracias leptosomus
HLbubBub1	NCBI	GCA_010303855.1	Bubo bubo
HLbubSca1	NCBI	GCA_017315185.1	Bubo scandiacus
HLbucAby1	NCBI	GCA_009769605.1	Bucorvus abyssinicus
HLbucCap1	NCBI	GCA_013396975.1	Bucco capensis
HLburBis1	NCBI	GCA_013397275.1	Burhinus bistriatus
HLburOed1	NCBI	GCA_008921705.1	Burhinus oedicnemus
HLbutJap1	NCBI	GCA_010312235.1	Buteo japonicus
HLbutVir1	NCBI	GCA_017310255.1	Butorides virescens
HLcacLea1	NCBI	GCA_010015045.1	Cacatua leadbeateri
HLcaiMos1	NCBI	GCA_009194515.1	Cairina moschata domestica
HLcalAnn5	NCBI	GCF_003957555.1	Calypte anna
HLcalBor1	NCBI	GCA_013401115.1	Calonectris borealis
HLcalNic1	NCBI	GCA_013398195.1	Caloenas nicobarica
HLcalOrn1	NCBI	GCA_013397715.1	Calcarius ornatus
HLcalPug1	NCBI	GCF_001431845.1	Calidris pugnax
HLcalPyg1	NCBI	GCA_003697955.1	Calidris pygmaea
HLcalSqu1	NCBI	GCA_002218305.1	Callipepla squamata
HLcalVir1	NCBI	GCA_013390005.1	Calyptomena viridis
HLcalWil1	NCBI	GCA_013398955.1	Callaeas wilsoni
HLcamPar1	NCBI	GCA_901933205.1	Camarhynchus parvulus
HLcamPro1	NCBI	GCA_013396655.1	Campylorhamphus procurvoides
HLcapEur1	NCBI	GCA_907165065.1	Caprimulgus europaeus
HLcarCar1	NCBI	GCA_014549065.1	Cardinalis cardinalis
HLcarCri1	NCBI	GCA_009819825.1	Cariama cristata
HLcasCas1	NCBI	GCA_003342895.1	Casuarius casuarius
HLcasCas2	NCBI	GCA_013396415.1	Casuarius casuarius
HLcatBic1	NCBI	GCA_021437205.1	Catharus bicknelli
HLcatFus1	NCBI	GCA_013398975.1	Catharus fuscescens
HLcatMin1	NCBI	GCA_021437185.1	Catharus minimus
HLcatUst1	NCBI	GCA_009819885.1	Catharus ustulatus
HLcenBen1	NCBI	GCA_013400815.1	Centropus bengalensis
HLcenMin1	NCBI	GCA_005890655.1	Centrocercus minimus
HLcenUni1	NCBI	GCA_013397695.1	Centropus unirufus
HLcenUro1	NCBI	GCF_019232065.1	Centrocercus urophasianus
HLcepGry1	NCBI	GCA_013401065.1	Cepphus grylle
HLcepOrn1	NCBI	GCA_013396775.1	Cephalopterus ornatus
HLcerAme1	NCBI	GCA_018697195.1	Certhia americana
HLcerBra1	NCBI	GCA_013400355.1	Certhia brachydactyla
HLcerCor1	NCBI	GCA_013398595.1	Cercotrichas coryphoeus
HLcerFam1	NCBI	GCA_013398575.1	Certhia familiaris
HLcetCet1	NCBI	GCA_013401135.1	Cettia cetti
HLceuAer1	NCBI	GCA_013398935.1	Ceuthmochares aereus
HLchaAle1	NCBI	GCA_008711295.1	Charadrius alexandrinus
HLchaFre1	NCBI	GCA_013400775.1	Chaetops frenatus
HLchaPap1	NCBI	GCA_013396525.1	Chaetorhynchus papuensis
HLchaTor1	NCBI	GCA_013399475.1	Chauna torquata
HLchiLan1	NCBI	GCA_009829145.1	Chiroxiphia lanceolata
HLchiMin1	NCBI	GCA_013398295.1	Chionis minor
HLchlAen1	NCBI	GCA_013399075.1	Chloroceryle aenea
HLchlHar1	NCBI	GCA_013390065.1	Chloropsis hardwickii
HLchlUndUnd1	NCBI	GCA_003400225.2	Chlamydotis undulata undulata
HLchoAcu1	NCBI	GCA_013399635.1	Chordeiles acutipennis
HLchrMac1	NCBI	GCA_013397655.1	Chroicocephalus maculipennis
HLchrPic1	NCBI	GCA_003413605.1	Chrysolophus pictus
HLchuBur1	NCBI	GCA_013396505.1	Chunga burmeisteri
HLcicMag1	NCBI	GCA_013399255.1	Ciconia maguari
HLcicMag2	NCBI	GCA_017639555.1	Ciconia maguari
HLcicReg1	NCBI	GCA_003713305.1	Cicinnurus regius
HLcinMex1	NCBI	GCA_013399935.1	Cinclus mexicanus
HLcirPec1	NCBI	GCA_013399555.1	Circaetus pectoralis
HLcisJun1	NCBI	GCA_013400215.1	Cisticola juncidis
HLcneLor1	NCBI	GCA_013397755.1	Cnemophilus loriae
HLcocCoc1	NCBI	GCA_013396365.1	Cochlearius cochlearius
HLcolAur1	NCBI	GCA_015227895.1	Colaptes auratus
HLcolJanNit1	NCBI	GCA_014362705.1	Columba janthina nitens
HLcolLiv2	NCBI	GCA_000337935.2	Columba livia
HLcolMon1	NCBI	GCA_013407035.1	Coloeus monedula
HLcolPic1	NCBI	GCA_013397635.1	Columbina picui
HLcolVir2	NCBI	GCA_008692595.1	Colinus virginianus
HLcopSec1	NCBI	GCA_013398635.1	Copsychus sechellarum
HLcorAlt1	NCBI	GCA_003945725.1	Corapipo altera
HLcorCon1	NCBI	GCA_013399495.1	Corythaixoides concolor
HLcorCor3	NCBI	GCA_000738735.2	Corvus cornix cornix
HLcorCorCor4	NCBI	GCA_000738735.4	Corvus cornix cornix
HLcorHaw1	NCBI	GCA_003402825.1	Corvus hawaiiensis
HLcorHaw2	NCBI	GCA_020740725.1	Corvus hawaiiensis
HLcorKub1	NCBI	GCF_017639235.1	Corvus kubaryi
HLcorMac1	NCBI	GCA_014363025.1	Corvus macrorhynchos
HLcorMon1	NCBI	GCA_009650955.1	Corvus moneduloides
HLcotJap2	NCBI	GCA_000511605.2	Coturnix japonica
HLcroMan1	NCBI	GCA_019593555.1	Crossoptilon mantchuricum
HLcroSul1	NCBI	GCA_013397455.1	Crotophaga sulcirostris
HLcryCin1	NCBI	GCA_003342915.1	Crypturellus cinnamomeus
HLcrySou1	NCBI	GCA_013389845.1	Crypturellus soui
HLcryUnd1	NCBI	GCA_013389825.1	Crypturellus undulatus
HLcucCan2	NCBI	GCA_017976375.1	Cuculus canorus
HLcyaCae1	NCBI	GCA_002901205.1	Cyanistes caeruleus
HLcyaRuf1	NCBI	GCA_008694505.1	Cyanoderma ruficeps
HLcygAtr1	NCBI	GCA_013377495.1	Cygnus atratus
HLcygBuc1	NCBI	GCA_019232035.1	Cygnus buccinator
HLcygOlo1	NCBI	GCA_009769625.1	Cygnus olor
HLdapChr1	NCBI	GCA_013397915.1	Daphoenositta chrysoptera
HLdasBro1	NCBI	GCA_013397935.1	Dasyornis broadbenti
HLdicMeg1	NCBI	GCA_013399195.1	Dicrurus megarhynchus
HLdigBru1	NCBI	GCA_019023105.1	Diglossa brunneiventris
HLdipMag1	NCBI	GCA_003713285.1	Diphyllodes magnificus
HLdonAtr1	NCBI	GCA_013397315.1	Donacobius atricapilla
HLdroArd1	NCBI	GCA_013398915.1	Dromas ardeola
HLdroNov1	NCBI	GCA_003342905.1	Dromaius novaehollandiae
HLdroNov2	NCBI	GCA_016128335.1	Dromaius novaehollandiae
HLdryBru1	NCBI	GCA_013400955.1	Drymodes brunneopygia
HLdyaCas1	NCBI	GCA_013397175.1	Dyaphorophyia castanea
HLeclRor1	NCBI	GCA_011763535.1	Eclectus roratus
HLedoCoe1	NCBI	GCA_013397115.1	Edolisoma coerulescens
HLembFuc1	NCBI	GCA_013398835.1	Emberiza fucata
HLentCya1	NCBI	GCA_020137895.1	Entomyzon cyanotis
HLeolRos1	NCBI	GCA_013397615.1	Eolophus roseicapillus
HLeopAus1	NCBI	GCA_003426825.1	Eopsaltria australis
HLeopAus2	DNA Zoo Consortium	none	Eopsaltria australis
HLereAlp1	NCBI	GCA_009792885.1	Eremophila alpestris peregrina
HLeriRub1	NCBI	GCA_903797595.1	Erithacus rubecula
HLerpZan1	NCBI	GCA_013400515.1	Erpornis zantholeuca
HLeryGou1	NCBI	GCA_003676055.1	Erythrura gouldiae
HLeryMcc1	NCBI	GCA_013397435.1	Erythrocercus mccallii
HLeubBou1	NCBI	GCA_013396675.1	Eubucco bourcierii
HLeudAlb1	NCBI	GCA_010080465.1	Eudyptula albosignata
HLeudChr1	NCBI	GCA_010085355.1	Eudyptes chrysocome
HLeudChy1	NCBI	GCA_010084205.1	Eudyptes chrysolophus
HLeudEle1	NCBI	GCA_003342815.1	Eudromia elegans
HLeudFil1	NCBI	GCA_010085365.1	Eudyptes filholi
HLeudMin1	NCBI	GCA_010080355.1	Eudyptula minor
HLeudMos1	NCBI	GCA_010082375.1	Eudyptes moseleyi
HLeudNov1	NCBI	GCA_010078495.1	Eudyptula novaehollandiae
HLeudPac1	NCBI	GCA_010085335.1	Eudyptes pachyrhynchus
HLeudRob1	NCBI	GCA_010085315.1	Eudyptes robustus
HLeudSch1	NCBI	GCA_010080425.1	Eudyptes schlegeli
HLeudScl1	NCBI	GCA_010078445.1	Eudyptes sclateri
HLeulNig1	NCBI	GCA_013397775.1	Eulacestoma nigropectus
HLeupPer1	NCBI	GCA_011317185.1	Eupsittula pertinax
HLeurGul1	NCBI	GCA_013400335.1	Eurystomus gularis
HLfalFro1	NCBI	GCA_013398115.1	Falcunculus frontatus
HLfalNau1	NCBI	GCF_017639655.2	Falco naumanni
HLfalPer2	NCBI	GCA_012488915.1	Falco peregrinus
HLfalRus1	NCBI	GCA_015220075.1	Falco rusticolus
HLforRuf1	NCBI	GCA_013399695.1	Formicarius rufipectus
HLfraArc1	NCBI	GCA_905066775.2	Fratercula arctica
HLfreMag1	NCBI	GCA_013389945.1	Fregata magnificens
HLfriCoeCoe1	NCBI	GCA_015532645.1	Fringilla coelebs coelebs
HLfulAtr1	NCBI	GCA_013372525.1	Fulica atra
HLfurFig1	NCBI	GCA_013397465.1	Furnarius figulus
HLgalDea1	NCBI	GCA_013399015.1	Galbula dea
HLgeoCal1	NCBI	GCA_013389885.1	Geococcyx californianus
HLgeoTri1	NCBI	GCA_009764595.1	Geothlypis trichas
HLglaBra1	NCBI	GCA_013399595.1	Glaucidium brasilianum
HLglaPra1	NCBI	GCA_013401295.1	Glareola pratincola
HLgorGoi1	NCBI	GCA_018403395.1	Gorsachius goisagi
HLgraVar1	NCBI	GCA_013396735.1	Grallaria varia
HLgruAme1	NCBI	GCA_013390085.1	Grus americana
HLgruNig1	NCBI	GCA_004360235.1	Grus nigricollis
HLguaGua1	NCBI	GCA_011800095.1	Guaruba guarouba
HLgymCal1	DNA Zoo Consortium	none	Gymnogyps californianus
HLgymTib1	NCBI	GCA_013399875.1	Gymnorhina tibicen
HLhalAlb2	NCBI	GCA_013398555.1	Haliaeetus albicilla
HLhalPel1	NCBI	GCA_014363185.1	Haliaeetus pelagicus
HLhalSen1	NCBI	GCA_013397595.1	Halcyon senegalensis
HLhelFul1	NCBI	GCA_013399135.1	Heliornis fulica
HLhemCom2	NCBI	GCA_020745705.1	Hemiprocne comata
HLhemVir1	NCBI	GCA_003286495.1	Hemignathus virens
HLhemWil1	NCBI	GCA_009690805.1	Hemignathus wilsoni
HLherCac1	NCBI	GCA_013399355.1	Herpetotheres cachinnans
HLhetAtr1	NCBI	GCA_011075105.1	Heteronetta atricapilla
HLhimHim1	NCBI	GCA_003993805.1	Himantopus himantopus leucocephalus
HLhimHim2	NCBI	GCA_013400095.1	Himantopus himantopus
HLhipIct1	NCBI	GCA_013400075.1	Hippolais icterina
HLhirRus1	NCBI	GCA_003692655.1	Hirundo rustica rustica
HLhirRus2	NCBI	GCA_015227805.1	Hirundo rustica
HLhydTet1	NCBI	GCA_013397025.1	Hydrobates tethys
HLhylPra1	NCBI	GCA_013397195.1	Hylia prasina
HLibiStr1	NCBI	GCA_013398815.1	Ibidorhyncha struthersii
HLifrKow1	NCBI	GCA_013398055.1	Ifrita kowaldi
HLillCle1	NCBI	GCA_013399915.1	Illadopsis cleaveri
HLindMac1	NCBI	GCA_013399975.1	Indicator maculatus
HLireCya1	NCBI	GCA_013397155.1	Irena cyanogastra
HLjacJac1	NCBI	GCA_013400555.1	Jacana jacana
HLjunHye1	NCBI	GCA_003829775.1	Junco hyemalis
HLlagLeu1	NCBI	GCF_019238085.1	Lagopus leucura
HLlamSup1	NCBI	GCA_015883425.1	Lamprotornis superbus
HLlanCol1	NCBI	GCA_020086605.1	Lanius collurio
HLlanLud1	NCBI	GCA_013397235.1	Lanius ludovicianus
HLlarSmi1	NCBI	GCA_013400295.1	Larus smithsonianus
HLlatJamCot1	NCBI	GCA_022605575.1	Laterallus jamaicensis coturniculus
HLleiLut1	NCBI	GCA_013400445.1	Leiothrix lutea
HLlepCor1	NCBI	GCA_001604755.1	Lepidothrix coronata
HLleuRot1	NCBI	GCA_013397325.1	Leucopsar rothschildi
HLlocOch1	NCBI	GCA_013400155.1	Locustella ochotensis
HLlonStr2	NCBI	GCA_005870125.1	Lonchura striata domestica
HLlopNyc1	NCBI	GCA_021292215.1	Lophura nycthemera
HLlopRuf1	NCBI	GCA_013396455.1	Lophotis ruficrista
HLlorGar1	NCBI	GCA_010014925.1	Lorius garrulus
HLloxCur1	NCBI	GCA_013398455.1	Loxia curvirostra
HLloxLeu1	NCBI	GCA_013396895.1	Loxia leucoptera
HLlycPyrObi1	NCBI	GCA_015343275.1	Lycocorax pyrrhopterus obiensis
HLlycPyrObi2	NCBI	GCA_014706295.1	Lycocorax pyrrhopterus obiensis
HLmacNig1	NCBI	GCA_013397975.1	Machaerirhynchus nigripectus
HLmanVit1	NCBI	GCA_001715985.3	Manacus vitellinus
HLmegAnt1	NCBI	GCA_010078485.1	Megadyptes antipodes antipodes
HLmelAur1	NCBI	GCA_011125475.1	Melanerpes aurifrons
HLmelGal6	NCBI	GCA_905368555.1	Meleagris gallopavo
HLmelUnd2	NCBI	GCA_012275295.1	Melopsittacus undulatus
HLmelVer1	NCBI	GCA_013397845.1	Melanocharis versteri
HLmerNub1	NCBI	GCA_009819595.1	Merops nubicus
HLmesCay1	NCBI	GCA_013399675.1	Mesembrinibis cayennensis
HLmioMac1	NCBI	GCA_013397495.1	Mionectes macconnelli
HLmixGul1	NCBI	GCA_003546035.1	Mixornis gularis
HLmohOch1	NCBI	GCA_013398855.1	Mohoua ochrocephala
HLmolAte1	NCBI	GCA_012460135.1	Molothrus ater
HLmonAda1	NCBI	GCA_017590115.1	Montifringilla adamsi
HLmotAlb1	NCBI	GCA_013397355.1	Motacilla alba
HLmotAlbAlb2	NCBI	GCA_015832195.1	Motacilla alba alba
HLmotTsc1	NCBI	GCA_018904545.1	Motacilla tschutschensis
HLmyiHeb1	NCBI	GCA_013397015.1	Myiagra hebetior
HLmyiMon1	NCBI	GCA_013036005.1	Myiopsitta monachus
HLmyiMon2	NCBI	GCA_017639245.1	Myiopsitta monachus
HLnanAur1	NCBI	GCA_002173455.1	Nannopterum auritus
HLnanHar1	NCBI	GCA_002173475.1	Nannopterum harrisi
HLneoChr1	NCBI	GCA_003984885.2	Neopelma chrysocephalum
HLneoCin1	NCBI	GCA_013397415.1	Neopipo cinnamomea
HLnesAcu1	NCBI	GCA_013398715.1	Nesospiza acunhae
HLnesNot1	NCBI	GCA_000696875.1	Nestor notabilis
HLnetAur1	NCBI	GCA_011076525.1	Nettapus auritus
HLnicChl1	NCBI	GCA_013400495.1	Nicator chloris
HLnisNip1	NCBI	GCA_012487455.1	Nisaetus nipalensis
HLnotCin1	NCBI	GCA_013398075.1	Notiomystis cincta
HLnotJul1	NCBI	GCA_013398735.1	Nothocercus julius
HLnotNig1	NCBI	GCA_013398345.1	Nothocercus nigrocapillus
HLnotOrn1	NCBI	GCA_013398335.1	Nothoprocta ornata
HLnotPen1	NCBI	GCA_013398315.1	Nothoprocta pentlandii
HLnotPer1	NCBI	GCA_003342845.1	Nothoprocta perdicaria
HLnumMel2	NCBI	GCA_014595935.1	Numida meleagris
HLnycBra1	NCBI	GCA_013396595.1	Nyctibius bracteatus
HLnycGra1	NCBI	GCA_013368605.1	Nyctibius grandis
HLnycLeu1	NCBI	GCA_013399395.1	Nyctiprogne leucopyga
HLnycSem1	NCBI	GCA_013400055.1	Nycticryphes semicollaris
HLoceOce1	NCBI	GCA_013396615.1	Oceanites oceanicus
HLodoGuj1	NCBI	GCA_013399175.1	Odontophorus gujanensis
HLoenOen1	NCBI	GCA_013399995.1	Oenanthe oenanthe
HLonyCor1	NCBI	GCA_013397825.1	Onychorhynchus coronatus
HLonyTac1	NCBI	GCF_017590055.1	Onychostruthus taczanowskii
HLoreArf1	NCBI	GCA_013398015.1	Oreocharis arfaki
HLoriOri1	NCBI	GCA_013400235.1	Oriolus oriolus
HLoriSol1	NCBI	GCA_013397895.1	Origma solitaria
HLortSpa1	NCBI	GCA_013397795.1	Orthonyx spaldingii
HLotuSun1	NCBI	GCA_010365825.1	Otus sunia
HLoxyCri1	NCBI	GCA_013399855.1	Oxyruncus cristatus
HLoxyJam1	NCBI	GCA_011077185.1	Oxyura jamaicensis
HLpacMin1	NCBI	GCA_013397135.1	Pachyramphus minor
HLpacPhi1	NCBI	GCA_013397055.1	Pachycephala philippinensis
HLparLaw1	NCBI	GCA_003713295.1	Parotia lawesii
HLparMaj1	NCBI	GCF_001522545.3	Parus major
HLparRag1	NCBI	GCA_003713265.1	Paradisaea raggiana
HLparRub1	NCBI	GCA_003713215.1	Paradisaea rubra
HLparWeb1	NCBI	GCA_013397395.1	Paradoxornis webbianus
HLpasAmo1	NCBI	GCA_013401095.1	Passerina amoena
HLpasDom1	NCBI	GCA_001700915.1	Passer domesticus
HLpasMon1	NCBI	GCA_014805655.1	Passer montanus
HLpasSanAla1	NCBI	GCA_022577445.1	Passerculus sandwichensis alaudinus
HLpatFas1	NCBI	GCA_002029285.1	Patagioenas fasciata monilis
HLpavCri1	NCBI	GCA_005519975.1	Pavo cristatus
HLpavMut1	NCBI	GCA_016647715.1	Pavo muticus
HLpedTor1	NCBI	GCA_013398155.1	Pedionomus torquatus
HLpelUri1	NCBI	GCA_013400755.1	Pelecanoides urinatrix
HLpenPil1	NCBI	GCA_013396635.1	Penelope pileata
HLpeuTae1	NCBI	GCA_013400575.1	Peucedramus taeniatus
HLphaCol1	NCBI	GCA_004143745.1	Phasianus colchicus
HLphaCol2	NCBI	GCA_015227605.1	Phasianus colchicus
HLphaNit1	NCBI	GCA_013400175.1	Phainopepla nitens
HLpheMel1	NCBI	GCA_013398405.1	Pheucticus melanocephalus
HLphoAlb1	NCBI	GCA_014363385.1	Phoebastria albatrus
HLphoRub1	NCBI	GCA_009819775.1	Phoenicopterus ruber ruber
HLphyTro1	NCBI	GCA_002305835.1	Phylloscopus trochilus acredula
HLphyWhi1	NCBI	GCA_017589585.1	Phylloscopus whistleri
HLpiaCay1	NCBI	GCA_013389865.1	Piaya cayana
HLpicGym1	NCBI	GCA_013390045.1	Picathartes gymnocephalus
HLpicPub2	NCBI	GCA_014839835.1	Picoides pubescens
HLpioSen1	NCBI	GCA_011762725.1	Pionus senilis
HLpipChl1	NCBI	GCA_013399295.1	Piprites chloris
HLpipFil1	NCBI	GCA_003945595.1	Pipra filicauda
HLpitSor1	NCBI	GCA_013390025.1	Pitta sordida
HLploNig1	NCBI	GCA_013399945.1	Ploceus nigricollis
HLpluApr1	NCBI	GCA_017639485.1	Pluvialis apricaria
HLpluSoc1	NCBI	GCA_013400795.1	Pluvianellus socialis
HLpodPod1	NCBI	GCA_013399565.1	Podilymbus podiceps
HLpodStr1	NCBI	GCA_013399755.1	Podargus strigoides
HLpoeAtr1	NCBI	GCA_011421415.1	Poecile atricapillus
HLpogPus1	NCBI	GCA_015220805.1	Pogoniulus pusillus
HLpolCae1	NCBI	GCA_013397295.1	Polioptila caerulea
HLpomRuf1	NCBI	GCA_013401195.1	Pomatorhinus ruficollis
HLporHoc1	NCBI	GCA_020800305.1	Porphyrio hochstetteri
HLpriSub1	NCBI	GCA_021018805.1	Prinia subflava
HLproAte1	NCBI	GCA_013397665.1	Probosciger aterrimus
HLproSubSub1	NCBI	GCA_022316685.1	Progne subis subis
HLpruHim1	NCBI	GCA_013398875.1	Prunella himalayana
HLpsiEri1	NCBI	GCA_009867235.1	Psittacus erithacus
HLpsiGol1	NCBI	GCA_010014875.1	Psitteuteles goldiei
HLpsiHae1	NCBI	GCA_013396835.1	Psilopogon haemacephalus
HLpsiKra1	NCBI	GCA_002870145.1	Psittacula krameri
HLpsiTim1	NCBI	GCA_009867315.1	Psittacus timneh
HLpsoCre1	NCBI	GCA_013399095.1	Psophia crepitans
HLpteBur1	NCBI	GCA_013397535.1	Pterocles burchelli
HLpteGut1	NCBI	GCA_009769525.1	Pterocles gutturalis
HLpteMel1	NCBI	GCA_013401235.1	Pteruthius melanotis
HLpteOri1	NCBI	GCA_011057875.1	Pterocles orientalis
HLptePen1	NCBI	GCA_003342835.1	Pterocnemia pennata
HLptiLeu1	NCBI	GCA_013396485.1	Ptilorrhoa leucosticta
HLptiVio1	NCBI	GCA_013397565.1	Ptilonorhynchus violaceus
HLpycJoc1	NCBI	GCA_013400435.1	Pycnonotus jocosus
HLpygAnt1	NCBI	GCA_010078415.1	Pygoscelis antarcticus
HLpygPap1	NCBI	GCA_010090195.1	Pygoscelis papua
HLpyrCru1	NCBI	GCA_016545565.1	Pyrrhura cruentata
HLpyrFro1	NCBI	GCA_010014865.1	Pyrrhura frontalis
HLpyrGri1	NCBI	GCA_010014965.1	Pyrrhura griseipectus
HLpyrLep1	NCBI	GCA_015163975.1	Pyrrhura lepida
HLpyrMol1	NCBI	GCA_011763355.1	Pyrrhura molinae
HLpyrPer1	NCBI	GCA_011763455.1	Pyrrhura perlata
HLpyrRuf1	NCBI	GCF_017590135.1	Pyrgilauda ruficollis
HLquiMex1	NCBI	GCA_013399035.1	Quiscalus mexicanus
HLralLim1	NCBI	GCA_022605955.1	Rallus limicola
HLramSul1	NCBI	GCA_013399055.1	Ramphastos sulfuratus
HLregSat1	NCBI	GCA_013396955.1	Regulus satrapa
HLrhaIno1	NCBI	GCA_013397075.1	Rhabdornis inornatus
HLrhaLeu1	NCBI	GCA_013397725.1	Rhagologus leucostigma
HLrhaSib1	NCBI	GCA_013400275.1	Rhadina sibilatrix
HLrheAme1	NCBI	GCA_003343005.1	Rhea americana
HLrheHof1	NCBI	GCA_013398505.1	Rhegmatorhina hoffmannsi
HLrhiAfr1	NCBI	GCA_013400135.1	Rhinoptilus africanus
HLrhiCya1	NCBI	GCA_013400115.1	Rhinopomastus cyanomelas
HLrhiDah1	NCBI	GCA_013399225.1	Rhipidura dahli
HLrhoRos1	NCBI	GCA_013396575.1	Rhodinocichla rosea
HLrhyJub1	NCBI	GCA_013398095.1	Rhynochetos jubatus
HLripRip1	NCBI	GCA_020917445.1	Riparia riparia
HLrisTri1	NCBI	GCA_013401015.1	Rissa tridactyla
HLrosBen1	NCBI	GCA_013399305.1	Rostratula benghalensis
HLrynNig1	NCBI	GCA_013400035.1	Rynchops niger
HLsagSer1	NCBI	GCA_013399415.1	Sagittarius serpentarius
HLsakLuc1	NCBI	GCA_013396695.1	Sakesphorus luctuosus
HLsapAen1	NCBI	GCA_013398745.1	Sapayoa aenigma
HLsaxMau1	NCBI	GCA_900205225.1	Saxicola maurus maurus
HLsclMex1	NCBI	GCA_013396755.1	Sclerurus mexicanus
HLscySup1	NCBI	GCA_013400415.1	Scytalopus superciliaris
HLserCan1	NCBI	GCA_007115625.1	Serinus canaria
HLserLun1	NCBI	GCA_013399895.1	Serilophus lunatus
HLsetCor1	NCBI	GCA_001746935.1	Setophaga coronata coronata
HLsetCorCor2	NCBI	GCA_001746935.2	Setophaga coronata coronata
HLsetKir1	NCBI	GCA_013399655.1	Setophaga kirtlandii
HLsiaSia1	NCBI	GCA_009812075.1	Sialia sialis
HLsitEur1	NCBI	GCA_013400255.1	Sitta europaea
HLsmiCap1	NCBI	GCA_013396465.1	Smithornis capensis
HLspeFor1	NCBI	GCA_013398795.1	Spelaeornis formosus
HLsphDem1	NCBI	GCA_010077935.1	Spheniscus demersus
HLsphHum1	NCBI	GCA_010076325.1	Spheniscus humboldti
HLsphMag1	NCBI	GCA_010076225.1	Spheniscus magellanicus
HLsphMen1	NCBI	GCA_010077915.1	Spheniscus mendiculus
HLsphMen2	NCBI	GCA_003264655.1	Spheniscus mendiculus
HLspiTyr1	NCBI	GCA_013399215.1	Spizaetus tyrannus
HLspoHyp1	NCBI	GCA_002167245.1	Sporophila hypoxantha
HLsteDen1	NCBI	GCA_013397095.1	Sterrhoptilus dennistouni
HLsteHir1	NCBI	GCA_009819605.1	Sterna hirundo
HLstePar1	NCBI	GCA_013396915.1	Stercorarius parasiticus
HLstiNae1	NCBI	GCA_011074415.1	Stictonetta naevosa
HLstrCin1	NCBI	GCA_013397865.1	Struthidea cinerea
HLstrHab1	NCBI	GCA_004027225.1	Strigops habroptila
HLstrOcc1	NCBI	GCA_002372975.1	Strix occidentalis caurina
HLstrOccCau2	NCBI	GCA_002372975.2	Strix occidentalis caurina
HLstrTur1	NCBI	GCA_901699155.1	Streptopelia turtur
HLstuVul1	NCBI	GCA_001447265.1	Sturnus vulgaris
HLsulDac1	NCBI	GCA_013389905.1	Sula dactylatra
HLsylAtr1	NCBI	GCA_009819655.1	Sylvia atricapilla
HLsylBor1	NCBI	GCA_014839755.1	Sylvia borin
HLsylVir1	NCBI	GCA_013399515.1	Sylvietta virens
HLsyrMik1	NCBI	GCA_003435085.1	Syrmaticus mikado
HLtacRub1	NCBI	GCA_013396555.1	Tachuris rubrigastra
HLtaeGut4	NCBI	GCA_003957565.2	Taeniopygia guttata
HLtauEry1	NCBI	GCA_009769465.1	Tauraco erythrolophus
HLtetTet1	NCBI	GCA_009806455.1	Tetrax tetrax
HLtheCae1	NCBI	GCA_020745775.1	Theristicus caerulescens
HLthiOrb1	NCBI	GCA_013400375.1	Thinocorus orbignyianus
HLthrLud1	NCBI	GCA_013397245.1	Thryothorus ludovicianus
HLtodMex1	NCBI	GCA_013389965.1	Todus mexicanus
HLtoxRed1	NCBI	GCA_013397375.1	Toxostoma redivivum
HLtriLeu1	NCBI	GCA_013400475.1	Tricholaema leucomelas
HLtroMel1	NCBI	GCA_013399275.1	Trogon melanurus
HLtroSur1	NCBI	GCA_020746105.1	Trogon surrucura
HLturRuf1	NCBI	GCA_013186435.1	Turdus rufiventris
HLturVel1	NCBI	GCA_013400935.1	Turnix velox
HLtymCup1	NCBI	GCA_001870855.1	Tympanuchus cupido pinnatus
HLtyrSav1	NCBI	GCA_013399735.1	Tyrannus savana
HLtytAlb2	NCBI	GCA_902150015.1	Tyto alba alba
HLtytAlb3	NCBI	GCF_018691265.1	Tyto alba
HLupuEpo1	NCBI	GCA_013397515.1	Upupa epops
HLuriAal1	NCBI	GCA_013401055.1	Uria aalge
HLuriLom1	NCBI	GCA_002289315.1	Uria lomvia
HLuriPel1	NCBI	GCA_002173435.1	Phalacrocorax pelagicus
HLuroInd1	NCBI	GCA_013401255.1	Urocolius indicus
HLuroPyl1	NCBI	GCA_013397555.1	Urocynchramus pylzowi
HLvidCha1	NCBI	GCA_013398495.1	Vidua chalybeata
HLvidMac1	NCBI	GCA_013400395.1	Vidua macroura
HLvirAlt1	NCBI	GCA_013396875.1	Vireo altiloquus
HLwilVidNig1	NCBI	GCA_021164005.1	Willisornis vidua nigrigula
HLxipEle1	NCBI	GCA_013401175.1	Xiphorhynchus elegans
HLzosBor1	NCBI	GCA_007252995.1	Zosterops borbonicus
HLzosHyp1	NCBI	GCA_013399795.1	Zosterops hypoxanthus
HLzosJap1	NCBI	GCA_017612475.1	Zosterops japonicus
HLzosLat1	NCBI	GCA_001281735.1	Zosterops lateralis melanops
HLzosPal1	NCBI	GCA_007556475.1	Zosterops pallidus
acaChl1	NCBI	GCF_000695815.1	Acanthisitta chloris
amaVit1	NCBI	GCA_000332375.1	Amazona vittata
aptFor1	NCBI	GCF_000699145.1	Aptenodytes forsteri
aptMan1	NCBI	GCF_001039765.1	Apteryx mantelli mantelli
araMac1	NCBI	GCA_000400695.1	Ara macao
capCar1	NCBI	GCF_000700745.1	Antrostomus carolinensis
chaVoc2	NCBI	GCF_000708025.1	Charadrius vociferus
chlUnd1	NCBI	GCF_000695195.1	Chlamydotis macqueenii
colStr1	NCBI	GCF_000690715.1	Colius striatus
corBra1	NCBI	GCF_000691975.1	Corvus brachyrhynchos
cotJap2	NCBI	GCF_001577835.1	Coturnix japonica
cucCan1	NCBI	GCF_000709325.1	Cuculus canorus
egrGar1	NCBI	GCF_000687185.1	Egretta garzetta
eurHel1	NCBI	GCF_000690775.1	Eurypyga helias
falChe1	NCBI	GCF_000337975.1	Falco cherrug
falPer1	NCBI	GCF_000337955.1	Falco peregrinus
ficAlb2	NCBI	GCF_000247815.1	Ficedula albicollis
fulGla1	NCBI	GCF_000690835.1	Fulmarus glacialis
gavSte1	NCBI	GCF_000690875.1	Gavia stellata
geoFor1	NCBI	GCF_000277835.1	Geospiza fortis
halLeu1	NCBI	GCF_000737465.1	Haliaeetus leucocephalus
lepDis1	NCBI	GCF_000691785.1	Leptosomus discolor
melGal5	NCBI	GCF_000146605.2	Meleagris gallopavo
mesUni1	NCBI	GCF_000695765.1	Mesitornis unicolor
nipNip1	NCBI	GCF_000708225.1	Nipponia nippon
opiHoa1	NCBI	GCF_000692075.1	Opisthocomus hoazin
pelCri1	NCBI	GCF_000687375.1	Pelecanus crispus
phaCar1	NCBI	GCF_000708925.1	Phalacrocorax carbo
phaLep1	NCBI	GCF_000687285.1	Phaethon lepturus
pseHum1	NCBI	GCF_000331425.1	Pseudopodoces humilis
pygAde1	NCBI	GCF_000699105.1	Pygoscelis adeliae
strCam1	NCBI	GCF_000698965.1	Struthio camelus australis
tinGut2	NCBI	GCF_000705375.1	Tinamus guttatus
zonAlb1	NCBI	GCF_000385455.1	Zonotrichia albicollis
